QuestionText,CognitiveLevel,Category,Intent
أيهما أفضل الدراسة في السابق أم في الوقت الحالي؟,تقييم,التعليم,اختيار
أليس القطن عماد الثروة في مصر؟,معرفة,الاقتصاد والعمل,اختيار
أتصعد الشمس من الشرق؟,معرفة,التعليم,اختيار
أتعرف البكتيريا بأنها كائنات حية دقيقة؟,معرفة,التعليم,اختيار
أيتكون الهواء أساساً من النيتروجين؟,معرفة,التعليم,اختيار
أيفرز البنكرياس الأنسولين؟,معرفة,الصحة,اختيار
أيتكون الماء من الهيدروجين والأوكسجين؟,معرفة,التعليم,اختيار
أيوجد فيتامين سي في البرتقال؟,معرفة,الصحة,اختيار
أيتنفس السمك باستخدام الخياشيم؟,معرفة,التعليم,اختيار
أيمكن للنباتات أن تقوم بعملية البناء الضوئي؟,معرفة,التعليم,اختيار
أيتكون الذهب من عنصر واحد؟,معرفة,التعليم,اختيار
أيتكون الخشب من ألياف نباتية؟,معرفة,التعليم,اختيار
أيتغذى الأسد على اللحوم؟,معرفة,التعليم,اختيار
أيتكون الدم من خلايا حمراء وبيضاء؟,معرفة,الصحة,اختيار
أيتغذى النحل على رحيق الأزهار؟,معرفة,التعليم,اختيار
أيتكون اللبن من بروتينات ودهون؟,معرفة,التعليم,اختيار
أيمكن للحشرات أن تطير؟,معرفة,التعليم,اختيار
أيتغذى الدب القطبي على اللحوم؟,معرفة,التعليم,اختيار
أيتكون الزيت من دهون نباتية؟,معرفة,التعليم,اختيار
أيتكون السكر من جزيئات كربون وأوكسجين؟,معرفة,التعليم,اختيار
أيتكون الحجر الجيري من كربونات الكالسيوم؟,معرفة,التعليم,اختيار
أيتغذى الفيل على النباتات؟,معرفة,التعليم,اختيار
أيتكون الهواء من خليط من الغازات؟,معرفة,التعليم,اختيار
أيمكن للنمل أن يرفع أوزاناً تفوق وزنه؟,معرفة,التعليم,اختيار
أيتكون الزجاج من رمل السيليكا؟,معرفة,التعليم,اختيار
أيتطلب الحاسوب وجود تيار كهربائي؟,معرفة,التكنولوجيا,اختيار
أيمكن للطيور أن تعيش في الماء؟,معرفة,التعليم,اختيار
أيتغذى الحوت على الكائنات البحرية الصغيرة؟,معرفة,التعليم,اختيار
أيمكن للإنسان أن يعيش بدون قلب؟,معرفة,الصحة,اختيار
أيتغير لون أوراق الأشجار في الخريف؟,معرفة,التعليم,اختيار
أيمكن للضوء أن ينكسر عند مروره خلال الماء؟,معرفة,التعليم,اختيار
أيتكون الجليد عند درجات حرارة منخفضة؟,معرفة,التعليم,اختيار
أيتحكم الدماغ في جميع وظائف الجسم؟,معرفة,التعليم,اختيار
أيمكن للإنسان أن يسمع الأصوات من جميع الاتجاهات؟,معرفة,الصحة,اختيار
أيوجد الماء في حالات صلبة وسائلة وغازية؟,معرفة,التعليم,اختيار
أيمكن للإنسان أن يشعر بالحرارة والبرودة؟,معرفة,الصحة,اختيار
أيتكون الرمل من جزيئات صغيرة من الصخور؟,معرفة,التعليم,اختيار
أيتطلب النمو السليم للنباتات وجود ضوء الشمس؟,معرفة,التعليم,اختيار
أيمكن للإنسان أن يرى في الظلام؟,معرفة,التعليم,اختيار
أيمكن للإنسان أن يعيش على سطح القمر؟,معرفة,التعليم,اختيار
أيتكون الفحم من بقايا نباتية؟,معرفة,التعليم,اختيار
أيتغير لون السماء حسب الوقت من اليوم؟,معرفة,التعليم,اختيار
أيتحرك الهواء من مناطق الضغط العالي إلى المنخفض؟,معرفة,التعليم,اختيار
أيتطلب التنفس وجود الأوكسجين؟,معرفة,الصحة,اختيار
أيمكن للنباتات أن تنمو بدون ماء؟,معرفة,التعليم,اختيار
أيتغير لون البشرة بالتعرض للشمس؟,معرفة,الصحة,اختيار
أيتطلب التبخر وجود حرارة؟,معرفة,التعليم,اختيار
أيمكن للإنسان أن يعيش بدون نوم؟,معرفة,الصحة,اختيار
أيتغير لون السمك مع تغير البيئة؟,معرفة,التعليم,اختيار
أيتطلب النمو السليم للإنسان وجود غذاء متوازن؟,معرفة,الصحة,اختيار
أيتغير لون الثلج مع التلوث؟,معرفة,البيئة والطاقة,اختيار
أيمكن للإنسان أن يرى الأشياء بواسطة العيون؟,معرفة,الصحة,اختيار
هل سيدنا محمد (صلى الله عليه و سلم) هو أول المسلمين؟,معرفة,الدين,اختيار
هل يؤثم الحاكم الذي لا يحكم بما أنزل الله وشرّع؟,معرفة,الدين,اختيار
هل الماء يتجمد عند درجة حرارة صفر مئوية؟,معرفة,التعليم,اختيار
هل الشمس هي أقرب نجم إلى الأرض؟,معرفة,التعليم,اختيار
"هل نجيب محفوظ هو مؤلف رواية ""الأيام""؟",معرفة,الثقافة,اختيار
هل الزرافة هي أطول حيوان بري؟,معرفة,التعليم,اختيار
هل تعد اللغة الصينية من اللغات السامية؟,معرفة,الثقافة,اختيار
هل يُستخدم الذهب في صناعة الإلكترونيات؟,معرفة,التكنولوجيا,اختيار
هل تحتوي الخلية النباتية على جدار خلوي؟,معرفة,التعليم,اختيار
هل يمكن للحوت الأزرق أن يتنفس تحت الماء؟,معرفة,التعليم,اختيار
هل يمكن للبكتيريا أن تعيش في ظروف خالية من الأكسجين؟,معرفة,الصحة,اختيار
هل تُستخدم الخلايا الشمسية لتحويل الطاقة الشمسية إلى كهرباء؟,معرفة,التكنولوجيا,اختيار
هل تُعد الدلافين من الثدييات؟,معرفة,التعليم,اختيار
هل يمكن للإنسان أن يرى بالأشعة تحت الحمراء؟,معرفة,التعليم,اختيار
هل يُعتبر الفحم من الموارد المتجددة؟,معرفة,الاقتصاد والعمل,اختيار
هل نهر النيل هو أطول نهر في العالم؟,معرفة,التعليم,اختيار
هل يُستخدم الزئبق في موازين الحرارة التقليدية؟,معرفة,التكنولوجيا,اختيار
هل يُعتبر الزجاج موصل جيد للحرارة؟,معرفة,التعليم,اختيار
هل تعتبر الزهرة ثاني كوكب في النظام الشمسي؟,معرفة,التعليم,اختيار
هل يُستخدم الحديد في صناعة السيارات؟,معرفة,التكنولوجيا,اختيار
هل يُعتبر الزيتون من الفواكه؟,معرفة,الثقافة,اختيار
هل تُعد القهوة مشروباً يحتوي على الكافيين؟,معرفة,الثقافة,اختيار
هل يمكن للحيوانات البرمائية أن تعيش في الماء وعلى اليابسة؟,معرفة,التعليم,اختيار
هل تُستخدم الألياف البصرية لنقل البيانات؟,معرفة,التكنولوجيا,اختيار
هل يُعد الكتاب المقدس أقدم نص ديني معروف؟,معرفة,الدين,اختيار
هل تُعتبر الماس من الأحجار الكريمة؟,معرفة,الثقافة,اختيار
هل يُستخدم الفلين في صناعة الزجاجات؟,معرفة,التكنولوجيا,اختيار
هل تُعد الحيتان من الأسماك؟,معرفة,التعليم,اختيار
هل يمكن للنباتات أن تنمو بدون ضوء الشمس؟,معرفة,التعليم,اختيار
هل يُعتبر الذهب أثقل من الحديد؟,معرفة,التعليم,اختيار
هل تُستخدم الحواسيب في التنبؤ بحالة الطقس؟,معرفة,التكنولوجيا,اختيار
هل يُعد الزيت النباتي مصدراً للطاقة المتجددة؟,معرفة,التكنولوجيا,اختيار
هل تُعتبر النملة من الحشرات؟,معرفة,التعليم,اختيار
هل يمكن للإنسان أن يسمع الأصوات ذات التردد العالي جداً؟,معرفة,الصحة,اختيار
هل يُعد البحر الأحمر من الممرات البحرية الهامة؟,معرفة,الجغرافيا,اختيار
هل تُعتبر القارة الأفريقية الأكبر من حيث المساحة؟,معرفة,التعليم,اختيار
هل يُستخدم الصوديوم في صناعة الملح؟,معرفة,التكنولوجيا,اختيار
هل تُعد الأشجار مصدراً للأوكسجين؟,معرفة,البيئة والطاقة,اختيار
هل يمكن للأفاعي أن تسمع الأصوات؟,معرفة,التعليم,اختيار
هل يُعد الكمبيوتر من الأدوات الحديثة؟,معرفة,التكنولوجيا,اختيار
هل تُعتبر الدببة من الحيوانات اللاحمة؟,معرفة,التعليم,اختيار
هل يُستخدم السيليكون في صناعة الرقائق الإلكترونية؟,معرفة,التكنولوجيا,اختيار
هل تُعتبر النباتات مصدر غذاء رئيسي للحيوانات العاشبة؟,معرفة,البيئة والطاقة,اختيار
هل تُعد الألماس من المعادن؟,معرفة,التعليم,اختيار
هل كان لأرسطو تأثير كبير على الفلسفة الغربية؟,معرفة,الثقافة,اختيار
هل يمكن للإنسان أن يعيش بدون كبد؟,معرفة,الصحة,اختيار
هل يعتبر الأوكسجين ضرورياً لعملية التنفس؟,معرفة,الصحة,اختيار
هل يمكن للإنسان أن يتذوق الطعام بدون لسان؟,معرفة,الصحة,اختيار
هل يمكن للإنسان أن يعيش بدون غذاء لفترة طويلة؟,معرفة,الصحة,اختيار
هل تُستخدم الفيتامينات في تعزيز الصحة العامة؟,معرفة,الصحة,اختيار
هل يمكن للإنسان أن يتنفس في الفضاء بدون معدات؟,معرفة,التعليم,اختيار
هل يمكن للإنسان أن يرى الأشياء بدون الضوء؟,معرفة,التعليم,اختيار
هل يتناول الدجاج نوعًا معينًا من الطعام؟,معرفة,الصحة,اختيار
هل لدى الدجاج نظام غذائي محدد؟,معرفة,الصحة,اختيار
هل كانت جهود المرأة من أجل المساواة في الحقوق أثناء الحركة النسائية ناجحة؟,فهم,السياسة والقانون,اختيار
هل هناك علاقة بين الخوف أو الاضطرابات النفسية والشيب؟,فهم,الصحة,اختيار
هل كانت الأشرطة قابلة للاستعاده والمعالجة دون تدمير المشروعية التاريخية أم أن بعض جوانب الأشرطة فقدت مشروعيتها؟,معرفة,التكنولوجيا,اختيار
هل كانت الأشرطة المستعادة قابلة لإضافة لون إليها لتحسين الصورة أم أنها بقيت بالأبيض والأسود؟,معرفة,التكنولوجيا,اختيار
هل انضمّت النرويج بالنهاية إلى الاتحاد الأوروبي سنة 1972؟,معرفة,السياسة والقانون,اختيار
هل حقق الأردن الاكتفاء الذاتي في زيت الزيتون؟,فهم,السياسة والقانون,اختيار
هل تعد الطماطم من أهم صادرات الأردن الزراعية؟,معرفة,السياسة والقانون,اختيار
هل تم قبول فكرة الصرفة بشكل واسع بين العلماء المسلمين؟,فهم,الدين,اختيار
هل يمكن لأي شخص أن يأتي بمثل القرآن وفقًا للمعتقد الإسلامي؟,فهم,الدين,اختيار
هل قبل العلماء المسلمون فكرة الصرفة بالإجماع؟,فهم,الدين,اختيار
هل يمكن للمواد المسرطنة أن تؤدي إلى موت الخلايا؟,معرفة,الصحة,اختيار
هل ارتفعت قيمة الصادرات الزراعية في عام 2006؟,معرفة,السياسة والقانون,اختيار
هل يمتلك الأردن حصة فردية من موارد المياه المتجددة تعد من أدنى الحصص في العالم؟,فهم,السياسة والقانون,اختيار
هل تعرض التاريخ الإسلامي لغزو فكري؟,معرفة,التاريخ,اختيار
هل كانت الجزيرة العربية قبل ظهور الإسلام مجموعة من القبائل العربية؟,فهم,التاريخ,اختيار
هل يشمل التاريخ الإسلامي الفترة الأموية؟,معرفة,التاريخ,اختيار
هل تختلف وجهات نظر المحللين في تفسير التاريخ الإسلامي؟,فهم,التاريخ,اختيار
هل جمع زيد بن ثابت القرآن في عهد أبي بكر؟,معرفة,التاريخ,اختيار
هل تمت توسعة المسجد النبوي في عهد عثمان؟,معرفة,التاريخ,اختيار
هل جمع زيد بن ثابت القرآن في عهد أبي بكر؟,معرفة,التاريخ,اختيار
هل تمت توسعة المسجد النبوي في عهد عثمان؟,معرفة,التاريخ,اختيار
هل قاتل المسلمون ضد المرتدين في عهد أبي بكر؟,معرفة,التاريخ,اختيار
هل استطاع المسلمون فتح القدس؟,معرفة,التاريخ,اختيار
هل قام زيد بن ثابت بجمع القرآن في عهد أبي بكر؟,معرفة,التاريخ,اختيار
هل استطاع المسلمون فتح القدس؟,معرفة,التاريخ,اختيار
هل كانت خلافة عبد الملك بن مروان مليئة بالفتن والانقسامات؟,معرفة,التاريخ,اختيار
هل أسس الفاطميون الجامع الأزهر؟,معرفة,التاريخ,اختيار
هل البوسنة والهرسك عضوا في منظمة المؤتمر الإسلامي؟,معرفة,السياسة والقانون,اختيار
هل خضعت معظم أنحاء العالم الإسلامي للاحتلال الأوروبي؟,فهم,التاريخ,اختيار
هل يمكن أن يكون الذكاء الاصطناعي خطيرًا إذا لم يتم التحكم فيه؟,تطبيق,التكنولوجيا,اختيار
الهمزة: هل تتوقع أن يتغير التعليم التقليدي في المستقبل؟,تحليل,التعليم,اختيار
هل يمكن أن تؤدي الطاقة المتجددة إلى استبدال الوقود الأحفوري بالكامل؟,تحليل,البيئة والطاقة,اختيار
هل يمكن أن يحل التعليم عن بُعد محل التعليم التقليدي؟,تحليل,التعليم,اختيار
هل يمكن أن يحل الذكاء الاصطناعي محل الإنسان في جميع الوظائف؟,تحليل,التكنولوجيا,اختيار
هل يمكن للذكاء الاصطناعي تحسين الرعاية الصحية؟,تحليل,الصحة,اختيار
هل يمكن أن يؤدي الابتكار إلى تحسين الاقتصاد الوطني؟,تحليل,الاقتصاد والعمل,اختيار
هل يمكن للتكنولوجيا أن تحل جميع مشاكل الإنسان؟,تحليل,التكنولوجيا,اختيار
هل يمكن أن يحسن استخدام التكنولوجيا الإنتاجية في العمل؟,تقييم,التكنولوجيا,اختيار
هل يمكن للروبوتات أن تحل محل البشر في مجالات العمل الإبداعية؟,تحليل,التكنولوجيا,اختيار
هل يمكن أن تسهم الفنون في تعزيز الحوار بين الثقافات؟,تقييم,الثقافة,اختيار
هل يمكن للذكاء الاصطناعي أن يحل محل البشر في جميع الوظائف؟,تحليل,التكنولوجيا,اختيار
هل يمكن للبشرية التعايش مع الذكاء الاصطناعي بدون مشاكل؟,تحليل,التكنولوجيا,اختيار
هل يمكن الاستغناء عن الطاقة النووية في المستقبل؟,تحليل,البيئة والطاقة,اختيار
هل يمكن تحقيق التوازن بين التطور الصناعي والحفاظ على البيئة؟,تحليل,البيئة والطاقة,اختيار
هل يمكن للذكاء الاصطناعي أن يحل محل البشر في الوظائف؟,تحليل,التكنولوجيا,اختيار
هل يمكن الاعتماد على الطاقة الشمسية كمصدر رئيسي للطاقة؟,تحليل,البيئة والطاقة,اختيار
هل يمكن تحقيق الاستدامة البيئية بدون تكنولوجيا حديثة؟,تحليل,البيئة والطاقة,اختيار
هل يمكن استخدام الطاقة النووية بشكل آمن؟,تحليل,البيئة والطاقة,اختيار
ما الذي يتجمد أسرع الماء الساخن أم البارد؟,معرفة,العلوم,اختيار
استنتج بعض المخاطر التي يواجهها القطاع الزراعي في الأردن.,فهم,السياسة والقانون,استدلال
استنتج التحديات التي يواجهها الأردن في معادلة السكان وموارد المياه.,معرفة,السياسة والقانون,استدلال
استنتج بعض الوسائل الغربية لتشويه التاريخ الإسلامي.,فهم,التاريخ,استدلال
استنتج الأهمية التي يمثلها التاريخ الإسلامي للمسلمين.,فهم,التاريخ,استدلال
استنتج الأهمية الاقتصادية لفتح بلاد فارس.,معرفة,التاريخ,استدلال
استنتج الأهمية الاقتصادية لفتح بلاد فارس.,فهم,التاريخ,استدلال
استنتج لماذا رفض أبو الحسن الرماني فكرة الصرفة.,فهم,الدين,استدلال
استنتج النتيجة المتوقعة للتغيرات المناخية على النظم البيئية.,فهم,الصحة,استدلال
"استنتج القاعدة العامة لسلسلة فيبوناتشي عندما n يكون أكبر من 2، إذا كان F(n) = F(n-1) + F(n-2)، و F(1) = 1، و F(2) = 1.",فهم,التعليم,استدلال
"استنتج العلاقة بين الكتلة والتسارع استنادًا إلى القانون الثاني لنيوتن في الحركة، الذي ينص على F = ma.",فهم,التعليم,استدلال
استنتج ماذا يمكن أن يحدث إذا استمر الاحترار العالمي بالارتفاع.,فهم,البيئة والطاقة,استدلال
استنتج العواقب المحتملة لارتفاع مستوى البحار بسبب التغير المناخي.,فهم,البيئة والطاقة,استدلال
استنتج ماذا سيحدث إذا توقفت الأمطار في منطقة زراعية لعدة سنوات.,فهم,البيئة والطاقة,استدلال
استنتج تأثير زيادة استخدام السيارات الكهربائية على البيئة.,فهم,البيئة والطاقة,استدلال
استنتج تأثير الانقراض الجماعي على التنوع البيولوجي.,فهم,البيئة والطاقة,استدلال
استنتج ماذا يمكن أن يحدث إذا استمرت معدلات البطالة في الارتفاع.,فهم,الاقتصاد والعمل,استدلال
استنتج التأثير المحتمل لنمو التجارة الإلكترونية على المتاجر التقليدية.,فهم,الاقتصاد والعمل,استدلال
استنتج التأثير المحتمل لزيادة استخدام السيارات الكهربائية على استهلاك الوقود الأحفوري.,فهم,البيئة والطاقة,استدلال
استنتج التأثير المحتمل لارتفاع درجة حرارة الأرض على التنوع البيولوجي.,فهم,البيئة والطاقة,استدلال
استنتج كيف يؤثر الاحتباس الحراري على مستويات البحار.,فهم,البيئة والطاقة,استدلال
استنتج تأثيرات التغير المناخي على الزراعة.,فهم,البيئة والطاقة,استدلال
استنتج كيف يؤثر التلوث الضوئي على الكائنات الحية.,فهم,البيئة والطاقة,استدلال
استنتج كيف يمكن أن تؤثر تغييرات المناخ على النظم البيئية البحرية.,فهم,البيئة والطاقة,استدلال
استنتج كيف يؤثر التوسع العمراني على الحياة البرية.,فهم,البيئة والطاقة,استدلال
استنتج كيف يمكن للتكنولوجيا أن تحسن من الرعاية الصحية.,فهم,الصحة,استدلال
استنتج أثر التعليم على التنمية الاقتصادية.,فهم,التعليم,استدلال
"اعرب كلمة ""الدرس"" في الجملة التالية: ""المعلم يشرح الدرس.""",تطبيق,التعليم,إعراب
"اعرب الجملة الآتية: ""أنا أقرأ كتابًا ممتعًا"".",تطبيق,التعليم,إعراب
"اعربْ الجملةَ التاليةَ: ""الطالبُ مجتهدٌ.""",تطبيق,التعليم,إعراب
"اعربْ الجملةَ التاليةَ: ""الأمُ تهتمُ بأطفالِها.""",تطبيق,التعليم,إعراب
"اعربْ الجملةَ التاليةَ: ""الكتابُ على الطاولةِ.""",تطبيق,التعليم,إعراب
"اعربْ الجملةَ التاليةَ: ""يذهبُ الطالبُ إلى المدرسةِ.""",تطبيق,التعليم,إعراب
"اعربْ الجملةَ التاليةَ: ""السماءُ صافيةٌ.""",تطبيق,التعليم,إعراب
"اعربْ الجملةَ التاليةَ: ""الطائرةُ تقلعُ في الصباحِ.""",تطبيق,التعليم,إعراب
"اعربْ الجملةَ التاليةَ: ""القلمُ جديدٌ.""",تطبيق,التعليم,إعراب
"اعربْ الجملةَ التاليةَ: ""المعلمُ يشرحُ الدرسَ.""",تطبيق,التعليم,إعراب
"اعربْ الجملةَ التاليةَ: ""الأطفالُ يلعبونَ في الحديقةِ.""",تطبيق,التعليم,إعراب
"اعربْ الجملةَ التاليةَ: ""السيارةُ سريعةٌ.""",تطبيق,التعليم,إعراب
"اعربْ الجملةَ التاليةَ: ""الطيورُ تغني في الصباحِ.""",تطبيق,التعليم,إعراب
"اعربْ الجملةَ التاليةَ: ""الكتابُ مفيدٌ.""",تطبيق,التعليم,إعراب
"اعربْ الجملةَ التاليةَ: ""البحرُ هادئٌ.""",تطبيق,التعليم,إعراب
"اعربْ الجملةَ التاليةَ: ""الشمسُ مشرقةٌ.""",تطبيق,التعليم,إعراب
"اعربْ الجملةَ التاليةَ: ""العصفورُ يطيرُ في السماءِ.""",تطبيق,التعليم,إعراب
"اعربْ الجملةَ التاليةَ: ""البستانُ جميلٌ.""",تطبيق,التعليم,إعراب
"اعربْ الجملةَ التاليةَ: ""القطةُ تلعبُ بالكرةِ.""",تطبيق,التعليم,إعراب
"اعربْ الجملةَ التاليةَ: ""الوردةُ حمراءٌ.""",تطبيق,التعليم,إعراب
"اعربْ الجملةَ التاليةَ: ""الماءُ باردٌ.""",تطبيق,التعليم,إعراب
"اعربْ الجملةَ التاليةَ: ""الأشجارُ خضراءٌ.""",تطبيق,التعليم,إعراب
"اعربْ الجملةَ التاليةَ: ""الطفلُ يضحكُ.""",تطبيق,التعليم,إعراب
"اعربْ الجملةَ التاليةَ: ""الأمُ تهتمُ بأطفالِها.""",تطبيق,التعليم,إعراب
"اعربْ الجملةَ التاليةَ: ""المعلمُ يشرحُ الدرسَ.""",تطبيق,التعليم,إعراب
"اعربْ الجملة التالية: ""أكلَ الولدُ التفاحةَ.""",تطبيق,التعليم,إعراب
"اعربْ الجملة التالية: ""يذهبُ الطالبُ إلى المدرسةِ.""",تطبيق,التعليم,إعراب
"اعربْ الجملة التالية: ""قرأتُ الكتابَ بسرعةٍ.""",تطبيق,التعليم,إعراب
"اعربْ الجملة التالية: ""يعملُ المهندسُ في المشروعِ.""",تطبيق,التعليم,إعراب
"اعرب الجملة التالية: ""نجحَ الطالبُ بفضلِ جهدهِ.""",تطبيق,التعليم,إعراب
"اعرب الجملة التالية: ""العلم نور.""",تطبيق,الثقافة,إعراب
"اعرب الجملة: ""الكتاب مفيد للطلاب.""",تطبيق,الثقافة,إعراب
"اعرب الجملة: ""النجاح في العمل يعتمد على التعاون.""",تطبيق,الثقافة,إعراب
"اعرب الجملة التالية: ""القراءة مفيدة للعقل.""",تطبيق,الثقافة,إعراب
"اعرب الجملة: ""الطالب المجتهد يحقق النجاح.""",تطبيق,الثقافة,إعراب
"اعرب الجملة: ""المعلم يشرح الدرس بوضوح.""",تطبيق,الثقافة,إعراب
"اعرب الجملة التالية: ""العلم نور.""",تطبيق,الثقافة,إعراب
"اعرب الجملة: ""العلماء يدرسون الظواهر الطبيعية.""",تطبيق,الثقافة,إعراب
"اعرب الجملة التالية: ""الطلاب يحضرون الدروس بانتظام.""",تطبيق,الثقافة,إعراب
"اعرب الجملة التالية: ""الأطفال يلعبون في الحديقة.""",تطبيق,الثقافة,إعراب
"اعرب جملة ""الطالب مجتهد.""",فهم,الثقافة,إعراب
"اعرب جملة ""الطالب ناجح.""",فهم,الثقافة,إعراب
"اعرب جملة ""الكتاب مفيد.""",فهم,الثقافة,إعراب
"اعرب جملة ""العلم نور.""",فهم,الثقافة,إعراب
ما هي الأوقات المثلى لبدء مشروع تجاري صغير؟,تطبيق,الاقتصاد والعمل,اقتراح
أيان يجب على الشركات الناشئة مراجعة استراتيجياتها المالية؟,تطبيق,الاقتصاد والعمل,اقتراح
أيان يُفضل البدء في تحليل البيانات المالية للشركات الكبرى؟,تطبيق,الاقتصاد والعمل,اقتراح
أيان يجب على الشركات الصغيرة تحديد أهدافها المالية للعام القادم؟,تطبيق,الاقتصاد والعمل,اقتراح
أيان يُفضل القيام بمراجعات دورية لخطة العمل التجارية؟,تطبيق,الاقتصاد والعمل,اقتراح
أيان يجب على رواد الأعمال البدء في وضع استراتيجيات التسويق الرقمي؟,تطبيق,الاقتصاد والعمل,اقتراح
أي من الأنظمة التالية هو الأكثر فعالية في إدارة البيانات الكبيرة؟,تحليل,التكنولوجيا,اقتراح
"أي من التطبيقات التالية هو الأكثر أمانًا لحماية البيانات الشخصية: Signal، ProtonMail، LastPass؟",تحليل,التكنولوجيا,اقتراح
أنى لك أن تجد أفضل الموارد لدراسة الفلسفة الإسلامية؟,معرفة,الثقافة,اقتراح
أنى يُمكنك العثور على أفضل الموارد لبدء دراسة الفلسفة الشرقية؟,معرفة,الثقافة,اقتراح
أنى يمكن للطلاب الوصول إلى مواد الفلسفة الحديثة؟,معرفة,الثقافة,اقتراح
أين تجد أفضل الفرص لتوسيع الأعمال التجارية في السوق العالمية؟,تطبيق,الاقتصاد والعمل,اقتراح
أنى يمكنك العثور على أفضل المصادر لدراسة الفلسفة الحديثة؟,معرفة,الثقافة,اقتراح
اقترح وسيلة للتخفيف من ازدحام المرور في المدينة.,تركيب,السياسة والقانون,اقتراح
اقترح نشاطًا ترفيهيًا لقضاء عطلة نهاية الأسبوع.,تركيب,الترفيه,اقتراح
اقترح موضوعًا للبحث العلمي في مجال الطاقة المتجددة.,تركيب,التكنولوجيا,اقتراح
اقترحْ طريقةً لتحسينِ التعليم.,تركيب,التعليم,اقتراح
اقترحْ نشاطًا لوقتِ الفراغ.,تركيب,الثقافة,اقتراح
اقترحْ نشاطًا للأصدقاء.,تركيب,الثقافة,اقتراح
اقترحْ نشاطًا للمشاركةِ المجتمعية.,تركيب,الثقافة,اقتراح
اقترحْ نشاطًا رياضيًا.,تركيب,الرياضة,اقتراح
اقترحْ نشاطًا رياضيًا جديدًا.,تركيب,الرياضة,اقتراح
اقترحْ نشاطًا لتنميةِ الذكاء.,تركيب,التعليم,اقتراح
اقترحْ نشاطًا لتنميةِ المهارات.,تركيب,التعليم,اقتراح
اقترحْ نشاطًا لتنميةِ المهاراتِ اليدوية.,تركيب,الثقافة,اقتراح
اقترحْ كتابًا للقراءة.,تركيب,الثقافة,اقتراح
اقترحْ كتابًا للتعلم.,تركيب,التعليم,اقتراح
اقترحْ كتابًا للقراءةِ في وقتِ الفراغ.,تركيب,الثقافة,اقتراح
اقترحْ كتابًا للأطفال.,تركيب,الثقافة,اقتراح
اقترحْ فيلمًا للمشاهدة.,تركيب,الترفيه,اقتراح
اقترحْ فيلمًا للعرض.,تركيب,الترفيه,اقتراح
اقترحْ طريقةً لتحسينِ الصحة.,تركيب,الصحة,اقتراح
اقترحْ وسيلةً للاسترخاء.,تركيب,الصحة,اقتراح
اقترحْ طريقةً لتحسينِ النوم.,تركيب,الصحة,اقتراح
اقترحْ طريقةً لتحسينِ الصحةِ النفسية.,تركيب,الصحة,اقتراح
اقترحْ مكانًا للاسترخاءِ النفسي.,تركيب,الصحة,اقتراح
اقترحْ وجهةً للسفر.,تركيب,السفر والسياحة,اقتراح
اقترحْ مشروعًا للتطوع.,تركيب,التطوع,اقتراح
اقترحْ مشروعًا لتنميةِ المجتمع.,تركيب,البيئة والطاقة,اقتراح
اقترحْ مكانًا للسياحة.,تركيب,السفر والسياحة,اقتراح
اقترحْ مكانًا لقضاءِ العطلات.,تركيب,السفر والسياحة,اقتراح
اقترحْ مكانًا للسياحةِ الثقافية.,تركيب,السفر والسياحة,اقتراح
اقترحْ طريقةً للتوفيرِ في المال.,تركيب,الاقتصاد والعمل,اقتراح
اقترحْ وسيلةً للتعلمِ الذاتي.,تركيب,التعليم,اقتراح
اقترحْ طريقةً لتنظيمِ الوقت.,تركيب,التعليم,اقتراح
اقترحْ هوايةً جديدة.,تركيب,الثقافة,اقتراح
اقترحْ طريقةً لتعلمِ اللغات.,تركيب,التعليم,اقتراح
اقترحْ وسيلةً لتحسينِ العلاقات.,تركيب,الثقافة,اقتراح
اقترحْ وسيلةً لتحسينِ العلاقاتِ الاجتماعية.,تركيب,الثقافة,اقتراح
اقترحْ وسيلةً للتعلمِ الإلكتروني.,تركيب,التعليم,اقتراح
اقترحْ مشروعًا للعملِ الحر.,تركيب,الاقتصاد والعمل,اقتراح
اقترحْ طريقةً لتحسينِ المهارات.,تركيب,التعليم,اقتراح
اقترحْ طريقةً لتحسينِ الذات.,تركيب,التعليم,اقتراح
اقترحْ وسيلةً لتحسينِ اللياقةِ البدنية.,تركيب,الصحة,اقتراح
اقترحْ طريقةً لتحسينِ القراءة.,تركيب,التعليم,اقتراح
اقترحْ موضوعًا للكتابة.,تركيب,الثقافة,اقتراح
اقترحْ موضوعًا للنقاش.,تركيب,الثقافة,اقتراح
اقترحْ حلاً لمشكلة البطالة.,تركيب,الاقتصاد والعمل,اقتراح
اقترحْ خطة لتحسين التعليم.,تركيب,التعليم,اقتراح
اقترحْ أفكارًا لمشروع بيئي.,تركيب,البيئة والطاقة,اقتراح
اقترحْ استراتيجيات لتحسين الاقتصاد.,تركيب,الاقتصاد والعمل,اقتراح
اقترحْ برامج لتطوير المهارات المهنية.,تركيب,التعليم,اقتراح
اقترحْ خطة لتحسين التعليم في المدارس.,تركيب,التعليم,اقتراح
اقترحْ أفكارًا لمشروع بيئي.,تركيب,البيئة والطاقة,اقتراح
اقترحْ استراتيجيات لتحسين الاقتصاد المحلي.,تركيب,الاقتصاد والعمل,اقتراح
اقترحْ برامج لتطوير المهارات المهنية.,تركيب,التعليم,اقتراح
اقترحْ حلولاً لمشكلة البطالة.,تركيب,الاقتصاد والعمل,اقتراح
اقترحْ أنشطة لتنمية القراءة عند الأطفال.,تركيب,التعليم,اقتراح
اقترحْ أفكارًا لتطوير السياحة المحلية.,تركيب,السفر والسياحة,اقتراح
اقترحْ استراتيجيات لتعزيز الصحة العامة.,تركيب,الصحة,اقتراح
اقترحْ حلولاً لمشكلة التلوث البيئي.,تركيب,البيئة والطاقة,اقتراح
اقترحْ أفكارًا لتحسين وسائل النقل العام.,تركيب,التكنولوجيا,اقتراح
اقترحْ برامج لتعزيز الفنون في المجتمع.,تركيب,الثقافة,اقتراح
اقترحْ أنشطة لتشجيع الرياضة في المدارس.,تركيب,التعليم,اقتراح
اقترحْ استراتيجيات لدعم المشاريع الصغيرة.,تركيب,الاقتصاد والعمل,اقتراح
اقترحْ حلولاً لمشكلة الفقر في المجتمع.,تركيب,الثقافة,اقتراح
اقترحْ أفكارًا لتعزيز التعاون الدولي.,تركيب,السياسة والقانون,اقتراح
اقترحْ برامج لتشجيع الابتكار في العمل.,تركيب,التكنولوجيا,اقتراح
اقترحْ استراتيجيات لتحسين جودة الحياة.,تركيب,الثقافة,اقتراح
اقترحْ حلولاً لمشكلة التغير المناخي.,تركيب,البيئة والطاقة,اقتراح
اقترحْ أفكارًا لتطوير التعليم الإلكتروني.,تركيب,التعليم,اقتراح
اقترحْ برامج لتعزيز العدالة الاجتماعية.,تركيب,الثقافة,اقتراح
اقترحْ أنشطة لتعزيز التواصل بين الثقافات.,تركيب,الثقافة,اقتراح
اقترحْ استراتيجيات لدعم الفئات المهمشة.,تركيب,الثقافة,اقتراح
اقترحْ حلولاً لمشكلة الإسكان.,تركيب,الثقافة,اقتراح
اقترحْ أفكارًا لتحسين البنية التحتية.,تركيب,التكنولوجيا,اقتراح
اقترحْ برامج لتطوير المهارات القيادية.,تركيب,التعليم,اقتراح
اقترحْ استراتيجيات لدعم البحث العلمي.,تركيب,العلوم,اقتراح
اقترحْ حلولاً لمشكلة الهجرة.,تركيب,السياسة والقانون,اقتراح
اقترحْ أفكارًا لتعزيز التعليم المهني.,تركيب,التعليم,اقتراح
اقترحْ برامج لتشجيع العمل التطوعي.,تركيب,التطوع,اقتراح
اقترحْ استراتيجيات لتحسين النظام الصحي.,تركيب,الصحة,اقتراح
اقترحْ حلولاً لمشكلة الجريمة في المجتمع.,تركيب,الثقافة,اقتراح
اقترحْ أفكارًا لتعزيز الثقافة المحلية.,تركيب,الثقافة,اقتراح
اقترحْ برامج لدعم الشباب.,تركيب,الثقافة,اقتراح
اقترحْ استراتيجيات لتحسين الأمن الغذائي.,تركيب,البيئة والطاقة,اقتراح
اقترحْ حلولاً لمشكلة نقص المياه.,تركيب,البيئة والطاقة,اقتراح
اقترحْ أفكارًا لتطوير الفنون الجميلة.,تركيب,الثقافة,اقتراح
اقترحْ برامج لتعزيز البحث العلمي.,تركيب,العلوم,اقتراح
اقترحْ استراتيجيات لتحسين النظام التعليمي.,تركيب,التعليم,اقتراح
أنى يمكن للأشخاص الوقاية من الإصابة بأمراض العين؟,فهم,الصحة,اقتراح
أنى يمكن للأشخاص الحفاظ على صحة الجهاز الهضمي؟,فهم,الصحة,اقتراح
بمَ يُنصح للتغلب على التوتر؟,تطبيق,الصحة,اقتراح
ما أفضل الكتب التي تُوصي بقراءتها لفهم الفلسفة الحديثة؟,معرفة,الثقافة,اقتراح
ما هي الطرق المثلى للترويج للمنتجات الفلسفية في العصر الحديث؟,تطبيق,الثقافة,اقتراح
ما هي أفضل النصائح لنجاح شركة تجارية صغيرة؟,تطبيق,الاقتصاد والعمل,اقتراح
كيف يمكنك تحسين الأمان السيبراني للشركات الصغيرة؟,تطبيق,التكنولوجيا,اقتراح
كيف يمكن استخدام الذكاء الاصطناعي لتحسين جودة الرعاية الصحية؟,تطبيق,الصحة,اقتراح
كيف يمكن للتكنولوجيا الحديثة تقليل تأثير التغير المناخي؟,تطبيق,التكنولوجيا,اقتراح
كيف تؤثر البيانات الضخمة على استراتيجيات التسويق الحديثة؟,تحليل,التكنولوجيا,اقتراح
كيف يمكن للشركات الصغيرة المنافسة في السوق العالمية؟,تطبيق,التكنولوجيا,اقتراح
كيف يمكن استخدام تحليل البيانات لتحسين تجربة المستخدم؟,تطبيق,التكنولوجيا,اقتراح
كيف يمكن لتقنيات الذكاء الاصطناعي تحسين التشخيص الطبي؟,تطبيق,الصحة,اقتراح
كيف يمكن تحسين جودة الهواء في المدن الكبرى؟,تحليل,البيئة والطاقة,اقتراح
بم يمكن تحسين كفاءة إنتاج الطاقة المتجددة؟,تحليل,البيئة والطاقة,اقتراح
اقترح طرقًا لزيادة الوعي بأهمية الحفاظ على البيئة.,تطبيق,البيئة والطاقة,اقتراح
كيف يمكن تحسين إدارة الوقت في بيئة العمل؟,تطبيق,الاقتصاد والعمل,اقتراح
بم يمكن تحسين جودة التعليم في المدارس الحكومية؟,تطبيق,التعليم,اقتراح
كيف يمكن تقليل استهلاك الطاقة في المنازل؟,تطبيق,البيئة والطاقة,اقتراح
كيف يمكن تقليل التلوث البيئي في المدن الكبرى؟,تطبيق,البيئة والطاقة,اقتراح
كيف يمكن تحسين جودة الهواء في المدن الصناعية؟,تطبيق,البيئة والطاقة,اقتراح
ما هي الخطوات الأساسية لتحسين الأمن السيبراني في المؤسسات؟,تطبيق,التكنولوجيا,اقتراح
كيف يمكن تحسين كفاءة استهلاك الطاقة في المباني السكنية؟,تطبيق,البيئة والطاقة,اقتراح
كيف يمكن تقليل استهلاك المياه في الزراعة؟,تطبيق,البيئة والطاقة,اقتراح
بم يمكن علاج التوتر النفسي؟,تطبيق,الصحة,اقتراح
كيف يمكن للمدن الذكية تحسين جودة الحياة؟,تطبيق,التكنولوجيا,اقتراح
كيف يمكن تحسين الصحة العامة في المجتمعات الفقيرة؟,تطبيق,الصحة,اقتراح
كيف يمكن تحسين جودة التعليم في المدارس الابتدائية؟,تطبيق,التعليم,اقتراح
كيف يمكن تعزيز القراءة لدى الأطفال في سن مبكرة؟,تطبيق,التعليم,اقتراح
كيف يمكن تحسين الأمان على الإنترنت؟,تطبيق,التكنولوجيا,اقتراح
بم يمكن تحسين صحة القلب؟,تطبيق,الصحة,اقتراح
كيف يمكن تحسين فعالية التواصل في مكان العمل؟,تطبيق,الاقتصاد والعمل,اقتراح
كيف يمكن تعزيز دور المرأة في القيادة؟,تطبيق,الاقتصاد والعمل,اقتراح
فيم تكمن أهمية التعليم في المجتمع؟,تحليل,التعليم,اقتراح
كيف يمكن الحفاظ على التنوع البيولوجي؟,تطبيق,البيئة والطاقة,اقتراح
كيف يمكن تقليل التلوث في المدن الصناعية؟,تطبيق,البيئة والطاقة,اقتراح
فيم تكمن أهمية التعليم العالي؟,تحليل,التعليم,اقتراح
كيف يمكن تطوير مهارات التفكير النقدي لدى الطلاب؟,تطبيق,التعليم,اقتراح
كيف يمكن تحسين كفاءة استخدام المياه في الزراعة؟,تطبيق,البيئة والطاقة,اقتراح
بم يمكن علاج فقر الدم؟,تطبيق,الصحة,اقتراح
كيف يمكن تحسين جودة الهواء في المدن المزدحمة؟,تطبيق,البيئة والطاقة,اقتراح
فيم تكمن أهمية حقوق الإنسان؟,تحليل,السياسة والقانون,اقتراح
كيف يمكن تقليل الفجوة الرقمية بين الأجيال؟,تطبيق,التكنولوجيا,اقتراح
كيف يمكن تقليل استهلاك الطاقة في المنازل؟,تطبيق,البيئة والطاقة,اقتراح
فيم تكمن أهمية الحوكمة الرشيدة في المؤسسات؟,تحليل,الاقتصاد والعمل,اقتراح
كيف يمكن تقليل انبعاثات الكربون في الصناعة؟,تطبيق,البيئة والطاقة,اقتراح
فيم تكمن أهمية الحفاظ على الموارد الطبيعية؟,تحليل,البيئة والطاقة,اقتراح
كيف يمكن تحسين النظام التعليمي في الدول النامية؟,تطبيق,التعليم,اقتراح
كيف يمكن تحسين الإنتاجية في مكان العمل؟,تطبيق,الاقتصاد والعمل,اقتراح
بم يمكن معالجة التلوث البحري؟,تطبيق,البيئة والطاقة,اقتراح
فيم تكمن أهمية الابتكار في مجال التكنولوجيا؟,تحليل,التكنولوجيا,اقتراح
بم يمكن تقليل استهلاك الطاقة في المباني؟,تطبيق,البيئة والطاقة,اقتراح
فيم تكمن أهمية البحث العلمي في الجامعات؟,تحليل,التعليم,اقتراح
كيف يمكن تحسين جودة التعليم العالي؟,تطبيق,التعليم,اقتراح
كيف يمكن تحسين كفاءة الطاقة في المباني؟,تطبيق,البيئة والطاقة,اقتراح
بم يمكن تحسين جودة الهواء في المدن الصناعية؟,تطبيق,البيئة والطاقة,اقتراح
فيم تكمن أهمية الأبحاث العلمية في الطب؟,تحليل,الصحة,اقتراح
بم يمكن علاج التوتر النفسي؟,تطبيق,الصحة,اقتراح
فيم تكمن أهمية المياه النظيفة للمجتمعات؟,تحليل,البيئة والطاقة,اقتراح
كيف يمكن تقليل الفقر في المناطق الريفية؟,تطبيق,الاقتصاد والعمل,اقتراح
بم يُعالج تلوث الهواء في المدن الكبرى؟,تطبيق,البيئة والطاقة,اقتراح
فيم تكمن أهمية التعليم في المراحل الأولى من حياة الطفل؟,تحليل,التعليم,اقتراح
كيف يمكن تحسين التعليم الإلكتروني؟,تطبيق,التعليم,اقتراح
بم يمكن تحسين الأداء الرياضي؟,تطبيق,الرياضة,اقتراح
فيم تكمن أهمية القراءة في حياة الإنسان؟,تحليل,الثقافة,اقتراح
كيف يمكن تعزيز التفاعل الاجتماعي بين الطلاب؟,تطبيق,التعليم,اقتراح
بم تُحسن الذاكرة؟,تطبيق,العلوم,اقتراح
فيم تكمن أهمية الثقافة في بناء الهوية الوطنية؟,تحليل,الثقافة,اقتراح
كيف يمكن تطوير مهارات القيادة؟,تطبيق,الاقتصاد والعمل,اقتراح
فيم تكمن أهمية التنوع الثقافي في المجتمعات؟,تحليل,الثقافة,اقتراح
كيف يمكن تعزيز الابتكار في الشركات؟,تطبيق,الاقتصاد والعمل,اقتراح
بم يمكن تقوية العلاقات الاجتماعية؟,تطبيق,علم الاجتماع,اقتراح
فيم تكمن أهمية البحث العلمي في الجامعات؟,تحليل,التعليم,اقتراح
كيف يمكن تحسين صحة الإنسان من خلال التغذية؟,تطبيق,الصحة,اقتراح
بم يمكن تعزيز التفاهم بين الثقافات المختلفة؟,تطبيق,الثقافة,اقتراح
فيم تكمن أهمية الاستدامة البيئية؟,تحليل,البيئة والطاقة,اقتراح
كيف يمكن تقليل التلوث البيئي؟,تطبيق,البيئة والطاقة,اقتراح
بم تُحسن اللياقة البدنية؟,تطبيق,الرياضة,اقتراح
فيم تكمن أهمية الأخلاق في المجتمع؟,تحليل,الثقافة,اقتراح
كيف يمكن تقليل الاعتماد على الوقود الأحفوري؟,تطبيق,البيئة والطاقة,اقتراح
بم يمكن علاج الاكتئاب؟,تطبيق,الصحة,اقتراح
فيم تكمن أهمية الابتكار في مجال الأعمال؟,تحليل,الاقتصاد والعمل,اقتراح
كيف يمكن تحسين إدارة الوقت؟,تطبيق,الاقتصاد والعمل,اقتراح
بم تُحسن العلاقات العامة للشركات؟,تطبيق,الاقتصاد والعمل,اقتراح
فيم تكمن أهمية التسويق الرقمي في العصر الحالي؟,تحليل,التكنولوجيا,اقتراح
كيف يمكن تحسين جودة الهواء في المدن؟,تطبيق,البيئة والطاقة,اقتراح
بم يمكن معالجة مشكلة نقص المياه؟,تطبيق,البيئة والطاقة,اقتراح
فيم تكمن أهمية التعليم في تنمية المجتمعات؟,تحليل,التعليم,اقتراح
كيف يمكن تقليل استهلاك الطاقة في المنازل؟,تطبيق,البيئة والطاقة,اقتراح
بم يمكن حماية التنوع البيولوجي؟,تطبيق,البيئة والطاقة,اقتراح
فيم تكمن أهمية الرياضة في حياة الإنسان؟,تحليل,الرياضة,اقتراح
كيف يمكن تعزيز الثقافة الصحية في المجتمع؟,تطبيق,الصحة,اقتراح
بم يمكن تحسين التعليم في المناطق النائية؟,تطبيق,التعليم,اقتراح
فيم تكمن أهمية الحفاظ على اللغات المهددة بالانقراض؟,تحليل,الثقافة,اقتراح
كيف يمكن تحسين جودة التعليم الجامعي؟,تطبيق,التعليم,اقتراح
بم يمكن تقليل التلوث الصناعي؟,تطبيق,البيئة والطاقة,اقتراح
فيم تكمن أهمية الإعلام في تشكيل الرأي العام؟,تحليل,الثقافة,اقتراح
كيف يمكن تعزيز التعاون بين فرق العمل؟,تطبيق,الاقتصاد والعمل,اقتراح
بم يمكن تحسين الأمن السيبراني؟,تطبيق,التكنولوجيا,اقتراح
فيم تكمن أهمية التعليم في تحقيق التنمية المستدامة؟,تحليل,التعليم,اقتراح
كيف يمكن تحسين الخدمات الصحية في المناطق الريفية؟,تطبيق,الصحة,اقتراح
بم يمكن حماية البيانات الشخصية على الإنترنت؟,تطبيق,التكنولوجيا,اقتراح
فيم تكمن أهمية التنوع الثقافي في المدارس؟,تحليل,التعليم,اقتراح
كيف يمكن تحسين التفاعل بين الطلاب والمعلمين في الفصول الدراسية؟,تطبيق,التعليم,اقتراح
بم يمكن تقليل استهلاك الماء في الزراعة؟,تطبيق,البيئة والطاقة,اقتراح
فيم تكمن أهمية البحث العلمي في الجامعات؟,تحليل,التعليم,اقتراح
كيف يمكن تحسين الأمن الغذائي في العالم؟,تطبيق,البيئة والطاقة,اقتراح
بم يمكن تحسين كفاءة الطاقة في المنازل؟,تطبيق,البيئة والطاقة,اقتراح
فيم تكمن أهمية الديمقراطية في بناء المجتمعات؟,تحليل,السياسة والقانون,اقتراح
بم يمكن تعزيز الإنتاجية في بيئة العمل؟,تطبيق,الاقتصاد والعمل,اقتراح
فيم تكمن أهمية الحفاظ على التنوع البيولوجي؟,تحليل,البيئة والطاقة,اقتراح
كيف يمكن تقليل نسبة البطالة في المجتمع؟,تطبيق,الاقتصاد والعمل,اقتراح
كيف يمكن تحسين جودة الهواء في المناطق الحضرية؟,تطبيق,البيئة والطاقة,اقتراح
بم يمكن تحسين مهارات القيادة؟,تطبيق,الاقتصاد والعمل,اقتراح
فيم تكمن أهمية التكنولوجيا في التعليم الحديث؟,تحليل,التعليم,اقتراح
كيف يمكن تحسين البنية التحتية في المدن النامية؟,تطبيق,الاقتصاد والعمل,اقتراح
بم يمكن تحسين كفاءة استهلاك الطاقة في المنازل؟,تطبيق,البيئة والطاقة,اقتراح
فيم تكمن أهمية التعلم الذاتي في تطوير المهارات؟,تحليل,التعليم,اقتراح
كيف يمكن تعزيز الابتكار في التعليم؟,تطبيق,التعليم,اقتراح
بم يمكن حماية البيئة من التلوث؟,تطبيق,البيئة والطاقة,اقتراح
فيم تكمن أهمية التعاون الدولي في حل الأزمات العالمية؟,تحليل,السياسة والقانون,اقتراح
كيف يمكن تقليل استهلاك البلاستيك في الحياة اليومية؟,تطبيق,البيئة والطاقة,اقتراح
بم يمكن تحسين إدارة الوقت في بيئة العمل؟,تطبيق,الاقتصاد والعمل,اقتراح
فيم تكمن أهمية الابتكار في تطوير المنتجات؟,تحليل,التكنولوجيا,اقتراح
كيف يمكن تعزيز الوعي البيئي لدى الشباب؟,تطبيق,البيئة والطاقة,اقتراح
بم يمكن حماية التنوع البيولوجي في الغابات المطيرة؟,تطبيق,البيئة والطاقة,اقتراح
فيم تكمن أهمية الابتكار في الصناعة؟,تحليل,التكنولوجيا,اقتراح
كيف يمكن تقليل الانبعاثات الكربونية في المدن؟,تطبيق,البيئة والطاقة,اقتراح
بم يمكن تعزيز التواصل بين الثقافات المختلفة؟,تطبيق,الثقافة,اقتراح
فيم تكمن أهمية الأمن السيبراني في العصر الرقمي؟,تحليل,التكنولوجيا,اقتراح
كيف يمكن تعزيز التوعية بأهمية الحفاظ على المياه؟,تطبيق,البيئة والطاقة,اقتراح
بم يمكن تحسين الإنتاجية في العمل الجماعي؟,تطبيق,الاقتصاد والعمل,اقتراح
فيم تكمن أهمية البحث العلمي في تطوير التكنولوجيا؟,تحليل,التكنولوجيا,اقتراح
بم يمكن تحسين الصحة العامة في المناطق الريفية؟,تطبيق,الصحة,اقتراح
فيم تكمن أهمية التعليم في القضاء على الفقر؟,تحليل,التعليم,اقتراح
كيف يمكن تقليل التوتر في بيئة العمل؟,تطبيق,الاقتصاد والعمل,اقتراح
كيف يمكن تحسين كفاءة الطاقة في المباني؟,تطبيق,البيئة والطاقة,اقتراح
بم يمكن تقليل هدر الطعام في المنازل؟,تطبيق,البيئة والطاقة,اقتراح
فيم تكمن أهمية الذكاء الاصطناعي في الطب؟,تحليل,الصحة,اقتراح
كيف يمكن تحسين جودة التعليم في المدارس الحكومية؟,تطبيق,التعليم,اقتراح
بم يمكن تقليل نسبة الأمية في المجتمعات النامية؟,تطبيق,التعليم,اقتراح
فيم تكمن أهمية الشفافية في الإدارة الحكومية؟,تحليل,السياسة والقانون,اقتراح
كيف يمكن تقليل التلوث البيئي في المناطق الصناعية؟,تطبيق,البيئة والطاقة,اقتراح
بم يمكن تحسين جودة الهواء في المدن الكبرى؟,تطبيق,البيئة والطاقة,اقتراح
فيم تكمن أهمية العمل التطوعي في المجتمع؟,تحليل,التطوع,اقتراح
كيف يمكن تعزيز الوعي المالي لدى الشباب؟,تطبيق,الاقتصاد والعمل,اقتراح
بم يمكن تحسين جودة التعليم في المدارس الابتدائية؟,تطبيق,التعليم,اقتراح
فيم تكمن أهمية الحفاظ على التنوع الثقافي؟,تحليل,الثقافة,اقتراح
كيف يمكن تعزيز الابتكار في مجال التعليم؟,تطبيق,التعليم,اقتراح
بم يمكن تحسين التواصل بين الأجيال المختلفة؟,تطبيق,الثقافة,اقتراح
فيم تكمن أهمية التدريب المستمر في بيئة العمل؟,تحليل,الاقتصاد والعمل,اقتراح
كيف يمكن تحسين البنية التحتية الرقمية في الدول النامية؟,تطبيق,التكنولوجيا,اقتراح
بم يمكن تحسين إدارة المشاريع في الشركات الصغيرة؟,تطبيق,الاقتصاد والعمل,اقتراح
فيم تكمن أهمية البحث والتطوير في قطاع التكنولوجيا؟,تحليل,التكنولوجيا,اقتراح
كيف يمكن تقليل الفجوة الرقمية بين الدول؟,تطبيق,التكنولوجيا,اقتراح
بم يمكن تعزيز الأمن السيبراني في المؤسسات؟,تطبيق,التكنولوجيا,اقتراح
فيم تكمن أهمية الاستثمار في التعليم المبكر؟,تحليل,التعليم,اقتراح
كيف يمكن تعزيز التعليم الشامل في المدارس؟,تطبيق,التعليم,اقتراح
بم يمكن تحسين التفاعل الاجتماعي بين الطلاب في المدارس؟,تطبيق,التعليم,اقتراح
فيم تكمن أهمية الابتكار في ريادة الأعمال؟,تحليل,الاقتصاد والعمل,اقتراح
كيف يمكن تقليل الفقر في المجتمعات النامية؟,تطبيق,الاقتصاد والعمل,اقتراح
بم يمكن تقليل استهلاك الطاقة في المنازل؟,تطبيق,البيئة والطاقة,اقتراح
فيم تكمن أهمية الاستثمار في البحث العلمي؟,تحليل,التعليم,اقتراح
كيف يمكن تعزيز التعلم الإلكتروني في الجامعات؟,تطبيق,التعليم,اقتراح
بم يمكن تعزيز السلام في المجتمعات المتعددة الثقافات؟,تطبيق,الثقافة,اقتراح
فيم تكمن أهمية الرقابة على وسائل الإعلام؟,تحليل,الثقافة,اقتراح
كيف يمكن تحسين نوعية الحياة في المدن المزدحمة؟,تطبيق,البيئة والطاقة,اقتراح
بم يمكن تحسين جودة الهواء في المدن الكبرى؟,تطبيق,البيئة والطاقة,اقتراح
فيم تكمن أهمية الحفاظ على التراث الثقافي؟,تحليل,الثقافة,اقتراح
كيف يمكن تحسين إدارة المياه في المناطق الجافة؟,تطبيق,البيئة والطاقة,اقتراح
بم يمكن تحسين الأمن الغذائي في الدول النامية؟,تطبيق,البيئة والطاقة,اقتراح
فيم تكمن أهمية التعليم المهني؟,تحليل,التعليم,اقتراح
كيف يمكن تعزيز الابتكار في الشركات الصغيرة؟,تطبيق,الاقتصاد والعمل,اقتراح
بم يمكن تعزيز الاستدامة في مجال الزراعة؟,تطبيق,البيئة والطاقة,اقتراح
فيم تكمن أهمية التعليم الرقمي في العصر الحديث؟,تحليل,التعليم,اقتراح
كيف يمكن تحسين جودة التعليم العالي في الجامعات؟,تطبيق,التعليم,اقتراح
بم يمكن تحسين كفاءة الطاقة في المباني؟,تطبيق,التكنولوجيا,اقتراح
فيم تكمن أهمية الشفافية في العمل الحكومي؟,تحليل,السياسة والقانون,اقتراح
كيف يمكن تقليل النفايات البلاستيكية؟,تطبيق,البيئة والطاقة,اقتراح
بم يمكن تعزيز السلام في المجتمع؟,تطبيق,السياسة والقانون,اقتراح
فيم تكمن أهمية البحث العلمي في الجامعات؟,تحليل,التعليم,اقتراح
كيف يمكن تحسين الصحة النفسية في مكان العمل؟,تطبيق,العلوم,اقتراح
بم يمكن تحسين جودة التعليم في المناطق النائية؟,تطبيق,التعليم,اقتراح
فيم تكمن أهمية التسامح في بناء المجتمعات؟,تحليل,الثقافة,اقتراح
كيف يمكن تحسين البنية التحتية في المدن الكبرى؟,تطبيق,البيئة والطاقة,اقتراح
بم تتأثر البيئة البحرية بشكل رئيسي؟,تحليل,البيئة والطاقة,اقتراح
فيم تكمن فوائد القراءة المنتظمة؟,تحليل,التعليم,اقتراح
كيف يمكن تقليل التلوث البيئي في المدن؟,تطبيق,البيئة والطاقة,اقتراح
كيف يمكن تقليل آثار التغير المناخي على المدن الساحلية؟,تحليل,البيئة والطاقة,اقتراح
كيف يمكن للشركات تقليل تأثيرها البيئي؟,تحليل,البيئة والطاقة,اقتراح
كيف يمكن تحسين كفاءة استهلاك الطاقة في المباني؟,تحليل,البيئة والطاقة,اقتراح
كيف يمكن تقليل الفجوة الرقمية بين المناطق الحضرية والريفية؟,تحليل,التكنولوجيا,اقتراح
كيف يمكن للحكومات تعزيز التعليم في المناطق الريفية؟,تحليل,التعليم,اقتراح
كيف يمكن تعزيز الصحة النفسية في بيئة العمل؟,تحليل,الصحة,اقتراح
اقترح طرقًا لتحسين جودة الهواء في المناطق الحضرية.,تقييم,البيئة والطاقة,اقتراح
كيف يمكن للشركات تحقيق الاستدامة البيئية؟,تحليل,البيئة والطاقة,اقتراح
أنى يمكن للشركات تحقيق التميز في السوق التنافسية؟,تحليل,الاقتصاد والعمل,اقتراح
كيف يمكن للأفراد المساهمة في حماية البيئة؟,تحليل,البيئة والطاقة,اقتراح
كيف يمكن تحسين كفاءة استخدام الطاقة في المباني؟,تحليل,البيئة والطاقة,اقتراح
كيف يمكن تقليل استهلاك الطاقة في المنازل؟,تحليل,البيئة والطاقة,اقتراح
كيف يمكن تحسين جودة التعليم في المدارس؟,تحليل,التعليم,اقتراح
بم يمكن معالجة مشكلة التلوث الهوائي في المدن؟,تحليل,البيئة والطاقة,اقتراح
بم يمكن تقليل استهلاك المياه في الزراعة؟,تحليل,البيئة والطاقة,اقتراح
اقترح طرقًا لتحسين إدارة النفايات في المدن.,تقييم,البيئة والطاقة,اقتراح
بم يمكن حماية البيانات الشخصية على الإنترنت؟,تحليل,التكنولوجيا,اقتراح
كيف يمكن للشركات الصغيرة المنافسة في السوق العالمية؟,تحليل,الاقتصاد والعمل,اقتراح
كيف يمكن تقليل البصمة الكربونية للأفراد؟,تحليل,البيئة والطاقة,اقتراح
بم يمكن تنقية المياه في المناطق النائية؟,تحليل,الصحة,اقتراح
كيف يمكن للمدارس تحسين تجربة التعليم عن بُعد؟,تحليل,التعليم,اقتراح
بم يمكن تقليل استهلاك الوقود في السيارات؟,تحليل,البيئة والطاقة,اقتراح
كيف يمكن تقليل الفجوة الرقمية بين الدول المتقدمة والدول النامية؟,تحليل,التكنولوجيا,اقتراح
كيف يمكن تحسين جودة الهواء داخل المباني؟,تحليل,الصحة,اقتراح
كيف يمكن الحفاظ على المياه؟,تحليل,البيئة والطاقة,اقتراح
كيف يمكن تحسين كفاءة استخدام الطاقة في المنزل؟,تحليل,البيئة والطاقة,اقتراح
كيف يمكن تحسين كفاءة الطاقة في المباني؟,تحليل,البيئة والطاقة,اقتراح
كيف يمكن تقليل انبعاثات الكربون في المدن؟,تحليل,البيئة والطاقة,اقتراح
كيف يمكن تحسين إدارة الموارد المائية؟,تحليل,البيئة والطاقة,اقتراح
كيف يمكن تحسين الصحة العامة في المجتمعات الحضرية؟,تحليل,الصحة,اقتراح
كيف يمكن تقليل استهلاك الطاقة في المنازل؟,تحليل,البيئة والطاقة,اقتراح
كيف يمكن تحسين جودة التعليم عن بعد؟,تحليل,التعليم,اقتراح
كيف يمكن الحد من تأثير التلوث على الصحة العامة؟,تحليل,الصحة,اقتراح
كيف يمكن تحسين جودة الهواء في المناطق الصناعية؟,تحليل,البيئة والطاقة,اقتراح
كيف يمكن تقليل انبعاثات الغازات الدفيئة؟,تحليل,البيئة والطاقة,اقتراح
كيف يمكن تحسين كفاءة الطاقة في المباني؟,تحليل,البيئة والطاقة,اقتراح
كيف يمكن تحسين إدارة الموارد المائية في المناطق القاحلة؟,تحليل,البيئة والطاقة,اقتراح
كيف يمكن تحسين كفاءة استهلاك الطاقة في المنازل؟,تحليل,البيئة والطاقة,اقتراح
"أي من الأجهزة التالية هو الأفضل للألعاب الإلكترونية: PlayStation 5، Xbox Series X، ألعاب الكمبيوتر الشخصي؟",تحليل,التكنولوجيا,اختيار
إلامَ تُخططُ بعدَ التخرج؟,فهم,التعليم,تخطيط
إلامَ تَهدفُ في دراستِك؟,فهم,التعليم,تخطيط
إلامَ تسعى في حياتِك؟,فهم,الثقافة,تخطيط
إلامَ تتطلعُ في المستقبل؟,فهم,الثقافة,تخطيط
إلامَ تَصبو في تحقيقِ أحلامِك؟,فهم,الثقافة,تخطيط
إلامَ تُركزُ في وقتِ الفراغ؟,فهم,الثقافة,تخطيط
إلامَ تتجهُ في اختيارِ مهنتِك؟,فهم,الاقتصاد والعمل,تخطيط
إلامَ تهدفُ في تطويرِ نفسِك؟,فهم,التعليم,تخطيط
إلامَ تتجهُ في تحسينِ صحتِك؟,فهم,الصحة,تخطيط
إلامَ تُركزُ في دراستِك؟,فهم,التعليم,تخطيط
إلامَ تسعى في حياتِك المهنية؟,فهم,الاقتصاد والعمل,تخطيط
إلامَ تتطلعُ في السفر؟,فهم,الترفيه,تخطيط
إلامَ تَهدفُ في العملِ التطوعي؟,فهم,التطوع,تخطيط
إلامَ تتجهُ في تحسينِ علاقاتِك؟,فهم,الثقافة,تخطيط
إلامَ تسعى في تحقيقِ أهدافِك؟,فهم,الثقافة,تخطيط
إلامَ تُركزُ في تعلمِ لغاتٍ جديدة؟,فهم,التعليم,تخطيط
إلامَ تتجهُ في تطويرِ مهاراتِك؟,فهم,التعليم,تخطيط
إلامَ تهدفُ في الحفاظِ على صحتِك؟,فهم,الصحة,تخطيط
إلامَ تسعى في دراستِك؟,فهم,التعليم,تخطيط
إلامَ تتطلعُ في المستقبلِ المهني؟,فهم,الاقتصاد والعمل,تخطيط
إلامَ تهدفُ في الحفاظِ على لياقتِك؟,فهم,الصحة,تخطيط
إلامَ تُركزُ في وقتِ الفراغِ؟,فهم,الثقافة,تخطيط
إلامَ تتجهُ في تحسينِ مهاراتِك؟,فهم,التعليم,تخطيط
إلامَ تسعى في العملِ؟,فهم,الاقتصاد والعمل,تخطيط
إلامَ تهدفُ في تطويرِ علاقاتِك؟,فهم,الثقافة,تخطيط
إلامَ تتطلعُ في تحقيقِ أحلامِك؟,فهم,الثقافة,تخطيط
إلامَ تسعى في تحسينِ صحتِك؟,فهم,الصحة,تخطيط
إلامَ تهدفُ في الحفاظِ على بيئتِك؟,فهم,الثقافة,تخطيط
إلامَ تتجهُ في تعلمِ أشياءٍ جديدة؟,فهم,التعليم,تخطيط
إلامَ تسعى في تحقيقِ نجاحِك؟,فهم,الثقافة,تخطيط
إلامَ تهدفُ في تطويرِ نفسِك؟,فهم,التعليم,تخطيط
إلامَ تتطلعُ في المستقبلِ الأكاديمي؟,فهم,التعليم,تخطيط
إلامَ تسعى في الحفاظِ على صحتِك؟,فهم,الصحة,تخطيط
إلامَ تهدفُ في تحسينِ علاقاتِك؟,فهم,الثقافة,تخطيط
إلامَ تتجهُ في تحقيقِ أهدافِك؟,فهم,الثقافة,تخطيط
إلامَ تسعى في العملِ الجماعي؟,فهم,الاقتصاد والعمل,تخطيط
إلامَ تهدفُ في تطويرِ مهاراتِك؟,فهم,التعليم,تخطيط
إلامَ تتطلعُ في الحفاظِ على لياقتِك؟,فهم,الصحة,تخطيط
إلامَ تسعى في تحسينِ حياتِك؟,فهم,الثقافة,تخطيط
إلامَ تهدفُ في الحفاظِ على بيئتِك؟,فهم,الثقافة,تخطيط
إلامَ تتجهُ في تحقيقِ أحلامِك؟,فهم,الثقافة,تخطيط
إلامَ تسعى في تحسينِ صحتِك؟,فهم,الصحة,تخطيط
إلامَ تهدفُ في تطويرِ نفسِك؟,فهم,التعليم,تخطيط
إلامَ تتطلعُ في المستقبلِ المهني؟,فهم,الاقتصاد والعمل,تخطيط
إلامَ تسعى في الحفاظِ على لياقتِك؟,فهم,الصحة,تخطيط
إلامَ تهدفُ في تحسينِ علاقاتِك؟,فهم,الثقافة,تخطيط
إلامَ تتجهُ في تعلمِ أشياءٍ جديدة؟,فهم,التعليم,تخطيط
إلامَ تسعى في تحقيقِ نجاحِك؟,فهم,الثقافة,تخطيط
إلامَ تهدفُ في تطويرِ نفسِك؟,فهم,التعليم,تخطيط
إلامَ تتطلعُ في المستقبلِ الأكاديمي؟,فهم,التعليم,تخطيط
إلامَ تسعى في الحفاظِ على صحتِك؟,فهم,الصحة,تخطيط
إلامَ تهدفُ في تحسينِ علاقاتِك؟,فهم,الثقافة,تخطيط
إلامَ تتجهُ في تحقيقِ أهدافِك؟,فهم,الثقافة,تخطيط
إلامَ تسعى في العملِ الجماعي؟,فهم,الاقتصاد والعمل,تخطيط
إلامَ تهدفُ في تطويرِ مهاراتِك؟,فهم,التعليم,تخطيط
إلامَ تتطلعُ في الحفاظِ على لياقتِك؟,فهم,الصحة,تخطيط
إلامَ تؤول الأوضاع الاقتصادية في الدول النامية؟,تحليل,الاقتصاد والعمل,تخطيط
إلامَ تشير النتائج الأولية للبحث؟,تحليل,التعليم,تخطيط
إلامَ تشير الإحصائيات الحديثة؟,معرفة,الاقتصاد والعمل,تخطيط
إلامَ تهدف السياسة التعليمية؟,فهم,التعليم,تخطيط
إلامَ تسعى الأمم المتحدة؟,فهم,السياسة والقانون,تخطيط
إلامَ تشير النتائج الأولية للبحث؟,فهم,العلوم,تخطيط
إلامَ ترمي جهود التنمية المستدامة؟,فهم,البيئة والطاقة,تخطيط
إلامَ تهدف البرامج الحكومية؟,فهم,السياسة والقانون,تخطيط
إلامَ تؤول الأوضاع الاقتصادية؟,فهم,الاقتصاد والعمل,تخطيط
إلامَ يسعى العلماء في دراسة الفضاء؟,فهم,العلوم,تخطيط
إلامَ تهدف الخطط الاستراتيجية؟,فهم,السياسة والقانون,تخطيط
إلامَ تشير الدراسات الحديثة؟,فهم,العلوم,تخطيط
إلامَ تسعى المبادرات الإنسانية؟,فهم,الثقافة,تخطيط
إلامَ تهدف حملات التوعية الصحية؟,فهم,الصحة,تخطيط
إلامَ تؤول نتائج الانتخابات؟,فهم,السياسة والقانون,تخطيط
إلامَ يسعى الباحثون في مجال الطب؟,فهم,الصحة,تخطيط
إلامَ تهدف الجهود البيئية؟,فهم,البيئة والطاقة,تخطيط
إلامَ تشير التنبؤات الجوية؟,فهم,العلوم,تخطيط
إلامَ تسعى الشركات الكبرى؟,فهم,الاقتصاد والعمل,تخطيط
إلامَ تهدف الأبحاث العلمية؟,فهم,العلوم,تخطيط
إلامَ تؤول الأوضاع السياسية؟,فهم,السياسة والقانون,تخطيط
إلامَ يسعى النظام التعليمي؟,فهم,التعليم,تخطيط
إلامَ تهدف الحملات الإعلامية؟,فهم,الثقافة,تخطيط
إلامَ تشير الإحصائيات الحديثة؟,فهم,الاقتصاد والعمل,تخطيط
إلامَ تسعى الحركات الاجتماعية؟,فهم,الثقافة,تخطيط
إلامَ تهدف البرامج الثقافية؟,فهم,الثقافة,تخطيط
إلامَ تؤول الأوضاع الاجتماعية؟,فهم,الثقافة,تخطيط
إلامَ يسعى النظام الصحي؟,فهم,الصحة,تخطيط
إلامَ تهدف الجهود الاقتصادية؟,فهم,الاقتصاد والعمل,تخطيط
إلامَ تشير البيانات المالية؟,فهم,الاقتصاد والعمل,تخطيط
إلامَ تسعى الدول النامية؟,فهم,الاقتصاد والعمل,تخطيط
إلامَ تهدف السياسات البيئية؟,فهم,البيئة والطاقة,تخطيط
إلامَ تؤول العلاقات الدولية؟,فهم,السياسة والقانون,تخطيط
إلامَ يسعى الاتحاد الأوروبي؟,فهم,السياسة والقانون,تخطيط
إلامَ تهدف الخطط الأمنية؟,فهم,السياسة والقانون,تخطيط
إلامَ تشير البحوث العلمية؟,فهم,العلوم,تخطيط
إلامَ تسعى الحركات الثقافية؟,فهم,الثقافة,تخطيط
إلامَ تهدف المبادرات التعليمية؟,فهم,التعليم,تخطيط
إلامَ تؤول الأوضاع البيئية؟,فهم,البيئة والطاقة,تخطيط
إلامَ يسعى النظام الاقتصادي؟,فهم,الاقتصاد والعمل,تخطيط
إلامَ تهدف الحملات الدعائية؟,فهم,الثقافة,تخطيط
إلامَ تشير المؤشرات الاقتصادية؟,فهم,الاقتصاد والعمل,تخطيط
إلامَ تسعى الجهود الإنسانية؟,فهم,الثقافة,تخطيط
إلامَ تهدف المشاريع التطوعية؟,فهم,التطوع,تخطيط
إلامَ تؤول السياسات الحكومية؟,فهم,السياسة والقانون,تخطيط
إلامَ يسعى البحث العلمي؟,فهم,العلوم,تخطيط
إلامَ تهدف الحملات الانتخابية؟,فهم,السياسة والقانون,تخطيط
إلامَ تشير التقديرات السكانية؟,فهم,الاقتصاد والعمل,تخطيط
إلامَ تسعى المنظمات الخيرية؟,فهم,الثقافة,تخطيط
إلامَ تهدف الخطط التنموية؟,فهم,الاقتصاد والعمل,تخطيط
إلامَ تؤول السياسات التعليمية؟,فهم,التعليم,تخطيط
إلامَ يسعى التقدم التكنولوجي؟,فهم,التكنولوجيا,تخطيط
إلامَ تهدف الجهود الثقافية؟,فهم,الثقافة,تخطيط
إلامَ تهدف السياسة التعليمية الجديدة؟,تحليل,التعليم,تخطيط
إلامَ يسعى العلماء في دراسة الفضاء؟,تحليل,العلوم,تخطيط
"رتبْ الأرقامَ الآتيةَ تصاعدياً: 5، 8، 20، 10، 60، 53، 9، 1، 6",معرفة,التعليم,ترتيب
"رتبْ الأرقامَ الآتيةَ تنازلياً: 5، 8، 20، 10، 60، 53، 9، 1، 6",معرفة,التعليم,ترتيب
"رتبْ الأرقامَ الآتيةَ تصاعدياً: 51، 58، ، 5، 10، 0، 53، 9، 81، 66",معرفة,التعليم,ترتيب
"رتبْ الأرقامَ الآتيةَ تنازلياً: 50، 68، 20، 90، 40، 53، 69، 41، 16",معرفة,التعليم,ترتيب
"رتب الأعداد التالية من الأصغر إلى الأكبر: 3, 5, 6, 1, 9, 4",تطبيق,التعليم,ترتيب
"رتب الألوان التالية من اللون الأخف إلى اللون الأغمق: الوردي، الأصفر، الأزرق الداكن.",تطبيق,التعليم,ترتيب
"رتبْ الكلماتَ التاليةَ: "" المدرسةَ يذهبُ الطالبُ إلى .""",معرفة,التعليم,ترتيب
"رتبْ الكلماتَ التاليةَ: ""الشمس. مشرقةٌ""",معرفة,التعليم,ترتيب
"رتبْ الكلماتَ التاليةَ: ""سريعةٌ السيارةُ.""",معرفة,التعليم,ترتيب
"رتبْ الكلماتَ التاليةَ: ""الكتابُ مفيدٌ.""",معرفة,التعليم,ترتيب
"رتبْ الكلماتَ التاليةَ: ""العصفورُ يطيرُ.""",معرفة,التعليم,ترتيب
"رتبْ الكلماتَ التاليةَ: ""الطفلُ يضحكُ.""",معرفة,التعليم,ترتيب
"رتبْ الكلماتَ الآتية: ""المعلمُ الدرسَ يشرحُ.""",معرفة,التعليم,ترتيب
"رتبْ الكلماتَ التاليةَ: ""الأشجارُ خضراءٌ.""",معرفة,التعليم,ترتيب
"رتبْ الكلماتَ التاليةَ: ""القلمُ جديدٌ.""",معرفة,التعليم,ترتيب
"رتبْ الكلماتَ التاليةَ: ""الأمُ تهتمُ.""",معرفة,التعليم,ترتيب
"رتبْ الكلماتَ التاليةَ: ""البحرُ هادئٌ.""",معرفة,التعليم,ترتيب
"رتبْ الكلماتَ التاليةَ: ""القطةُ تلعبُ.""",معرفة,التعليم,ترتيب
"رتبْ الكلماتَ التاليةَ: ""الأطفالُ يلعبونَ.""",معرفة,التعليم,ترتيب
"رتبْ الكلماتَ التاليةَ: ""الطيورُ تغني.""",معرفة,التعليم,ترتيب
"رتبْ الكلماتَ التاليةَ: ""السماءُ صافيةٌ.""",معرفة,التعليم,ترتيب
"رتبْ الكلماتَ التاليةَ: ""البستانُ جميلٌ.""",معرفة,التعليم,ترتيب
"رتبْ الكلماتَ التاليةَ: ""الوردةُ حمراءٌ.""",معرفة,التعليم,ترتيب
"رتبْ الكلماتَ الآتية: ""الماءُ باردٌ.""",معرفة,التعليم,ترتيب
"رتبْ الكلماتَ التاليةَ: ""السماءِ في الطيورُ.""",معرفة,التعليم,ترتيب
"رتِّبْ الكلمات في الجملة التالية: ""الطبيعية، في، تحدث، الظواهر.""",تحليل,الثقافة,ترتيب
"رتِّبْ الكلمات في الجملة التالية: ""في، السماء، تلمع، النجوم.""",معرفة,الثقافة,ترتيب
"رتِّبْ الكلمات في الجملة التالية: ""الصيف، في، يذهب، البحر، إلى.""",معرفة,الثقافة,ترتيب
"رتِّبْ الكلمات في الجملة التالية: ""الطائرة، تسافر، السماء، في.""",معرفة,الثقافة,ترتيب
"رتِّبْ الكلمات في الجملة التالية: ""الكتاب، يقرأ، المكتبة، في.""",معرفة,الثقافة,ترتيب
"رتِّبْ الكلمات في الجملة التالية: ""المدرسة، إلى، الطالب، يذهب.""",معرفة,الثقافة,ترتيب
"رتب المراحل الأساسية لتطوير المنتج الجديد: التسويق، الفكرة، الإنتاج، التصميم، الاختبار.",تطبيق,الاقتصاد والعمل,ترتيب
"من الذي كتب رواية ""الأخوة كارامازوف""؟",معرفة,الثقافة,تعريف
ما هي مكارم الأخلاق؟,معرفة,الدين,تعريف
عرِّفْ مفهوم الديمقراطية.,معرفة,السياسة والقانون,تعريف
عرّفْ التعليمَ.,معرفة,التعليم,تعريف
عرّفْ التكنولوجيا.,معرفة,التكنولوجيا,تعريف
عرّفْ الرياضةَ.,معرفة,الرياضة,تعريف
عرّفْ الأدبَ.,معرفة,الثقافة,تعريف
عرّفْ الصداقةَ.,معرفة,الثقافة,تعريف
عرّفْ الصحةَ.,معرفة,الصحة,تعريف
عرّفْ الفنَّ.,معرفة,الثقافة,تعريف
عرّفْ القراءةَ.,معرفة,الثقافة,تعريف
عرّفْ السفرَ.,معرفة,السفر والسياحة,تعريف
عرّفْ العملَ.,معرفة,الاقتصاد والعمل,تعريف
عرّفْ التطوعَ.,معرفة,التطوع,تعريف
عرّفْ الموسيقى.,معرفة,الثقافة,تعريف
عرّفْ البيئةَ.,معرفة,الثقافة,تعريف
عرّفْ النجاحَ.,معرفة,الثقافة,تعريف
عرّفْ الحريةَ.,معرفة,الثقافة,تعريف
عرّفْ العائلةَ.,معرفة,الثقافة,تعريف
عرّفْ العلمَ.,معرفة,التعليم,تعريف
عرّفْ الوقتَ.,معرفة,التعليم,تعريف
عرّفْ السعادةَ.,معرفة,الثقافة,تعريف
عرّفْ الأمانَ.,معرفة,الثقافة,تعريف
عرّفْ الطبيعة.,معرفة,الثقافة,تعريف
عرِّفْ مصطلح الذكاء الاصطناعي.,معرفة,التكنولوجيا,تعريف
عرِّفْ مفهوم الطاقة المتجددة.,معرفة,العلوم,تعريف
عرِّفْ مصطلح البراكين.,معرفة,العلوم,تعريف
عرِّفْ مصطلح الثورة الصناعية.,معرفة,التاريخ,تعريف
عرف ماهية الديمقراطية.,معرفة,السياسة والقانون,تعريف
عرف مفهوم التنمية المستدامة.,فهم,التعليم,تعريف
عرف مصطلح العولمة.,فهم,التعليم,تعريف
ما هي اعراض التهاب الكبد فيروس سي؟,معرفة,الصحة,تعريف
ما هو فهرس الكتاب؟,معرفة,التعليم,تعريف
ما هو الثابت في الرياضيات؟,معرفة,العلوم,تعريف
ما هي المناطق المدارية؟,معرفة,الجغرافيا,تعريف
ما هي دورة الـ 28 يوم؟,معرفة,العلوم,تعريف
ما هي الأسهم والسندات في مجال الاستثمار؟,معرفة,الاقتصاد والعمل,تعريف
ما هي العلامات التجارية؟,معرفة,الاقتصاد والعمل,تعريف
ما هو النظام المستخدم للتخزين والتنظيم الإلكتروني للملفات؟,معرفة,التكنولوجيا,تعريف
ما هي الأبراج القطبية؟,معرفة,العلوم,تعريف
ما هو انسداد الرئة؟,معرفة,الصحة,تعريف
ما هو اضطراب ضربات القلب غير المنتظم؟,معرفة,الصحة,تعريف
ما هو المتر المكعب؟,معرفة,العلوم,تعريف
ما هو فيتامين أ؟,معرفة,الصحة,تعريف
ما هو مرض الاسقربوط؟,معرفة,الصحة,تعريف
ما هو مرض تصلب الشرايين؟,معرفة,الصحة,تعريف
ما هي مملكة ديزني السحرية؟,معرفة,الثقافة,تعريف
ما هي المشيمة البشرية؟,معرفة,الصحة,تعريف
ما هو اللقب؟,معرفة,الثقافة,تعريف
ما هو حمض الهيدروكلوريك؟,معرفة,العلوم,تعريف
ما هي المواد المسرطنة؟,فهم,الصحة,تعريف
ما هو السرطان؟,معرفة,الصحة,تعريف
ما هو الأفلاتوكسين ب 1؟,معرفة,الصحة,تعريف
ما هو التحول الأحيائي؟,معرفة,الصحة,تعريف
ما هو البنزوبيرين؟,معرفة,الصحة,تعريف
ما هو الأكريلاميد؟,معرفة,الصحة,تعريف
ما هو البنزو [أ] بيرين؟,معرفة,الصحة,تعريف
ما هي المواد غير سمية الجينات؟,معرفة,الصحة,تعريف
ما هو الذكاء العاطفي العالي؟,معرفة,العلوم,تعريف
ما هو الهدي في الحج؟,معرفة,الدين,تعريف
ما هو السعي بين الصفا والمروة؟,معرفة,الدين,تعريف
ما هو طواف الإفاضة؟,فهم,الدين,تعريف
ماذا يعني مصطلح مينس ريا؟,معرفة,السياسة والقانون,تعريف
ماذا يعني سيك؟,معرفة,الثقافة,تعريف
ماذا يعني غرينغو؟,معرفة,الثقافة,تعريف
ماذا يعني أنا مسطح القدمين؟,معرفة,الصحة,تعريف
ماذا يعني شبكة الجيل الثالث 3G؟,معرفة,التكنولوجيا,تعريف
ماذا تعني كلمة مبارك؟,معرفة,الثقافة,تعريف
"عرف مفهوم ""الاحتباس الحراري"".",معرفة,البيئة والطاقة,تعريف
"عرف مفهوم ""الاحتكار"" في السوق.",معرفة,الاقتصاد والعمل,تعريف
"عرف مفهوم ""الثقافة التنظيمية"" في بيئة العمل.",معرفة,الاقتصاد والعمل,تعريف
"عرف مفهوم ""الديمقراطية"".",معرفة,السياسة والقانون,تعريف
"عرف مفهوم ""الذكاء الاصطناعي"".",معرفة,التكنولوجيا,تعريف
"عرف مفهوم ""الطاقة المتجددة"".",معرفة,البيئة والطاقة,تعريف
"عرف مفهوم ""التضخم الاقتصادي"".",معرفة,الاقتصاد والعمل,تعريف
"عرف مصطلح ""الاستدامة البيئية"".",معرفة,البيئة والطاقة,تعريف
"عرف مفهوم ""الاقتصاد الأخضر"".",فهم,الاقتصاد والعمل,تعريف
ماذا يعني مفهوم التنمية المستدامة؟,فهم,البيئة والطاقة,تعريف
"ماذا تعني مفهوم ""الاستدامة"" في إدارة الموارد الطبيعية؟",فهم,البيئة والطاقة,تعريف
"ماذا يعني مصطلح ""التنمية المستدامة""؟",تحليل,البيئة والطاقة,تعريف
"عرف مفهوم ""التغير المناخي"".",معرفة,البيئة والطاقة,تعريف
"ماذا تعني سياسة ""الاقتصاد الأخضر""؟",تحليل,الاقتصاد والعمل,تعريف
"ماذا تعني ""الاستدامة البيئية""؟",تحليل,البيئة والطاقة,تعريف
"ماذا تعني ""الاقتصاد الدائري""؟",تحليل,الاقتصاد والعمل,تعريف
"عرف مفهوم ""الاستدامة البيئية"".",معرفة,البيئة والطاقة,تعريف
"عرف مفهوم ""الاقتصاد المستدام"".",معرفة,الاقتصاد والعمل,تعريف
"ماذا يعني مصطلح ""الطاقة النظيفة""؟",تحليل,البيئة والطاقة,تعريف
"عرف مفهوم ""الاستدامة"".",معرفة,البيئة والطاقة,تعريف
"ماذا يعني مصطلح ""الاقتصاد الأخضر""؟",تحليل,الاقتصاد والعمل,تعريف
"ماذا تعني كلمة ""بيولوجيا""؟",معرفة,البيولوجيا,تعريف
"عرف مفهوم ""الاحتباس الحراري"".",معرفة,البيئة والطاقة,تعريف
"ماذا يعني مفهوم ""الثورة الصناعية""؟",معرفة,التاريخ,تعريف
"عرف مفهوم ""الذكاء الاصطناعي"".",معرفة,التكنولوجيا,تعريف
"عرف مفهوم ""الاستدامة"".",معرفة,البيئة والطاقة,تعريف
"ماذا تعني كلمة ""الديمقراطية""؟",معرفة,السياسة والقانون,تعريف
"ماذا تعني كلمة ""الثورة الصناعية""؟",معرفة,التاريخ,تعريف
"عرف مفهوم ""التنمية المستدامة"".",معرفة,البيئة والطاقة,تعريف
ما هو الهدف من معاهدة باريس للمناخ؟,تحليل,السياسة والقانون,تعريف
"ماذا تعني كلمة ""الاستدامة""؟",معرفة,البيئة والطاقة,تعريف
"ماذا يعني مصطلح ""التضخم الاقتصادي""؟",معرفة,الاقتصاد والعمل,تعريف
"ماذا تعني كلمة ""الجاذبية"" في الفيزياء؟",معرفة,العلوم,تعريف
"ما هو تعريف ""التسويق الرقمي""؟",معرفة,الاقتصاد والعمل,تعريف
"ماذا تعني كلمة ""الديمقراطية""؟",معرفة,السياسة والقانون,تعريف
"ماذا يعني مفهوم ""الاستدامة البيئية""؟",معرفة,البيئة والطاقة,تعريف
"ماذا يعني مصطلح ""الاقتصاد الدائري""؟",معرفة,الاقتصاد والعمل,تعريف
"ماذا يعني مصطلح ""الاحترار العالمي""؟",معرفة,البيئة والطاقة,تعريف
"ماذا يعني مصطلح ""التنمية المستدامة""؟",معرفة,البيئة والطاقة,تعريف
"ماذا يعني مصطلح ""الحوسبة السحابية""؟",معرفة,التكنولوجيا,تعريف
"ماذا يعني مصطلح ""البيئة المستدامة""؟",معرفة,البيئة والطاقة,تعريف
"ماذا يعني مصطلح ""الناتج المحلي الإجمالي""؟",معرفة,الاقتصاد والعمل,تعريف
"ماذا يعني مصطلح ""التحليل المالي""؟",معرفة,الاقتصاد والعمل,تعريف
"ماذا يعني مصطلح ""الاقتصاد الأخضر""؟",معرفة,الاقتصاد والعمل,تعريف
"ماذا يعني مصطلح ""التنمية المستدامة""؟",معرفة,البيئة والطاقة,تعريف
"ماذا يعني مصطلح ""الذكاء الاصطناعي""؟",معرفة,التكنولوجيا,تعريف
"ماذا يعني مصطلح ""الاقتصاد الدائري""؟",معرفة,الاقتصاد والعمل,تعريف
"ماذا يعني مصطلح ""الاقتصاد الرقمي""؟",معرفة,الاقتصاد والعمل,تعريف
"ماذا يعني مصطلح ""التعليم الإلكتروني""؟",معرفة,التعليم,تعريف
كم من الوقت يستغرق تكوين كوكب جديد في الفضاء؟,تحليل,العلوم,تنبؤ
أيان يمكن أن يتسبب التغير المناخي في حدوث كوارث طبيعية؟,تحليل,البيئة والطاقة,تنبؤ
ماذا تتوقع أن يحدث في المستقبل القريب فيما يتعلق بتكنولوجيا الذكاء الاصطناعي؟,تقييم,التكنولوجيا,تنبؤ
إلام يمكن أن تؤدي زيادة الاعتماد على الذكاء الاصطناعي؟,تحليل,التكنولوجيا,تنبؤ
إلام يمكن أن يؤدي استمرار التدهور البيئي؟,تحليل,البيئة والطاقة,تنبؤ
ماذا يمكن أن يكون تأثير الذكاء الاصطناعي على سوق العمل؟,تحليل,التكنولوجيا,تنبؤ
ما هي الوظائف التي قد تتأثر بالتطور التكنولوجي؟,تحليل,الاقتصاد والعمل,تنبؤ
إلام يمكن أن يؤدي استمرار التغير المناخي؟,تحليل,البيئة والطاقة,تنبؤ
احسب مجموع الأعداد التالية: 5 + 8 + 12 + 3,تطبيق,التعليم,حساب
احسب مساحة المستطيل إذا كان طوله 10 سم وعرضه 6 سم.,تطبيق,التعليم,حساب
احسب ناتج العملية التالية: 18 ÷ 3 × 2,تطبيق,التعليم,حساب
احسب القيمة المجهولة في المعادلة التالية: 2x + 5 = 15,تطبيق,التعليم,حساب
احسب النسبة المئوية للعدد 25 من بين العدد الإجمالي 100.,تطبيق,التعليم,حساب
احسبْ مجموعَ درجاتِكَ في الاختبار.,تطبيق,التعليم,حساب
احسبْ متوسطَ درجاتِكَ في الفصل.,تطبيق,التعليم,حساب
احسبْ الزمنَ المستغرقَ في القراءة.,تطبيق,التعليم,حساب
احسبْ عددَ الكتبِ التي قرأتَها.,تطبيق,الثقافة,حساب
احسبْ عددَ الأميالِ التي قطعتَها.,تطبيق,السفر والسياحة,حساب
احسبْ تكلفةَ الرحلة.,تطبيق,السفر والسياحة,حساب
احسبْ عددَ الساعاتِ التي درستَها.,تطبيق,التعليم,حساب
احسبْ نسبةَ النجاح.,تطبيق,التعليم,حساب
احسبْ عددَ الكلماتِ في المقال.,تطبيق,الثقافة,حساب
احسبْ عددَ الفصولِ في الكتاب.,تطبيق,الثقافة,حساب
احسبْ عددَ الأصدقاءِ الذينَ زرتَهم.,تطبيق,الثقافة,حساب
احسبْ تكلفةَ شراءِ الأدوات.,تطبيق,التعليم,حساب
احسبْ عددَ الأيامِ التي قضيتَها في الرحلة.,تطبيق,السفر والسياحة,حساب
احسبْ عددَ الساعاتِ التي نمتَها.,تطبيق,الصحة,حساب
احسبْ عددَ الفصولِ الدراسية.,تطبيق,التعليم,حساب
احسبْ الزمنَ المستغرقَ في السفر.,تطبيق,السفر والسياحة,حساب
احسبْ عددَ الأنشطةِ التي مارستَها.,تطبيق,الثقافة,حساب
احسبْ عددَ الصفحاتِ التي قرأتَها.,تطبيق,الثقافة,حساب
احسبْ عددَ الأغاني التي استمعتَ إليها.,تطبيق,الثقافة,حساب
احسبْ عددَ الأفلامِ التي شاهدتَها.,تطبيق,الثقافة,حساب
احسبْ الزمنَ المستغرقَ في العمل.,تطبيق,الاقتصاد والعمل,حساب
احسبْ عددَ الأهدافِ التي حققتَها.,تطبيق,الاقتصاد والعمل,حساب
احسبْ تكلفةَ الأكلِ الصحي.,تطبيق,الصحة,حساب
احسبْ عددَ الساعاتِ التي قضيتَها في النوم.,تطبيق,الصحة,حساب
احسبْ عددَ الكتبِ في المكتبة.,تطبيق,الثقافة,حساب
احسبْ عددَ الأيامِ التي درستَ فيها.,تطبيق,التعليم,حساب
احسبْ الزمنَ المستغرقَ في المشي.,تطبيق,الصحة,حساب
احسبْ عددَ الأميالِ التي ركبتَها.,تطبيق,السفر والسياحة,حساب
احسبْ تكلفةَ السفرِ للخارج.,تطبيق,السفر والسياحة,حساب
احسبْ عددَ الساعاتِ التي قضيتَها في التطوع.,تطبيق,التطوع,حساب
احسبْ عددَ الأنشطةِ التي مارستَها.,تطبيق,الثقافة,حساب
احسبْ عددَ الكلماتِ في الكتاب.,تطبيق,الثقافة,حساب
احسبْ عددَ الفصولِ الدراسية.,تطبيق,التعليم,حساب
احسبْ الزمنَ المستغرقَ في السفرِ للخارج.,تطبيق,السفر والسياحة,حساب
احسبْ عددَ الأصدقاءِ الذينَ تعرفتَ عليهم.,تطبيق,الثقافة,حساب
احسبْ تكلفةَ شراءِ الأدواتِ المدرسية.,تطبيق,التعليم,حساب
احسبْ عددَ الأيامِ التي قضيتَها في الرحلة.,تطبيق,السفر والسياحة,حساب
احسبْ عددَ الساعاتِ التي نمتَها.,تطبيق,الصحة,حساب
احسبْ عددَ الفصولِ الدراسية.,تطبيق,التعليم,حساب
احسبْ الزمنَ المستغرقَ في المشي.,تطبيق,الصحة,حساب
احسبْ عددَ الأغاني التي استمعتَ إليها.,تطبيق,الثقافة,حساب
احسبْ عددَ الأفلامِ التي شاهدتَها.,تطبيق,الثقافة,حساب
احسبْ عددَ الأميالِ التي ركبتَها.,تطبيق,السفر والسياحة,حساب
احسبْ تكلفةَ السفرِ للخارج.,تطبيق,السفر والسياحة,حساب
احسبْ عددَ الساعاتِ التي قضيتَها في التطوع.,تطبيق,التطوع,حساب
احسبْ عددَ الأنشطةِ التي مارستَها.,تطبيق,الثقافة,حساب
احسبْ عددَ الكلماتِ في الكتاب.,تطبيق,الثقافة,حساب
احسبْ عددَ الأيامِ التي درستَ فيها.,تطبيق,التعليم,حساب
احسبْ عددَ الأهدافِ التي حققتَها.,تطبيق,الاقتصاد والعمل,حساب
احسبْ محيط دائرة نصف قطرها 7 سم.,معرفة,التعليم,حساب
احسبْ الزمن اللازم لقطع مسافة 100 كم بسرعة 50 كم/ساعة.,معرفة,التعليم,حساب
احسبْ متوسط درجات الحرارة خلال أسبوع.,تطبيق,العلوم,حساب
احسبْ نسبة النجاح في الامتحان إذا كان عدد الناجحين 80 من أصل 100 طالب.,تطبيق,التعليم,حساب
احسبْ كمية الماء اللازمة لملء خزان سعته 1000 لتر.,تطبيق,التعليم,حساب
احسبْ محيط دائرة نصف قطرها 7 سم.,تطبيق,العلوم,حساب
احسبْ الزمن اللازم لقطع مسافة 100 كم بسرعة 50 كم/ساعة.,تطبيق,العلوم,حساب
احسبْ متوسط درجات الحرارة خلال أسبوع.,تطبيق,العلوم,حساب
احسبْ نسبة النجاح في الامتحان إذا كان عدد الناجحين 80 من أصل 100 طالب.,تطبيق,التعليم,حساب
احسبْ كمية الماء اللازمة لملء خزان سعته 1000 لتر.,تطبيق,العلوم,حساب
احسبْ قيمة المقاومة الكلية عند توصيل مقاومتين متساويتين بالتوازي.,تطبيق,العلوم,حساب
احسبْ الزمن اللازم لتجفيف قطعة قماش وزنها 500 غرام عند تعرضها لأشعة الشمس المباشرة.,تطبيق,العلوم,حساب
احسبْ الكتلة النوعية لمادة حجمها 2 متر مكعب وكتلتها 6 كيلوغرام.,تطبيق,العلوم,حساب
احسبْ الطاقة الناتجة عن حرق 5 كيلوغرام من الفحم.,تطبيق,العلوم,حساب
احسبْ الزمن اللازم لتبريد 1 لتر من الماء من 100 درجة مئوية إلى 20 درجة مئوية.,تطبيق,العلوم,حساب
احسبْ الكتلة المولية لمركب يحتوي على 2 ذرة هيدروجين و1 ذرة أكسجين.,تطبيق,العلوم,حساب
احسبْ الزمن اللازم لتفريغ خزان ماء سعته 500 لتر بمعدل تدفق 10 لتر/دقيقة.,تطبيق,العلوم,حساب
احسبْ المسافة التي يقطعها جسم خلال 10 ثوانٍ بسرعة 20 متر/ثانية.,تطبيق,العلوم,حساب
احسبْ الطاقة الكهربائية المستخدمة لتشغيل جهاز كهربائي قدرته 1000 واط لمدة 3 ساعات.,تطبيق,التكنولوجيا,حساب
احسبْ الضغط الناتج عن قوة مقدارها 200 نيوتن على مساحة 2 متر مربع.,تطبيق,العلوم,حساب
احسبْ الزمن اللازم لقطع مسافة 200 كم بسرعة 80 كم/ساعة.,تطبيق,العلوم,حساب
احسبْ الكتلة اللازمة لرفع درجة حرارة 1 لتر من الماء من 25 درجة مئوية إلى 75 درجة مئوية.,تطبيق,العلوم,حساب
احسبْ الكثافة لمادة كتلتها 300 غرام وحجمها 0.5 متر مكعب.,تطبيق,العلوم,حساب
احسبْ الزمن اللازم لتسخين 1 لتر من الزيت من 20 درجة مئوية إلى 100 درجة مئوية.,تطبيق,العلوم,حساب
احسبْ الكتلة اللازمة لتبريد 2 لتر من الماء من 80 درجة مئوية إلى 20 درجة مئوية.,تطبيق,العلوم,حساب
احسبْ المسافة التي يقطعها جسم يسير بسرعة 15 متر/ثانية خلال 30 ثانية.,تطبيق,العلوم,حساب
احسبْ الطاقة اللازمة لتسخين 3 لتر من الماء من 30 درجة مئوية إلى 90 درجة مئوية.,تطبيق,العلوم,حساب
احسبْ الكتلة النوعية لمادة حجمها 1.5 متر مكعب وكتلتها 4.5 كيلوغرام.,تطبيق,العلوم,حساب
احسبْ الزمن اللازم لقطع مسافة 150 كم بسرعة 60 كم/ساعة.,تطبيق,العلوم,حساب
احسبْ الكتلة اللازمة لتبريد 3 لتر من الزيت من 90 درجة مئوية إلى 30 درجة مئوية.,تطبيق,العلوم,حساب
احسبْ الطاقة الناتجة عن حرق 10 كيلوغرام من الخشب.,تطبيق,العلوم,حساب
احسبْ الزمن اللازم لتسخين 2 لتر من الماء من 40 درجة مئوية إلى 100 درجة مئوية.,تطبيق,العلوم,حساب
احسبْ الكتلة النوعية لمادة حجمها 3 متر مكعب وكتلتها 9 كيلوغرام.,تطبيق,العلوم,حساب
احسبْ المسافة التي يقطعها جسم خلال 15 ثانية بسرعة 25 متر/ثانية.,تطبيق,العلوم,حساب
احسبْ الطاقة الكهربائية المستخدمة لتشغيل جهاز كهربائي قدرته 2000 واط لمدة 2 ساعات.,تطبيق,التكنولوجيا,حساب
احسبْ الضغط الناتج عن قوة مقدارها 300 نيوتن على مساحة 3 متر مربع.,تطبيق,العلوم,حساب
احسبْ الزمن اللازم لقطع مسافة 250 كم بسرعة 100 كم/ساعة.,تطبيق,العلوم,حساب
احسبْ الكتلة اللازمة لرفع درجة حرارة 2 لتر من الماء من 20 درجة مئوية إلى 80 درجة مئوية.,تطبيق,العلوم,حساب
احسبْ الكثافة لمادة كتلتها 400 غرام وحجمها 0.8 متر مكعب.,تطبيق,العلوم,حساب
احسبْ الزمن اللازم لتسخين 1.5 لتر من الزيت من 30 درجة مئوية إلى 90 درجة مئوية.,تطبيق,العلوم,حساب
احسبْ الكتلة اللازمة لتبريد 4 لتر من الماء من 60 درجة مئوية إلى 10 درجة مئوية.,تطبيق,العلوم,حساب
احسبْ المسافة التي يقطعها جسم يسير بسرعة 20 متر/ثانية خلال 40 ثانية.,تطبيق,العلوم,حساب
احسبْ الطاقة اللازمة لتسخين 2.5 لتر من الماء من 35 درجة مئوية إلى 95 درجة مئوية.,تطبيق,العلوم,حساب
احسبْ الكتلة النوعية لمادة حجمها 2 متر مكعب وكتلتها 5 كيلوغرام.,تطبيق,العلوم,حساب
احسبْ الزمن اللازم لقطع مسافة 180 كم بسرعة 90 كم/ساعة.,تطبيق,العلوم,حساب
احسبْ الكتلة اللازمة لتبريد 2.5 لتر من الزيت من 70 درجة مئوية إلى 20 درجة مئوية.,تطبيق,العلوم,حساب
احسبْ الطاقة الناتجة عن حرق 7 كيلوغرام من الفحم.,تطبيق,العلوم,حساب
احسبْ الزمن اللازم لتسخين 1 لتر من الماء من 25 درجة مئوية إلى 85 درجة مئوية.,تطبيق,العلوم,حساب
احسبْ الكتلة النوعية لمادة حجمها 1 متر مكعب وكتلتها 3 كيلوغرام.,تطبيق,العلوم,حساب
احسبْ المسافة التي يقطعها جسم خلال 20 ثانية بسرعة 30 متر/ثانية.,تطبيق,العلوم,حساب
احسبْ الطاقة الكهربائية المستخدمة لتشغيل جهاز كهربائي قدرته 1500 واط لمدة 4 ساعات.,تطبيق,التكنولوجيا,حساب
احسبْ الضغط الناتج عن قوة مقدارها 250 نيوتن على مساحة 2.5 متر مربع.,تطبيق,العلوم,حساب
احسبْ الزمن اللازم لقطع مسافة 300 كم بسرعة 120 كم/ساعة.,تطبيق,العلوم,حساب
احسبْ الكتلة اللازمة لرفع درجة حرارة 1.5 لتر من الماء من 30 درجة مئوية إلى 90 درجة مئوية.,تطبيق,العلوم,حساب
احسبْ الكثافة لمادة كتلتها 350 غرام وحجمها 0.7 متر مكعب.,تطبيق,العلوم,حساب
"استنتج الرقم التالي في هذه السلسلة العددية: 2، 4، 6، 8،...؟",تحليل,التعليم,حساب
احسب تكلفة تنفيذ مشروع الطاقة الشمسية لمدينة صغيرة؟,تطبيق,البيئة والطاقة,حساب
احسب الوقت اللازم لإنجاز المشروع بناءً على الموارد المتاحة.,تطبيق,الاقتصاد والعمل,حساب
احسب المسافة بين الأرض والشمس.,معرفة,العلوم,حساب
احسب متوسط العمر المتوقع للإنسان في العالم.,معرفة,الصحة,حساب
احسب سرعة الضوء في الفراغ.,معرفة,العلوم,حساب
احسب متوسط درجات الحرارة في الصيف في القاهرة.,معرفة,الجغرافيا,حساب
احسب نسبة النمو السكاني في العالم خلال السنوات العشر الماضية.,تحليل,الجغرافيا,حساب
احسب النسبة المئوية للزيادة في عدد السكان خلال العقد الماضي.,تحليل,الجغرافيا,حساب
احسب الكتلة المولية لجزيء الماء.,تحليل,العلوم,حساب
احسب عدد الأيام بين 1 يناير و 31 ديسمبر في سنة غير كبيسة.,تطبيق,التاريخ,حساب
احسب المسافة بين الأرض والقمر في متوسط المسافة.,تطبيق,العلوم,حساب
احسب المسافة التي يقطعها الضوء في سنة واحدة.,تطبيق,العلوم,حساب
احسب المسافة بين الأرض والشمس.,تطبيق,العلوم,حساب
احسب المسافة بين الأرض والقمر.,تطبيق,العلوم,حساب
علام يدل أن زيادة الوزن تشير إلى مخاطر صحية؟,فهم,الصحة,شرح
كيفَ تُفضلُ قضاءَ وقتِ الفراغ؟,فهم,الثقافة,رأي
كيفَ تُخططُ لمستقبلِك؟,تقييم,التعليم,رأي
كيفَ تُحافظُ على صحتِك؟,تطبيق,الصحة,رأي
كيفَ تُخططُ ليومِكَ؟,معرفة,الثقافة,رأي
كيفَ تُحافظُ على لياقتِك؟,تطبيق,الصحة,رأي
كيفَ تُنظمُ وقتَك؟,تقييم,الثقافة,رأي
كيفَ تُخططُ لمستقبلِك المهني؟,معرفة,الاقتصاد والعمل,رأي
كيفَ تُحافظُ على علاقاتِك؟,تطبيق,الثقافة,رأي
كيفَ تُنظمُ مالَك؟,تطبيق,الاقتصاد والعمل,رأي
"ماذا لو اختفت جميع الألوان من العالم، كيف ستبدو الحياة؟",تحليل,الثقافة,رأي
ماذا لو كانت السيارات تطير بدلاً من السير على الأرض؟,تحليل,التكنولوجيا,رأي
"ماذا لو كان البشر يعيشون في الماء بدلاً من اليابسة، كيف ستتغير الحضارات؟",تحليل,الثقافة,رأي
"ماذا لو كنت تستطيع رؤية المستقبل، كيف ستستفيد من هذه القدرة؟",تحليل,الثقافة,رأي
"ماذا لو كانت النباتات تصدر أصواتاً عند النمو، كيف سيؤثر ذلك على البيئة؟",تحليل,البيئة والطاقة,رأي
"ماذا لو كانت جميع الأجهزة الإلكترونية تعمل بالعقل البشري، كيف ستتغير التكنولوجيا؟",تحليل,التكنولوجيا,رأي
"ماذا لو كانت هناك مدينة تحت الماء، كيف ستكون الحياة فيها؟",تحليل,الثقافة,رأي
"إذا كانت الأشجار تطير، كيف ستبدو الغابات؟",تحليل,البيئة والطاقة,رأي
"ماذا لو كانت الشمس تشرق وتغرب مرتين في اليوم، كيف سيتغير الروتين اليومي؟",تحليل,التعليم,رأي
"ماذا لو كان بإمكانك التحكم في الطقس، كيف ستستفيد من هذه القدرة؟",تحليل,التكنولوجيا,رأي
"إذا كانت جميع الطيور تغني أغاني بشرية، كيف سيؤثر ذلك على الطبيعة؟",تحليل,الثقافة,رأي
"إذا كانت الأحلام تتحقق فوراً، كيف ستتغير حياتك؟",فهم,الثقافة,رأي
"إذا كان بإمكانك التواصل مع النباتات، كيف ستستفيد من ذلك؟",فهم,التعليم,رأي
ماذا لو كانت السيارات تستطيع التحدث مع سائقيها؟,فهم,التكنولوجيا,رأي
"ماذا لو كانت هناك مدن تطفو في السماء، كيف ستكون الحياة فيها؟",فهم,الثقافة,رأي
"ماذا لو كانت الأرض مسطحة، كيف سيتغير العلم؟",فهم,التعليم,رأي
"إذا كانت هناك مدن على القمر، كيف ستكون الحياة هناك؟",فهم,الثقافة,رأي
"إذا كان بإمكانك العيش في أعماق المحيط، كيف ستبدو حياتك؟",فهم,الثقافة,رأي
ماذا لو كانت هناك جزر تطفو في الهواء؟,فهم,البيئة والطاقة,رأي
ماذا لو كانت هناك مدن مخفية تحت الأرض؟,فهم,الثقافة,رأي
ماذا لو كانت هناك حيوانات تستطيع تغيير شكلها؟,فهم,البيئة والطاقة,رأي
"إذا كان بإمكانك التحكم في الزمن، كيف ستستفيد من هذه القدرة؟",فهم,التكنولوجيا,رأي
ماذا لو كانت هناك مخلوقات خيالية تعيش بيننا؟,تحليل,الثقافة,رأي
"إذا كان بإمكانك العيش في الفضاء، كيف ستكون حياتك؟",تحليل,العلوم,رأي
ماذا لو كانت هناك ألوان جديدة لم تكتشف بعد؟,تحليل,التعليم,رأي
ماذا لو كانت هناك آلات تستطيع التفكير والشعور؟,تحليل,التكنولوجيا,رأي
ماذا لو كانت هناك مخلوقات تحت الأرض؟,تحليل,البيئة والطاقة,رأي
ماذا لو كانت هناك نباتات تستطيع المشي؟,تحليل,البيئة والطاقة,رأي
ماذا لو كانت هناك كائنات تستطيع التحكم في الأفكار؟,تحليل,الثقافة,رأي
ماذا لو كانت هناك أشياء تستطيع الطيران بدون أجنحة؟,تحليل,التكنولوجيا,رأي
ماذا لو كانت هناك أنهار تجري في السماء؟,تحليل,البيئة والطاقة,رأي
ماذا لو كانت هناك حيوانات تستطيع التحدث بلغات بشرية؟,تحليل,البيئة والطاقة,رأي
"إذا كان بإمكانك التحكم في الأحلام، كيف ستستفيد من هذه القدرة؟",تحليل,الصحة,رأي
ماذا لو كانت هناك مدن عائمة على الماء؟,تحليل,الثقافة,رأي
ماذا لو كانت هناك كائنات تعيش في النجوم؟,تحليل,العلوم,رأي
ماذا لو كانت هناك نباتات تستطيع الغناء؟,تحليل,البيئة والطاقة,رأي
ماذا لو كانت هناك حيوانات تستطيع التحدث عبر الإنترنت؟,تحليل,التكنولوجيا,رأي
ماذا لو كانت هناك كائنات تستطيع تغيير الطقس؟,تحليل,التكنولوجيا,رأي
ماذا لو كانت هناك نباتات تستطيع الطيران؟,تحليل,البيئة والطاقة,رأي
ماذا لو كانت هناك كائنات تعيش في الكواكب البعيدة؟,تحليل,العلوم,رأي
ماذا لو كانت هناك كائنات تستطيع التحكم في الزمن؟,تحليل,العلوم,رأي
ماذا لو كانت هناك نباتات تستطيع التحرك بحرية؟,تحليل,البيئة والطاقة,رأي
ماذا لو كانت هناك كائنات تستطيع التحكم في الأفكار؟,تحليل,الثقافة,رأي
ماذا لو كانت هناك نباتات تستطيع التنقل؟,تحليل,البيئة والطاقة,رأي
ماذا لو كانت هناك كائنات تستطيع التحكم في الأحلام؟,تحليل,الصحة,رأي
ماذا لو كانت هناك نباتات تستطيع التحدث؟,تحليل,البيئة والطاقة,رأي
ماذا لو كانت هناك كائنات تستطيع التحكم في الزمن؟,تحليل,العلوم,رأي
ماذا لو كانت هناك نباتات تستطيع الغناء؟,تحليل,البيئة والطاقة,رأي
ماذا لو كانت هناك كائنات تعيش في النجوم؟,تحليل,العلوم,رأي
كيف يمكن للناس التكيف إذا كانت الأرض تتجمد ليلًا وتذوب نهارًا؟,تحليل,البيئة والطاقة,رأي
كيف سيكون شكل المجتمع إذا كان الجميع يمتلك قدرات خارقة مثل الطيران؟,تحليل,التكنولوجيا,رأي
كيف سيتغير التعليم إذا تم اكتشاف وسيلة لنقل المعرفة مباشرة إلى الدماغ؟,تحليل,التعليم,رأي
كيف ستكون الحياة على الأرض إذا كانت المحيطات تتكون من عصير البرتقال بدلًا من الماء؟,تحليل,البيئة والطاقة,رأي
كيف يمكن للحكومات تنظيم المرور إذا كانت السيارات تسير على الطرق في السماء؟,تحليل,التكنولوجيا,رأي
كيف سيتعامل البشر إذا كان الطعام يتحدث ويعبر عن مشاعره؟,تحليل,الثقافة,رأي
كيف سيؤثر التعايش بين البشر والكائنات الفضائية في المجتمع؟,تحليل,الثقافة,رأي
كيف سيكون تأثير العيش في مدينة تحت الماء على النواحي الاقتصادية والاجتماعية؟,تحليل,الاقتصاد والعمل,رأي
كيف يمكن للحيوانات أن تعبر عن نفسها إذا كانت تتحدث لغة البشر؟,تحليل,العلوم,رأي
كيف ستتغير طبيعة العمل إذا كان الجميع يعمل أربع ساعات فقط في الأسبوع؟,تحليل,الاقتصاد والعمل,رأي
من سيكون القائد المثالي لكوكب حيث يمكن للسكان التنبؤ بالمستقبل؟,تحليل,السياسة والقانون,رأي
من يمكنه العيش في مجتمع حيث يكون السفر عبر الزمن متاحًا للجميع؟,تحليل,العلوم,رأي
من سيكون البطل في عالم حيث يمكن للحيوانات التحدث والعمل جنبًا إلى جنب مع البشر؟,تحليل,الثقافة,رأي
من سيصبح الرئيس في دولة حيث يكون التفاعل الافتراضي هو الوسيلة الوحيدة للتواصل؟,تحليل,السياسة والقانون,رأي
من يمكنه تحمل مسؤولية مدينة بأكملها إذا كانت تتنقل عبر الزمن بشكل عشوائي؟,تحليل,السياسة والقانون,رأي
من سيقود الثورة إذا استيقظ البشر ليجدوا أن جميع الأجهزة الإلكترونية قد اختفت؟,تحليل,السياسة والقانون,رأي
من سيكون الأكثر شهرة في مجتمع يتكون بالكامل من نسخ مستنسخة لأشخاص معروفين؟,تحليل,الثقافة,رأي
من سيؤلف الموسيقى في عالم حيث يتم إنشاء الألحان بواسطة الذكاء الاصطناعي فقط؟,تحليل,الثقافة,رأي
من سيكون المبدع الأول في عالم حيث تكون الأفكار الجديدة ملكًا للجميع بمجرد التفكير فيها؟,تحليل,الثقافة,رأي
من سيكون الزعيم في مجتمع حيث تكون الأحلام واقعًا يوميًا يعيشها الناس؟,تحليل,الثقافة,رأي
بمَ يمكن قياس درجة الحرارة؟,معرفة,العلوم,رأي
أينَ تُحبُّ السفر؟,تطبيق,السفر والسياحة,رأي
أينَ تحبُّ قضاءَ العطلات؟,معرفة,السفر والسياحة,رأي
أينَ تُحبُّ التسوق؟,تقييم,الثقافة,رأي
أينَ تُحبُّ ممارسةَ الرياضة؟,معرفة,الرياضة,رأي
أينَ تُحبُّ الاسترخاء؟,معرفة,الثقافة,رأي
أينَ تُحبُّ قضاءَ العطلاتِ الصيفية؟,معرفة,السفر والسياحة,رأي
أينَ تُفضلُ قضاءَ وقتِ الفراغ؟,تقييم,الثقافة,رأي
أينَ تُفضلُ قضاءَ العطلاتِ الشتوية؟,معرفة,السفر والسياحة,رأي
أينَ تُحبُّ قضاءَ وقتِ الفراغ؟,تطبيق,الثقافة,رأي
أينَ ستذهبُ في عطلتِك؟,تطبيق,السفر والسياحة,رأي
اذكر أهمية الرياضة في حياة الإنسان,معرفة,الرياضة,رأي
استنتج ما هي العبرة المستفادة من تجارب الحياة.,تحليل,الثقافة,رأي
استنتج التأثير المحتمل لتكنولوجيا الذكاء الاصطناعي على سوق العمل.,تحليل,التكنولوجيا,رأي
أعرب عن رأيك في التعليم العالي.,تقييم,التعليم,رأي
أعرب عن مشاعرك تجاه الأدب.,تقييم,الثقافة,رأي
أعرب عن رأيك في التكنولوجيا.,تقييم,التكنولوجيا,رأي
أعرب عن رأيك في الفنون الجميلة.,تقييم,الثقافة,رأي
أعرب عن رأيك في الفن الحديث.,تقييم,الثقافة,رأي
أعرب عن رأيك في التعليم عن بُعد.,تقييم,التعليم,رأي
أعرب عن رأيك في الأدب العربي.,تقييم,الثقافة,رأي
أعرب عن رأيك في الفنون الحديثة.,تقييم,الثقافة,رأي
أعرب عن رأيك في تطوير المهارات.,تقييم,التعليم,رأي
أعرب عن رأيك في القراءة اليومية.,تقييم,الثقافة,رأي
أعرب عن مشاعرك تجاه الصداقة.,تقييم,الثقافة,رأي
أعرب عن مشاعرك تجاه العائلة.,تقييم,الثقافة,رأي
أعرب عن رأيك في الرياضة.,تقييم,الرياضة,رأي
أعرب عن مشاعرك تجاه النوم الجيد.,تقييم,الصحة,رأي
أعرب عن رأيك في الحفاظ على اللياقة البدنية.,تقييم,الصحة,رأي
أعرب عن مشاعرك تجاه الصحة النفسية.,تقييم,الصحة,رأي
أعرب عن رأيك في الأكل الصحي.,تقييم,الصحة,رأي
أعرب عن مشاعرك تجاه السفر.,تقييم,السفر والسياحة,رأي
أعرب عن رأيك في العمل الجماعي.,تقييم,التعليم,رأي
أعرب عن رأيك في السفر إلى الخارج.,تقييم,السفر والسياحة,رأي
أعرب عن مشاعرك تجاه التطوع.,تقييم,التطوع,رأي
أعرب عن رأيك في العمل الحر.,تقييم,الاقتصاد والعمل,رأي
أعرب عن رأيك في العمل المكتبي.,تقييم,الاقتصاد والعمل,رأي
أعرب عن مشاعرك تجاه التطوع في المجتمع.,تقييم,التطوع,رأي
أعرب عن مشاعرك تجاه السفر.,تقييم,السفر والسياحة,رأي
أعرب عن مشاعرك تجاه القراءة.,تقييم,الثقافة,رأي
أعرب عن مشاعرك تجاه الفنون الجميلة.,تقييم,الثقافة,رأي
أعرب عن مشاعرك تجاه الموسيقى.,تقييم,الثقافة,رأي
أعرب عن مشاعرك تجاه تعلم اللغات.,تقييم,الثقافة,رأي
أعرب عن رأيك في الموسيقى الكلاسيكية.,تقييم,الثقافة,رأي
أعرب عن مشاعرك تجاه الطبيعة.,تقييم,الثقافة,رأي
أعرب عن مشاعرك تجاه القراءة في الهواء الطلق.,تقييم,الثقافة,رأي
أعرب عن رأيك في الحفاظ على البيئة.,تقييم,الثقافة,رأي
أعرب عن مشاعرك تجاه الرياضة.,تقييم,الرياضة,رأي
أعرب عن مشاعرك تجاه التعلم المستمر.,تقييم,التعليم,رأي
أعرب عن رأيك في تنظيم الوقت.,تقييم,التعليم,رأي
أعرب عن رأيك في تحسين الذات.,تقييم,التعليم,رأي
أعرب عن اهتمامك بالتعلم المستمر.,تقييم,التعليم,رأي
أعرب عن اهتمامك بالصحة النفسية.,تقييم,الصحة,رأي
أعرب عن اهتمامك بالبيئة.,تقييم,الثقافة,رأي
أعرب عن رأيك في قضية التغير المناخي.,تقييم,البيئة والطاقة,رأي
أعرب عن مشاعرك نحو التعليم الإلكتروني.,تقييم,التعليم,رأي
أعرب عن وجهة نظرك في دور المرأة في المجتمع.,تقييم,الثقافة,رأي
أعرب عن رأيك في تأثير التكنولوجيا على الحياة اليومية.,تقييم,التكنولوجيا,رأي
أعرب عن مشاعرك نحو الأدب الكلاسيكي.,تقييم,الثقافة,رأي
أعرب عن رأيك في التعليم الإلكتروني.,تقييم,التعليم,رأي
أعرب عن مشاعرك نحو الطبيعة.,تقييم,البيئة والطاقة,رأي
أعرب عن وجهة نظرك في دور التكنولوجيا في الحياة اليومية.,تقييم,التكنولوجيا,رأي
أعرب عن رأيك في أهمية القراءة.,تقييم,الثقافة,رأي
أعرب عن مشاعرك نحو الفن الكلاسيكي.,تقييم,الثقافة,رأي
أعرب عن رأيك في تأثير التغير المناخي.,تقييم,البيئة والطاقة,رأي
أعرب عن مشاعرك نحو العمل التطوعي.,تقييم,التطوع,رأي
أعرب عن وجهة نظرك في النظام الديمقراطي.,تقييم,السياسة والقانون,رأي
أعرب عن رأيك في فوائد الرياضة.,تقييم,الصحة,رأي
أعرب عن مشاعرك نحو السفر.,تقييم,الثقافة,رأي
أعرب عن رأيك في دور الإعلام في تشكيل الرأي العام.,تقييم,الثقافة,رأي
أعرب عن مشاعرك نحو الموسيقى الكلاسيكية.,تقييم,الثقافة,رأي
أعرب عن وجهة نظرك في أهمية التعليم.,تقييم,التعليم,رأي
أعرب عن رأيك في تأثير التكنولوجيا على الأطفال.,تقييم,التكنولوجيا,رأي
أعرب عن مشاعرك نحو الأدب العربي.,تقييم,الثقافة,رأي
أعرب عن رأيك في أهمية النظافة الشخصية.,تقييم,الصحة,رأي
أعرب عن مشاعرك نحو الفنون التشكيلية.,تقييم,الثقافة,رأي
أعرب عن وجهة نظرك في دور المرأة في المجتمع.,تقييم,الثقافة,رأي
أعرب عن رأيك في فوائد التغذية السليمة.,تقييم,الصحة,رأي
أعرب عن مشاعرك نحو الفلك.,تقييم,العلوم,رأي
أعرب عن رأيك في تأثير وسائل التواصل الاجتماعي.,تقييم,التكنولوجيا,رأي
أعرب عن مشاعرك نحو الثقافة المحلية.,تقييم,الثقافة,رأي
أعرب عن وجهة نظرك في أهمية العمل الجماعي.,تقييم,الثقافة,رأي
أعرب عن رأيك في دور الشباب في المجتمع.,تقييم,الثقافة,رأي
أعرب عن مشاعرك نحو التاريخ.,تقييم,التاريخ,رأي
أعرب عن رأيك في تأثير الإعلام على الشباب.,تقييم,الثقافة,رأي
أعرب عن مشاعرك نحو الفنون المسرحية.,تقييم,الثقافة,رأي
أعرب عن وجهة نظرك في أهمية الصحة النفسية.,تقييم,الصحة,رأي
أعرب عن رأيك في فوائد السفر الثقافي.,تقييم,الثقافة,رأي
أعرب عن مشاعرك نحو التكنولوجيا الحيوية.,تقييم,التكنولوجيا,رأي
أعرب عن رأيك في تأثير التلوث البيئي.,تقييم,البيئة والطاقة,رأي
أعرب عن مشاعرك نحو الأدب العالمي.,تقييم,الثقافة,رأي
أعرب عن وجهة نظرك في دور الرياضة في حياة الإنسان.,تقييم,الصحة,رأي
أعرب عن رأيك في أهمية القراءة للأطفال.,تقييم,التعليم,رأي
أعرب عن مشاعرك نحو الفنون الموسيقية.,تقييم,الثقافة,رأي
أعرب عن رأيك في تأثير الذكاء الاصطناعي.,تقييم,التكنولوجيا,رأي
أعرب عن مشاعرك نحو التراث الثقافي.,تقييم,الثقافة,رأي
أعرب عن وجهة نظرك في أهمية الحفاظ على البيئة.,تقييم,البيئة والطاقة,رأي
أعرب عن رأيك في فوائد التعلم المستمر.,تقييم,التعليم,رأي
أعرب عن مشاعرك نحو الفنون السينمائية.,تقييم,الثقافة,رأي
أعرب عن رأيك في دور التعليم العالي.,تقييم,التعليم,رأي
أعرب عن مشاعرك نحو الأدب الشعبي.,تقييم,الثقافة,رأي
أعرب عن وجهة نظرك في أهمية الصحة البدنية.,تقييم,الصحة,رأي
أعرب عن رأيك في تأثير وسائل الإعلام الحديثة.,تقييم,الثقافة,رأي
أعرب عن مشاعرك نحو الفن المعاصر.,تقييم,الثقافة,رأي
أعرب عن وجهة نظرك في دور المؤسسات الثقافية.,تقييم,الثقافة,رأي
أعرب عن رأيك في فوائد العمل الحر.,تقييم,الاقتصاد والعمل,رأي
أعرب عن مشاعرك نحو الفلك والتنجيم.,تقييم,العلوم,رأي
أعرب عن وجهة نظرك في أهمية التعاون الدولي.,تقييم,السياسة والقانون,رأي
أعرب عن رأيك في تأثير العولمة.,تقييم,الاقتصاد والعمل,رأي
أعرب عن رأيك في مسألة تغير المناخ.,تقييم,البيئة والطاقة,رأي
"إذا كان بإمكانك السفر عبر الزمن، إلى أي فترة زمنية ستسافر ولماذا؟",تحليل,الثقافة,رأي
"إذا كان بإمكانك الدخول إلى أي قصة خيالية، أي قصة ستختار؟",تحليل,الثقافة,رأي
"إذا كان بإمكانك العيش في أي كوكب في النظام الشمسي، أي كوكب ستختار؟",فهم,التعليم,رأي
"إذا كان بإمكانك السفر إلى العوالم الخيالية، أي عالم ستختار؟",فهم,الثقافة,رأي
"إذا كان بإمكانك العيش في أي فترة زمنية في الماضي، أي فترة ستختار؟",فهم,التعليم,رأي
"إذا كان بإمكانك العيش داخل أي لوحة فنية، أي لوحة ستختار؟",فهم,الثقافة,رأي
"إذا كان بإمكانك السفر عبر الزمن إلى المستقبل، إلى أي زمن ستذهب؟",تحليل,التكنولوجيا,رأي
"إذا كان بإمكانك العيش في أي عالم خيالي، أي عالم ستختار؟",تحليل,الثقافة,رأي
"إذا كان بإمكانك العيش في أي عصر جيولوجي، أي عصر ستختار؟",تحليل,التعليم,رأي
"إذا كان بإمكانك العيش في أي بعد من الأبعاد، أي بعد ستختار؟",تحليل,العلوم,رأي
"إذا كان بإمكانك العيش في أي فترة تاريخية، أي فترة ستختار؟",تحليل,التعليم,رأي
"إذا كان بإمكانك العيش في أي عالم خيالي، أي عالم ستختار؟",تحليل,الثقافة,رأي
"إذا كان بإمكانك العيش في أي فترة زمنية، أي فترة ستختار؟",تحليل,التعليم,رأي
"إذا كان بإمكانك العيش في أي بعد من الأبعاد، أي بعد ستختار؟",تحليل,العلوم,رأي
"إذا كان بإمكانك الطيران بدون أجنحة، إلى أين ستذهب أولاً؟",تحليل,الثقافة,رأي
"إذا كانت الحيوانات تعيش في منازل بشرية، أين سيعيش البشر؟",تحليل,الثقافة,رأي
"إذا كان بإمكانك العيش في أي مكان في الكون، أين ستختار؟",تحليل,العلوم,رأي
"إذا كان بإمكانك العيش في أي مكان في الفضاء، أين ستذهب؟",تحليل,العلوم,رأي
"إذا كان بإمكانك العيش في أي مكان في الكون، أين ستختار؟",تحليل,العلوم,رأي
"إذا كان بإمكانك العيش في أي مكان في الفضاء، أين ستذهب؟",تحليل,العلوم,رأي
بمَ تُفضِّلُ العملَ؟,فهم,الاقتصاد والعمل,رأي
بمَ تفضِّلُ الكتابة؟,فهم,الثقافة,رأي
بمَ تُحبُّ القراءة؟,فهم,الثقافة,رأي
بمَ تُحبُّ الطهي؟,فهم,الثقافة,رأي
بمَ تُفضلُ العملَ الجماعي؟,فهم,الاقتصاد والعمل,رأي
بمَ تفضِّلُ السفر؟,فهم,الترفيه,رأي
بمَ تُحبُّ الرسم؟,فهم,الثقافة,رأي
بمَ تُفضلُ الاستماعَ للموسيقى؟,فهم,الثقافة,رأي
بمَ تُحبُّ التطوع؟,فهم,التطوع,رأي
بمَ تُفضلُ قراءةَ الكتب؟,فهم,الثقافة,رأي
بمَ تُفضلُ الكتابةَ في وقتِ الفراغ؟,فهم,الثقافة,رأي
بمَ تُفضلُ الرياضة؟,فهم,الرياضة,رأي
بمَ تُحبُّ السفر؟,فهم,الترفيه,رأي
بمَ تفضِّلُ العملَ الحر؟,فهم,الاقتصاد والعمل,رأي
بمَ تُحبُّ مشاهدةَ الأفلام؟,فهم,الترفيه,رأي
بمَ تُفضلُ القراءةَ في الصباح؟,فهم,الثقافة,رأي
بمَ تُفضلُ الرسمَ في الطبيعة؟,فهم,الثقافة,رأي
بمَ تُحبُّ الكتابة؟,فهم,الثقافة,رأي
بمَ تُفضلُ الاستماعَ للموسيقى؟,فهم,الثقافة,رأي
بمَ تُفضلُ القراءةَ في المكتبة؟,فهم,الثقافة,رأي
بمَ تقضي وقتَك؟,معرفة,الثقافة,رأي
بمَ تعتمدُ في دراستِك؟,معرفة,التعليم,رأي
بمَ تستمتعُ؟,معرفة,الثقافة,رأي
بمَ تقضي عطلاتِك؟,فهم,الترفيه,رأي
بمَ تعتمدُ في العملِ؟,فهم,الاقتصاد والعمل,رأي
بمَ تجدُ راحتَك؟,فهم,الثقافة,رأي
بمَ تستندُ في قراراتِك؟,فهم,الثقافة,رأي
بمَ تعتمدُ في تحسينِ نفسِك؟,فهم,التعليم,رأي
بمَ تجدُ سعادتَك؟,فهم,الثقافة,رأي
بمَ تجدُ سعادتَك؟,فهم,الثقافة,رأي
بمَ تعتمدُ في تنظيمِ وقتِك؟,فهم,الثقافة,رأي
بمَ تجدُ نفسَك مبدعًا؟,فهم,الثقافة,رأي
بمَ تستندُ في اختيارِ أصدقائك؟,فهم,الثقافة,رأي
بمَ تجدُ الاسترخاءَ؟,فهم,الثقافة,رأي
بمَ تعتمدُ في تعلمِ لغاتٍ جديدة؟,فهم,التعليم,رأي
بمَ تستندُ في حفظِ المعلومات؟,فهم,التعليم,رأي
بمَ تعتمدُ في تحسينِ علاقاتِك؟,فهم,الثقافة,رأي
بمَ تجدُ السعادةَ؟,فهم,الثقافة,رأي
بمَ تستندُ في اتخاذِ القرارات؟,فهم,الثقافة,رأي
بمَ تجدُ الإلهامَ؟,فهم,الثقافة,رأي
بمَ تعتمدُ في الحفاظِ على صحتِك؟,فهم,الصحة,رأي
بمَ تجدُ نفسَك مرتاحًا؟,فهم,الثقافة,رأي
بمَ تستندُ في تنظيمِ وقتِك؟,فهم,الثقافة,رأي
بمَ تعتمدُ في تطويرِ نفسِك؟,فهم,التعليم,رأي
بمَ تجدُ المتعةَ؟,فهم,الثقافة,رأي
بمَ تعتمدُ في تحسينِ نفسِك؟,فهم,التعليم,رأي
بمَ تستندُ في التفكير؟,فهم,التعليم,رأي
بمَ تجدُ الراحةَ النفسية؟,فهم,الصحة,رأي
بمَ تعتمدُ في تحسينِ علاقاتِك؟,فهم,الثقافة,رأي
بمَ تستندُ في اختيارِ الأطعمة؟,فهم,الصحة,رأي
بمَ تجدُ الإلهامَ في السفر؟,فهم,الترفيه,رأي
ما هو أهمُ هدفٍ لكَ في الحياة؟,تطبيق,الثقافة,رأي
ما هو أفضلُ كتابٍ قرأتَه؟,تطبيق,الثقافة,رأي
ما هو أهمُ هدفٍ في حياتِك؟,تطبيق,الثقافة,رأي
ما هو أهمُ شيءٍ في حياتِك؟,تقييم,الثقافة,رأي
"إذا كانت الكتب تستطيع التحدث، ما هو الكتاب الذي ستختاره للتحدث معه؟",تحليل,الثقافة,رأي
"إذا كان بإمكانك تغيير لون السماء، ما اللون الذي ستختاره؟",تحليل,الثقافة,رأي
ما هو رأيكَ في هذا الموضوعِ؟,تقييم,الثقافة,رأي
ماذا تفضلُ من الأطعمة؟,معرفة,الصحة,رأي
ماذا تفضلُ من الألوان؟,تقييم,الثقافة,رأي
ماذا تُحبُّ من الرياضات؟,تطبيق,الرياضة,رأي
ماذا تُحبُّ من الأنشطة؟,فهم,الثقافة,رأي
"إذا كان بإمكانك التحدث مع الحيوانات، ماذا سيكون أول شيء ستسأل عنه؟",تحليل,الثقافة,رأي
"ماذا لو كانت الأرض مصنوعة من الشوكولاتة، كيف ستتغير حياتنا اليومية؟",تحليل,الثقافة,رأي
"ماذا لو كانت الأشجار تتحدث، ماذا تعتقد أنها ستقول؟",تحليل,الثقافة,رأي
"إذا كنت تملك قوة خارقة واحدة، ماذا ستكون؟",تحليل,الثقافة,رأي
"إذا كانت الكائنات الفضائية تزور الأرض، ماذا تعتقد أنهم سيفعلون؟",تحليل,الثقافة,رأي
"إذا كان بإمكانك العيش إلى الأبد، ماذا ستفعل في وقتك؟",تحليل,الثقافة,رأي
"ماذا لو كان بإمكانك تغيير شكل جسمك، ماذا ستختار؟",تحليل,الصحة,رأي
"إذا كان بإمكانك التحدث مع الأشجار، ماذا ستسألها؟",تحليل,الثقافة,رأي
ماذا لو كانت هناك كائنات بحرية عملاقة تعيش على اليابسة؟,تحليل,الثقافة,رأي
ماذا لو كانت هناك حيوانات قادرة على الكتابة والقراءة؟,فهم,الثقافة,رأي
"إذا كان بإمكانك تغيير صوتك إلى أي صوت تريده، ماذا ستختار؟",فهم,الصحة,رأي
ماذا لو كانت الأشجار تصدر رائحة عطرة طوال الوقت؟,فهم,البيئة والطاقة,رأي
ماذا لو كانت هناك مخلوقات بحرية تستطيع الطيران؟,فهم,الثقافة,رأي
"ماذا لو كان بإمكانك التحدث مع الآلات، ماذا ستقول لها؟",فهم,التكنولوجيا,رأي
ماذا لو كانت هناك كائنات تعيش في السماء؟,فهم,الثقافة,رأي
"إذا كان بإمكانك التواصل مع الحشرات، ماذا ستسألها؟",فهم,البيئة والطاقة,رأي
"إذا كان بإمكانك التحدث مع النجوم، ماذا ستقول لها؟",فهم,العلوم,رأي
"إذا كان بإمكانك التحكم في جاذبية الأرض، ماذا ستفعل؟",تحليل,العلوم,رأي
ماذا لو كانت هناك أطعمة تمنحك قوى خارقة؟,تحليل,الصحة,رأي
"إذا كان بإمكانك التحدث مع البحر، ماذا ستسأله؟",تحليل,البيئة والطاقة,رأي
"إذا كان بإمكانك تغيير لون بشرتك، ماذا ستختار؟",تحليل,الصحة,رأي
"إذا كان بإمكانك التحدث مع الروبوتات، ماذا ستقول لها؟",تحليل,التكنولوجيا,رأي
"إذا كان بإمكانك التحدث مع الصخور، ماذا ستقول لها؟",تحليل,البيئة والطاقة,رأي
"إذا كان بإمكانك التحدث مع الرياح، ماذا ستقول لها؟",تحليل,البيئة والطاقة,رأي
"إذا كان بإمكانك التحدث مع الجبال، ماذا ستقول لها؟",تحليل,الجغرافيا,رأي
"إذا كان بإمكانك التحدث مع البحار، ماذا ستقول لها؟",تحليل,البيئة والطاقة,رأي
"إذا كان بإمكانك التحدث مع النجوم، ماذا ستقول لها؟",تحليل,العلوم,رأي
"إذا كان بإمكانك التحدث مع الصخور، ماذا ستقول لها؟",تحليل,البيئة والطاقة,رأي
"إذا كان بإمكانك التحدث مع الرياح، ماذا ستقول لها؟",تحليل,البيئة والطاقة,رأي
ماذا تظنُّ عن الطقسِ اليوم؟,تقييم,الثقافة,رأي
ماذا تُحبُّ أن تأكلَ؟,معرفة,الثقافة,رأي
ماذا تفضلُ من هوايات؟,معرفة,الثقافة,رأي
ماذا تتمنى أن تصبحَ في المستقبل؟,معرفة,التعليم,رأي
ماذا تُفضلُ من الرياضات؟,معرفة,الرياضة,رأي
ماذا تفضلُ من الألوان؟,فهم,الثقافة,رأي
ماذا تُحبُّ أن تُسافرَ؟,معرفة,الترفيه,رأي
ماذا تُفضلُ من الأطعمة؟,فهم,الثقافة,رأي
ماذا تُحبُّ أن تتعلمَ؟,معرفة,التعليم,رأي
ماذا تفضلُ من الأفلام؟,معرفة,الترفيه,رأي
ماذا تُفضلُ من الملابس؟,فهم,الثقافة,رأي
ماذا تُفضلُ من الأنشطةِ الرياضية؟,فهم,الرياضة,رأي
ماذا تعني لكَ الصداقة؟,فهم,الثقافة,رأي
ماذا تعني لكَ العائلة؟,فهم,الثقافة,رأي
ماذا يعني لكَ النجاح؟,فهم,الثقافة,رأي
ماذا تعني لكَ الحرية؟,فهم,الثقافة,رأي
ماذا تعني لكَ القراءة؟,معرفة,الثقافة,رأي
ماذا يعني لكَ الحب؟,معرفة,الثقافة,رأي
ماذا تعني لكَ الفنونُ الجميلة؟,معرفة,الثقافة,رأي
ماذا تعني لكَ الثقافة؟,معرفة,الثقافة,رأي
ماذا يعني لكَ الأمان؟,فهم,الثقافة,رأي
ماذا تعني لكَ العطلات؟,فهم,الترفيه,رأي
ماذا تعني لكَ الموسيقى؟,فهم,الثقافة,رأي
ماذا يعني لكَ النجاحُ المهني؟,معرفة,التعليم,رأي
ماذا يعني لكَ السفر؟,فهم,الترفيه,رأي
ماذا تعني لكَ الأسرة؟,فهم,الثقافة,رأي
ماذا تظنُّ عن المناخِ الحالي؟,فهم,الثقافة,رأي
كيف ترى تأثير وسائل التواصل الاجتماعي على العلاقات الاجتماعية؟,تحليل,الثقافة,رأي
ما هو رأيك في أهمية القراءة في تطوير الشخصية؟,تحليل,الثقافة,رأي
ما رأيك في تأثير التكنولوجيا على حياتنا اليومية؟,تحليل,التكنولوجيا,رأي
كيف تعتقد أن الفن يعكس الواقع الاجتماعي؟,تحليل,الثقافة,رأي
ما هو رأيك في أهمية الحفاظ على التراث الثقافي؟,تحليل,الثقافة,رأي
ما هو تأثير الأدب على المجتمع من وجهة نظرك؟,تحليل,الثقافة,رأي
كيف ترى دور الإعلام في توجيه الرأي العام؟,تحليل,الثقافة,رأي
ما هو رأيك في ضرورة تعليم الفنون في المدارس؟,تحليل,التعليم,رأي
ما هو رأيك في دور التعليم في تحقيق المساواة الاجتماعية؟,تحليل,التعليم,رأي
كيف ترى تأثير التكنولوجيا على الخصوصية الشخصية؟,تحليل,التكنولوجيا,رأي
ما هو رأيك في أهمية الحوار بين الثقافات المختلفة؟,تحليل,الثقافة,رأي
كيف يمكن للفنون أن تعزز الحوار الاجتماعي؟,تحليل,الثقافة,رأي
ما هو تأثير وسائل الإعلام على تشكيل الهوية الثقافية من وجهة نظرك؟,تحليل,الثقافة,رأي
ما هو دور القراءة في تطوير التفكير النقدي برأيك؟,تحليل,الثقافة,رأي
كيف يمكن للتعليم أن يسهم في تعزيز الوعي البيئي؟,تحليل,التعليم,رأي
علل استيراد الأردن للمنتجات الغذائية الأساسية.,فهم,السياسة والقانون,تفسير
علِّلْ قرارَكَ بدراسةِ الأدب.,تحليل,التعليم,تفسير
علِّلْ رغبتَكَ في تعلمِ اللغاتِ الجديدة.,تحليل,التعليم,تفسير
علِّلْ اهتمامَكَ بالتعلمِ المستمر.,تحليل,التعليم,تفسير
علِّلْ سببَ حبِّكَ للقراءةِ اليومية.,تحليل,الثقافة,تفسير
علِّلْ أهميةَ الرياضة.,تحليل,الصحة,تفسير
علِّلْ أهميةَ النومِ الجيد.,تحليل,الصحة,تفسير
علِّلْ اهتمامَكَ بالصحةِ النفسية.,تحليل,الصحة,تفسير
علِّلْ اهتمامَكَ بالصحة.,تحليل,الصحة,تفسير
علِّلْ رغبتَكَ في السفر.,تحليل,السفر والسياحة,تفسير
علِّلْ رغبتَكَ في السفرِ للترفيه.,تحليل,السفر والسياحة,تفسير
علِّلْ رغبتَكَ في السفرِ للعمل.,تحليل,السفر والسياحة,تفسير
علِّلْ قرارَكَ بالعملِ في الخارج.,تحليل,الاقتصاد والعمل,تفسير
علِّلْ قرارَكَ بالدراسةِ في الخارج.,تحليل,التعليم,تفسير
علِّلْ قرارَكَ بالتطوع.,تحليل,التطوع,تفسير
علِّلْ قرارَكَ بالتطوعِ في المجتمع.,تحليل,التطوع,تفسير
علِّلْ اهتمامَكَ بالتكنولوجيا.,تحليل,التكنولوجيا,تفسير
علِّلْ قرارَكَ بالعملِ في مجالِ التكنولوجيا.,تحليل,التكنولوجيا,تفسير
علِّلْ اهتمامَكَ بالفنونِ الجميلة.,تحليل,الثقافة,تفسير
علِّلْ سببَ حبِّكَ للفنون.,تحليل,الثقافة,تفسير
علِّلْ سببَ حبِّكَ للفنِّ الحديث.,تحليل,الثقافة,تفسير
علِّلْ اهتمامَكَ بالفنونِ الجميلة.,تحليل,الثقافة,تفسير
علِّلْ سببَ حبِّكَ للفن.,تحليل,الثقافة,تفسير
علِّلْ تفضيلَكَ للعملِ الجماعي.,تحليل,الاقتصاد والعمل,تفسير
علِّلْ رغبتَكَ في تحسينِ علاقاتِك.,تحليل,الثقافة,تفسير
علِّلْ اهتمامَكَ بالبيئة.,تحليل,الثقافة,تفسير
علِّلْ سببَ حبِّكَ للموسيقى.,تحليل,الثقافة,تفسير
علِّلْ سببَ حبِّكَ للموسيقى الكلاسيكية.,تحليل,الثقافة,تفسير
علِّلْ سببَ حبِّكَ للرياضةِ الجماعية.,تحليل,الرياضة,تفسير
علِّلْ سببَ حبِّكَ للرياضةِ الفردية.,تحليل,الرياضة,تفسير
علِّلْ اهتمامَكَ بالنومِ الجيد.,تحليل,الصحة,تفسير
علِّلْ اهتمامَكَ بالقراءة.,معرفة,الثقافة,تفسير
علِّلْ لماذا يُعتبر التعلم المستمر ضرورياً.,تطبيق,التعليم,تفسير
علِّلْ أهمية النظافة الشخصية.,تطبيق,الصحة,تفسير
علِّلْ أهمية استخدام التكنولوجيا في التعليم.,تطبيق,التعليم,تفسير
علل أهمية القراءة في تنمية المعرفة.,تحليل,التعليم,تفسير
علل أسباب ارتفاع معدل البطالة في المجتمع.,تحليل,الاقتصاد والعمل,تفسير
علل أهمية ممارسة الرياضة اليومية للحفاظ على اللياقة البدنية.,تحليل,الصحة,تفسير
علِّلْ لماذا تفضل الفصول الأربعة.,تطبيق,الثقافة,تفسير
علل ارتفاع قيمة الصادرات الزراعية في عام 2007.,فهم,السياسة والقانون,تفسير
لمَ تظنُّ أنَ التعليمَ عن بعدٍ أفضلُ؟,فهم,التعليم,تفسير
لمَ تظنُّ أنَ التعليمَ هو المفتاحُ للنجاح؟,فهم,التعليم,تفسير
لمَ تظنُّ أنَ الصداقةَ ضروريةٌ للسعادة؟,فهم,الثقافة,تفسير
لمَ تظنُّ أنَ الرياضةَ تقوي الجسمَ والعقلَ؟,فهم,الرياضة,تفسير
لمَ تدرسُ الأدبَ العربي؟,فهم,التعليم,تفسير
لمَ تُحبُّ الرياضيات؟,فهم,التعليم,تفسير
لمَ تُفضلُ العطلات الصيفية؟,فهم,الترفيه,تفسير
لمَ ترغبُ في تعلم البرمجة؟,فهم,التكنولوجيا,تفسير
لمَ تعتبرُ القراءةَ هوايتَك المفضلة؟,فهم,الثقافة,تفسير
لمَ تفضلُ السكنَ في المدينةِ عن الريف؟,فهم,الثقافة,تفسير
لمَ قررتَ متابعةَ الدراساتِ العليا؟,فهم,التعليم,تفسير
لمَ تحبُّ ممارسةَ الرياضة؟,فهم,الرياضة,تفسير
لمَ تجدُ الصداقةَ أمرًا مهمًا؟,فهم,الثقافة,تفسير
لمَ تتعلمُ اللغةَ الإنجليزية؟,فهم,التعليم,تفسير
لمَ تشاهدُ الأفلامَ الوثائقية؟,فهم,الترفيه,تفسير
لمَ تُفضلُ الطقسَ البارد؟,فهم,الثقافة,تفسير
لمَ تحبُّ السفرَ إلى الخارج؟,فهم,الترفيه,تفسير
لمَ تهتمُّ بالفنِّ الحديث؟,فهم,الثقافة,تفسير
لمَ تقرأُ الكتبَ التاريخية؟,فهم,الثقافة,تفسير
لمَ تختارُ الأكلَ الصحي؟,فهم,الصحة,تفسير
لمَ تُؤمنُ بأهميةِ الوقت؟,فهم,الثقافة,تفسير
لمَ تُحبُّ الرسمَ؟,فهم,الثقافة,تفسير
لمَ تهتمُّ بالتكنولوجيا؟,فهم,التكنولوجيا,تفسير
لمَ تُحبُّ الحيواناتَ الأليفة؟,فهم,الثقافة,تفسير
لمَ تعتبرُ الرياضةَ جزءًا من حياتك؟,فهم,الرياضة,تفسير
لمَ تتعلمُ العزفَ على آلةٍ موسيقية؟,فهم,الثقافة,تفسير
لمَ ترغبُ في العملِ في الخارج؟,فهم,التعليم,تفسير
لمَ تحبُّ التطوعَ في المجتمع؟,فهم,التطوع,تفسير
لمَ تجدُ العلمَ ممتعًا؟,فهم,التعليم,تفسير
لمَ تُفضلُ قراءةَ الروايات؟,فهم,الثقافة,تفسير
لمَ تحبُّ البحرَ؟,فهم,الثقافة,تفسير
لمَ تهتمُّ بالبيئة؟,فهم,الثقافة,تفسير
لمَ تحبُّ الأطفالَ؟,فهم,الثقافة,تفسير
لمَ تُفضلُ العملَ الجماعي؟,فهم,التعليم,تفسير
لمَ تختارُ الدراسةَ في الخارج؟,فهم,التعليم,تفسير
لمَ ترغبُ في تعلمِ لغاتٍ جديدة؟,فهم,التعليم,تفسير
لمَ تُحبُّ الموسيقى الكلاسيكية؟,فهم,الثقافة,تفسير
لمَ تهتمُّ بالتاريخ؟,فهم,الثقافة,تفسير
لمَ تُفضلُ العملَ في مجالِ التكنولوجيا؟,فهم,التكنولوجيا,تفسير
لمَ تحبُّ التصويرَ الفوتوغرافي؟,فهم,الثقافة,تفسير
لمَ تجدُ السفرَ مغامرة؟,فهم,الترفيه,تفسير
لمَ تهتمُّ بالصحةِ النفسية؟,فهم,الصحة,تفسير
لمَ تُفضلُ العملَ الحر؟,فهم,الاقتصاد والعمل,تفسير
لمَ تحبُّ الأكلَ الحار؟,فهم,الثقافة,تفسير
لمَ تجدُ الرياضياتَ مثيرةً للاهتمام؟,فهم,التعليم,تفسير
لمَ ترغبُ في زيارةِ المتاحف؟,فهم,الثقافة,تفسير
لمَ تهتمُّ بالعلومِ الفضائية؟,فهم,التكنولوجيا,تفسير
لمَ تُفضلُ القراءةَ عن مشاهدةِ التلفاز؟,فهم,الثقافة,تفسير
لمَ تحبُّ العملَ التطوعي؟,فهم,التطوع,تفسير
لمَ تجدُ اللغةَ العربيةَ جميلةً؟,فهم,الثقافة,تفسير
لمَ تعتبر الطاقة الشمسية مصدراً مهماً للطاقة المتجددة؟,تحليل,التكنولوجيا,تفسير
لمَ يتم استخدام الأحماض في بعض التفاعلات الكيميائية؟,تحليل,التعليم,تفسير
لمَ يُفضل بعض الناس القراءة في الصباح الباكر؟,فهم,الثقافة,تفسير
لمَ تُعدُّ الرياضيات مادةً أساسية في المناهج الدراسية؟,فهم,التعليم,تفسير
لمَ تعتمد النباتات على عملية البناء الضوئي؟,معرفة,العلوم,تفسير
لمَ تُعتبر الرياضيات أساساً للعلوم الأخرى؟,تطبيق,التعليم,تفسير
لمَ يحتاج الجسم إلى الماء للبقاء حياً؟,تطبيق,الصحة,تفسير
لمَ تعتبر الفصول الأربعة مهمة للبيئة؟,فهم,العلوم,تفسير
لمَ يُستخدم الذهب في صناعة المجوهرات؟,فهم,التكنولوجيا,تفسير
لمَ يتغير لون أوراق الشجر في الخريف؟,فهم,العلوم,تفسير
لمَ تُعقد المؤتمرات الدولية؟,معرفة,السياسة والقانون,تفسير
لمَ تعتبر القراءة مفيدة للأطفال؟,معرفة,التعليم,تفسير
لمَ يحتاج الإنسان إلى النوم؟,معرفة,الصحة,تفسير
لمَ تُعتبر الشمس مصدر الحياة على الأرض؟,معرفة,العلوم,تفسير
لمَ يعتمد العلماء على التجارب لاكتشاف الحقائق؟,معرفة,العلوم,تفسير
لمَ يُعتبر النظام الشمسي نموذجاً للدراسة؟,معرفة,العلوم,تفسير
لمَ تعتمد النباتات على الضوء في عملية البناء الضوئي؟,معرفة,العلوم,تفسير
لمَ تُستخدم الأدوية لعلاج الأمراض؟,معرفة,الصحة,تفسير
لمَ يفضل البعض العمل في الصباح؟,معرفة,الثقافة,تفسير
لمَ تُعتبر الصحة النفسية مهمة؟,معرفة,الصحة,تفسير
لمَ يختلف الناس في ثقافاتهم؟,معرفة,الثقافة,تفسير
لمَ تُعتبر الرياضة جزءاً أساسياً من نمط الحياة الصحي؟,معرفة,الصحة,تفسير
لمَ تحتاج الحيوانات إلى الغذاء؟,معرفة,العلوم,تفسير
لمَ يُعتبر الماء ضرورياً للحياة؟,معرفة,الصحة,تفسير
لمَ تُعتبر الفنون مهمة للمجتمع؟,معرفة,الثقافة,تفسير
لمَ يفضل الناس العيش في المدن؟,معرفة,الثقافة,تفسير
لمَ تتغير الفصول في السنة؟,معرفة,العلوم,تفسير
لمَ يُعتبر التعلم المستمر ضرورياً؟,معرفة,التعليم,تفسير
لمَ تحتاج الشركات إلى خطة عمل؟,معرفة,الاقتصاد والعمل,تفسير
لمَ تُعتبر الديمقراطية نظام حكم فعال؟,معرفة,السياسة والقانون,تفسير
لمَ تتنوع النباتات في البيئة؟,معرفة,العلوم,تفسير
لمَ يُستخدم الكمبيوتر في التعليم؟,معرفة,التعليم,تفسير
لمَ تعتبر الطيور مغردة؟,معرفة,العلوم,تفسير
لمَ يعتمد الاقتصاد على السوق؟,معرفة,الاقتصاد والعمل,تفسير
لمَ يختلف المناخ من منطقة لأخرى؟,معرفة,العلوم,تفسير
لمَ تحتاج البيئات الطبيعية إلى حماية؟,معرفة,البيئة والطاقة,تفسير
لمَ تُستخدم الألوان في الرسم؟,معرفة,الثقافة,تفسير
لمَ يحتاج الإنسان إلى الراحة؟,معرفة,الصحة,تفسير
لمَ تُعتبر الثقافة جزءاً من الهوية؟,معرفة,الثقافة,تفسير
لمَ يفضل البعض الطعام الصحي؟,معرفة,الصحة,تفسير
لمَ تُستخدم الرموز في الرياضيات؟,معرفة,التعليم,تفسير
لمَ تُعتبر اللغة وسيلة للتواصل؟,معرفة,الثقافة,تفسير
لمَ تعتمد بعض الصناعات على التكنولوجيا؟,معرفة,التكنولوجيا,تفسير
لمَ يُعتبر العمل التطوعي مهماً؟,معرفة,التطوع,تفسير
لمَ تُستخدم الخرائط في الجغرافيا؟,معرفة,الجغرافيا,تفسير
لمَ يحتاج الإنسان إلى الهواء النقي؟,معرفة,الصحة,تفسير
لمَ يُعتبر التخطيط المالي ضرورياً؟,معرفة,الاقتصاد والعمل,تفسير
لمَ تُعتبر الشمس نجم مهم؟,معرفة,العلوم,تفسير
لمَ تعتمد الحياة على كوكب الأرض؟,معرفة,العلوم,تفسير
لمَ تُعتبر النظافة الشخصية ضرورية؟,معرفة,الصحة,تفسير
لمَ يتغير الطقس باستمرار؟,معرفة,العلوم,تفسير
لمَ تُعتبر الكائنات الحية متنوعة؟,معرفة,العلوم,تفسير
لمَ يعتمد النمو الاقتصادي على التعليم؟,معرفة,الاقتصاد والعمل,تفسير
لمَ يختلف الطول في الليل والنهار؟,معرفة,العلوم,تفسير
لمَ تُعتبر المياه العذبة مهمة للبقاء؟,معرفة,الصحة,تفسير
لماذا تُحبُّ القراءة؟,فهم,الثقافة,تفسير
لماذا تُفضلُ العملَ الجماعي؟,تقييم,الاقتصاد والعمل,تفسير
لماذا تدرسُ الأدبَ؟,تقييم,التعليم,تفسير
لماذا تُفضلُ السفرَ للخارج؟,تقييم,السفر والسياحة,تفسير
لماذا تهتمُّ بالبيئة؟,فهم,الثقافة,تفسير
لماذا تُحبُّ الموسيقى؟,فهم,الثقافة,تفسير
لماذا تُفضلُ الأكلَ الصحي؟,تطبيق,الصحة,تفسير
لماذا تُحبُّ القراءةَ في الليل؟,تقييم,الثقافة,تفسير
لماذا تهتمُّ بالصحةِ النفسية؟,معرفة,الصحة,تفسير
لماذا تُفضلُ السفرَ للعمل؟,تطبيق,السفر والسياحة,تفسير
لماذا ستتغير طريقة الحياة إذا أصبح الناس قادرين على قراءة الأفكار؟,تحليل,العلوم,تفسير
لماذا سيصبح التواصل مع الكائنات الفضائية ضروريًا إذا تم اكتشاف حياة ذكية في مجرتنا؟,تحليل,العلوم,تفسير
لماذا ستتوقف الحروب إذا تم اختراع جهاز يمحو الذكريات السيئة؟,تحليل,العلوم,تفسير
لماذا سيكون على البشر البحث عن كوكب جديد إذا توقفت الشمس عن الإشعاع؟,فهم,العلوم,تفسير
لماذا ستنقلب موازين القوى إذا تمكن الناس من التنقل عبر الأبعاد الموازية؟,فهم,العلوم,تفسير
لماذا ستكون الحاجة للطعام أقل إذا اكتشف العلماء وسيلة لتغذية الجسم بالطاقة الشمسية مباشرة؟,فهم,العلوم,تفسير
لماذا ستصبح العملات غير ضرورية إذا تبنى العالم اقتصادًا يعتمد على تبادل الخدمات؟,فهم,الاقتصاد والعمل,تفسير
لماذا سيكون على البشر تغيير سلوكهم إذا كانت الحيوانات تملك حقوقًا قانونية مماثلة للإنسان؟,فهم,الثقافة,تفسير
لماذا ستتغير الفنون إذا أصبحت الأعمال الفنية تنبض بالحياة وتتفاعل مع المشاهدين؟,فهم,الثقافة,تفسير
لماذا تم انتقاد فكرة الصرفة من قبل بعض العلماء المسلمين؟,فهم,الدين,تفسير
لماذا احتار العرب عند سماعهم للقرآن لأول مرة؟,فهم,الدين,تفسير
لماذا لم يتمكن العرب من تصنيف كلمات القرآن؟,فهم,الدين,تفسير
لماذا أضاف إبراهيم النظام فكرة الصرفة إلى النقاش حول إعجاز القرآن؟,فهم,الدين,تفسير
لماذا تعد زبدة الفول السوداني من المواد المسرطنة؟,معرفة,الصحة,تفسير
لماذا يشكل دخان التبغ خطراً صحياً؟,فهم,الصحة,تفسير
لماذا يعتبر الفورمالديهايد خطراً صحياً؟,معرفة,الصحة,تفسير
لماذا يؤدي اضطراب الإيقاع اليومي إلى انخفاض في خلايا المناعية؟,فهم,الصحة,تفسير
لماذا يجب مراقبة دورية لرصد تطور سرطاني عند التعرض للضوء الليلي؟,معرفة,الصحة,تفسير
لماذا تعتبر المواد المسرطنة الناتجة عن شوي اللحوم خطيرة؟,فهم,الصحة,تفسير
لماذا تواجه الزراعة في الأردن مشاكل وتحديات؟,معرفة,السياسة والقانون,تفسير
لماذا ارتفعت قيمة الصادرات الزراعية في عام 2007؟,فهم,السياسة والقانون,تفسير
لماذا تختلف وجهات النظر في تفسير التاريخ الإسلامي؟,معرفة,التاريخ,تفسير
لماذا تختلف تفسيرات المؤرخين للتاريخ الإسلامي؟,فهم,التاريخ,تفسير
لماذا كانت خطبة أبي بكر بعد البيعة مهمة؟,معرفة,التاريخ,تفسير
لماذا أمر أبو بكر بإنفاذ جيش أسامة بن زيد؟,معرفة,التاريخ,تفسير
لماذا كانت خطبة أبي بكر مهمة بعد البيعة؟,معرفة,التاريخ,تفسير
لماذا أمر أبو بكر بإنفاذ جيش أسامة بن زيد؟,فهم,التاريخ,تفسير
لماذا رفض أبو بكر ترك القبائل الممتنعة عن دفع الزكاة؟,فهم,التاريخ,تفسير
لماذا كان جمع القرآن مهما بعد معركة اليمامة؟,فهم,التاريخ,تفسير
لماذا كانت خطبة أبو بكر مهمة بعد البيعة؟,معرفة,التاريخ,تفسير
لماذا كان جمع القرآن مهما بعد معركة اليمامة؟,فهم,التاريخ,تفسير
لماذا شهدت الدولة في عهد معاوية فترة من الاستقرار والرخاء؟,فهم,التاريخ,تفسير
لماذا لُقب عمر بن عبد العزيز بخامس الخلفاء الراشدين؟,فهم,التاريخ,تفسير
لماذا كان للفاطميين أثر كبير في التاريخ الإسلامي؟,معرفة,التاريخ,تفسير
لماذا لُقب سليم الأول بخادم الحرمين؟,معرفة,التاريخ,تفسير
لماذا تحالف العثمانيون مع أوروبا لإيقاف محمد علي؟,فهم,التاريخ,تفسير
لماذا أنشأ ثيودر هرتزل الصندوق اليهودي الوطني؟,معرفة,التاريخ,تفسير
لماذا يشرع للمتعجل المبيت ليلتين فقط في منى؟,معرفة,الدين,تفسير
لماذا يقوم الحاج بحلق الشعر أو التقصير؟,معرفة,الدين,تفسير
لماذا تمتلئ أكياس الشيبسي بالهواء؟,تحليل,التكنولوجيا,تفسير
لماذا تضع بورشه مفتاح تشغيل المحرك إلى يسار المقود؟,تحليل,التكنولوجيا,تفسير
لماذا يوجد خطّ تحت حرفي J وF في الكيبورد؟,تحليل,التكنولوجيا,تفسير
لماذا يوضع اللابتوب بسلة منفصلة خلال التفتيش في المطارات؟,تحليل,التكنولوجيا,تفسير
لماذا شرع الله الحج؟,تحليل,الدين,تفسير
لماذا يخاف الغرب من الإسلام؟,تحليل,السياسة والقانون,تفسير
لماذا تخاف النساء العناكب؟,تحليل,البيئة والطاقة,تفسير
لماذا يجب على كبار السن الإكثار من تناول الشوكولاته؟,تحليل,الصحة,تفسير
لماذا يزيد الألم في الرأس أكثر من باقي الجسد؟,تحليل,الصحة,تفسير
لماذا تسبب مضادات الاكتئاب البدانة؟,تحليل,الصحة,تفسير
لماذا يزيد الوزن في رمضان رغم الصيام؟,تحليل,الصحة,تفسير
لماذا يوجد خطّ تحت حرفي J وF؟,تحليل,التكنولوجيا,تفسير
لماذا تسعى السعودية الغنية بالنفط لامتلاك طاقة نووية؟,تحليل,السياسة والقانون,تفسير
لماذا اقتحمت الشرطة الإسبانية الطائرة الخاصة بـ بيب غوارديولا؟,تحليل,السياسة والقانون,تفسير
لماذا يجب الاستثمار في العقارات؟,تحليل,الاقتصاد والعمل,تفسير
لماذا لا نفقد الوزن رغم اتباع الحمية؟,تحليل,الصحة,تفسير
لماذا يحمل الرواد أسلحة إلى الفضاء؟,تحليل,التكنولوجيا,تفسير
لماذا يصعب على الشباب العثور على شريك الحياة؟,تحليل,العلوم,تفسير
لماذا ننسى بعض الذكريات دون غيرها؟,تحليل,العلوم,تفسير
لماذا توجد المرآة في المصاعد؟,تحليل,التكنولوجيا,تفسير
لماذا يقودنا الملل إلى النعاس؟,تحليل,العلوم,تفسير
لماذا لا يمكننا استرجاع ذكريات الطفولة المبكرة؟,تحليل,العلوم,تفسير
لماذا تحرص الكلاب على صداقة البشر؟,تحليل,البيئة والطاقة,تفسير
لماذا يجب على مرضى السكري زيارة طبيب الأسنان دوريا؟,تحليل,الصحة,تفسير
لماذا يختلف عمل دماغ المرأة عن الرجل؟,تحليل,العلوم,تفسير
لماذا يعتبر الربو عائقا أمام الحمل؟,تحليل,الصحة,تفسير
لماذا انسحبت أوبر من جنوب شرق آسيا؟,تحليل,الاقتصاد والعمل,تفسير
لماذا فشل الاتحاد السوفيتي في بناء ديزني لاند الشرق؟,تحليل,التاريخ,تفسير
لماذا تتجول خلايا السرطان في جسم المريض؟,تحليل,الصحة,تفسير
لماذا يصعب على الكبار تعلم لغة أجنبية؟,تحليل,العلوم,تفسير
لماذا لا يجب أن نخلد إلى النوم ونحن غاضبون؟,تحليل,العلوم,تفسير
لماذا يتغير الشعر كل سبع سنوات؟,تحليل,الصحة,تفسير
لماذا الرجال أطول من النساء؟,تحليل,العلوم,تفسير
لماذا نشعر بالغضب عند الجوع؟,تحليل,العلوم,تفسير
لماذا عمر الرجال أقصر من عمر النساء؟,تحليل,العلوم,تفسير
لماذا يعد التفاح من الأغذية الشافية؟,تحليل,الصحة,تفسير
لماذا ترك أردوغان عالم الساحرة المستديرة؟,تحليل,التاريخ,تفسير
لماذا ينصح الخبراء بعدم إزالة تجاعيد الوجه؟,تحليل,الصحة,تفسير
لماذا يمص الطفل إصبعه؟,تحليل,العلوم,تفسير
لماذا تظهر الجيوب تحت العين؟,تحليل,الصحة,تفسير
لماذا ننام أقل كلما تقدم بنا العمر؟,تحليل,الصحة,تفسير
لماذا تعمر النساء أكثر من الرجال؟,تحليل,الصحة,تفسير
لماذا تسمن النساء مع التقدم بالعمر؟,تحليل,الصحة,تفسير
لماذا يصبح الأطفال عدوانيين؟,تحليل,العلوم,تفسير
لماذا يكذبون في الأول من أبريل؟,تحليل,الثقافة,تفسير
لماذا يحذر العلماء من النوم الطويل؟,تحليل,الصحة,تفسير
لماذا يعيش البشر على كوكب الأرض وليس الزهرة؟,تحليل,البيئة والطاقة,تفسير
لماذا توقف تصنيع القطار النووي الروسي؟,تحليل,التكنولوجيا,تفسير
لماذا تظلم السماء ليلاً رغم وجود مليارات النجوم؟,تحليل,البيئة والطاقة,تفسير
لماذا تكثر نزلات البرد والإنفلونزا في الشتاء؟,تحليل,الصحة,تفسير
لماذا ينصح العلماء باستخدام الساونا؟,تحليل,الصحة,تفسير
لماذا يسمّي العلماء السّكر العدو رقم 1 للإنسان؟,تحليل,الصحة,تفسير
لماذا تُخفف الإضاءة في الطائرة عند الإقلاع والهبوط؟,تحليل,التكنولوجيا,تفسير
لماذا يسيل الأنف أثناء البرد؟,تحليل,الصحة,تفسير
لماذا يظهر حب الشباب عند بعض الناس دون غيرهم؟,تحليل,الصحة,تفسير
لماذا لا نستطيع أنّ ندغدغ أنفسنا؟,تحليل,العلوم,تفسير
لماذا تختلف رائحة العطر عند استخدامه من أشخاص مختلفين؟,تحليل,البيئة والطاقة,تفسير
لماذا نعيد ارتكاب نفس الأخطاء؟,تحليل,العلوم,تفسير
"من دون حاجبينا كان من الممكن أن ننقرض، لماذا؟",تحليل,العلوم,تفسير
لماذا يبطأ الحاسوب مع مرور الزمن؟,تحليل,التكنولوجيا,تفسير
لماذا نصاب بالفواق ؟ ( الحازوقة ),تحليل,الصحة,تفسير
لماذا تتساقط أوراق الأشجار في الخريف ؟,تحليل,البيئة والطاقة,تفسير
لماذا يستخدم السيليكون دون غيره في دارات الحاسوب؟,تحليل,التكنولوجيا,تفسير
لماذا يقف طائر الفلامينغو على ساق واحدة؟,تحليل,البيئة والطاقة,تفسير
لماذا التثاؤب معد؟,تحليل,العلوم,تفسير
لماذا يجب عليك تحريك ذراعيك أثناء الركض؟,تحليل,الصحة,تفسير
لماذا يشيب الشعر و يصبح أبيض أو رمادي اللون؟,تحليل,الصحة,تفسير
لماذا يصاب البعض بنشوة جلدية عند استماعهم للموسيقى؟,تحليل,العلوم,تفسير
لماذا تعيش النساء مدة أطول من الرجال؟,تحليل,الصحة,تفسير
لماذا نرى من خلال الزجاج ولا يمكننا الرؤية من خلال الخشب وكلاهما صلب؟,تحليل,البيئة والطاقة,تفسير
لماذا تصبح خسارة الوزن أصعب مع التقدم بالعمر؟,تحليل,الصحة,تفسير
لماذا يصعب تعلم أشياء جديدة مع التقدم بالعمر؟,تحليل,العلوم,تفسير
لماذا تفور المشروبات الغازية إذا تم رجها؟,تحليل,العلوم,تفسير
لماذا نحتاج إلى النوم؟,تحليل,الصحة,تفسير
لماذا يمرض الناس عند تغير فصول السنة؟,تحليل,الصحة,تفسير
لماذا تصدر المعدة أصواتًا عند الشعور بالجوع؟,تحليل,الصحة,تفسير
لماذا يتبخر الماء في درجة حرارة الغرفة؟,تحليل,العلوم,تفسير
لماذا يتكلم البعض أثناء نومهم؟,تحليل,العلوم,تفسير
لماذا يتجمد الماء الدافئ أسرع من الماء البارد؟,تحليل,العلوم,تفسير
لماذا يستحيل تحقيق اكتشافات كبرى في العلوم بدون الرياضيات؟,تحليل,العلوم,تفسير
لماذا نشعر بالغضب عندما نجوع؟,تحليل,العلوم,تفسير
لماذا ترتفع حرارة أجسادنا من الحمى؟,تحليل,الصحة,تفسير
لماذا تعيش الكلاب الصغيرة أكثر من سلالات الكلاب الكبيرة؟,تحليل,البيئة والطاقة,تفسير
لماذا ترتجف عضلاتنا بعد التمرين القاسي؟,تحليل,الصحة,تفسير
لماذا تدور الأرض باستمرار؟,تحليل,البيئة والطاقة,تفسير
لماذا نستصعب الالتزام بالتمارين الرياضية؟,تحليل,العلوم,تفسير
لماذا تبدو الملابس المبللة أغمق لوناً؟,تحليل,البيئة والطاقة,تفسير
لماذا نشعر بالحكة؟,تحليل,الصحة,تفسير
لماذا يلتصق جلدك بالجليد إذا لمسته؟,تحليل,العلوم,تفسير
لماذا تتحرك عيناك عندما تحلم؟,تحليل,العلوم,تفسير
لماذا نعطس عندما نستنشق الفلفل؟,تحليل,الصحة,تفسير
لماذا يظهر حب الشباب عند بعض الأشخاص دون غيرهم؟,تحليل,الصحة,تفسير
لماذا تحمي التماسيح أعشاش الطيور؟,تحليل,البيئة والطاقة,تفسير
لماذا لا يستيقظ الناس على صوت شخيرهم؟,تحليل,العلوم,تفسير
لماذا يتخذ المراهقون قرارات خاطئة؟,تحليل,العلوم,تفسير
لماذا تتدهور بطارية الهاتف مع الوقت؟,تحليل,التكنولوجيا,تفسير
لماذا أشعر دائمًا بالبرد في يداي وقدماي؟,تحليل,الصحة,تفسير
لماذا تفشل الشركات الكبرى بعد نجاحها؟,تحليل,الاقتصاد والعمل,تفسير
لماذا نحن مهووسون بالفوز والربح؟,تحليل,العلوم,تفسير
لماذا نشعر بتسارع الزمن كلما تقدمنا بالسن؟,تحليل,العلوم,تفسير
لماذا نشعر بالتعب عندما يكون الجو حارًا؟,تحليل,الصحة,تفسير
لماذا نبكي عند تقطيع البصل؟,تحليل,العلوم,تفسير
لماذا تسبب القهوة رائحة فم كريهة؟,تحليل,الصحة,تفسير
لماذا يتغير لون شعرك كلما تقدمت بالعمر؟,تحليل,الصحة,تفسير
لماذا تنفجر بعض الصواريخ قبل الوصول لهدفها؟,تحليل,التكنولوجيا,تفسير
لماذا لا يمكننا الشعور بدوران الأرض؟,تحليل,العلوم,تفسير
لماذا نصرخ عند الشعور بالألم؟,تحليل,العلوم,تفسير
لماذا يطفو الزيت فوق الماء ولا يختلط معه؟,تحليل,العلوم,تفسير
لماذا حدثت الحرب العالمية الثانية بين دول أوروبا؟,تحليل,التاريخ,تفسير
لماذا تنشط بعض الحيوانات في الليل فقط؟,تحليل,البيئة والطاقة,تفسير
لماذا تباح الرؤية الشرعية من الخاطب للمخطوبة قبل الزواج؟,تحليل,الدين,تفسير
لماذا قد يشكل الذكاء الصناعي خطرًا على الوظائف البشرية؟,تحليل,التكنولوجيا,تفسير
لماذا أحدثت أشعة الليزر ثورة طبية؟,تحليل,الصحة,تفسير
لماذا تعد الخضروات الورقية ذات قيمة غذائية كبيرة؟,تحليل,الصحة,تفسير
لماذا غرق سفينة تيتانيك من أشهر الكوارث في التاريخ؟,تحليل,التاريخ,تفسير
لماذا تعتبر رضوى عاشور من أعظم الكاتبات العربيات؟,تحليل,الثقافة,تفسير
لماذا الغابات المطيرة مهددة بالانقراض؟,تحليل,البيئة والطاقة,تفسير
لماذا تشكل تأثير التكنولوجيا خطرًا على المجتمعات؟,تحليل,التكنولوجيا,تفسير
لماذا أصبحت بطاقة الائتمان وسيلة الدفع الأفضل؟,تحليل,الاقتصاد والعمل,تفسير
لماذا يتحول الذرة إلى الفشار عند تعريضه للحرارة؟,تحليل,العلوم,تفسير
لماذا وافق الرسول على صلح الحديبية مع كفار قريش؟,تحليل,التاريخ,تفسير
لماذا القراءة مهمة؟,تحليل,التعليم,تفسير
لماذا الخيول العربية الأصيلة هي الأفضل؟,تحليل,الثقافة,تفسير
لماذا يشدد الأطباء على أهمية الثوم صحيًا؟,تحليل,الصحة,تفسير
لماذا إعداد فيلم أفاتار Avatar اتسم بالغرابة؟,تحليل,الثقافة,تفسير
لماذا لم يُخلق كل البشر بلون بشرة واحد؟,تحليل,العلوم,تفسير
لماذا خلقنا الله؟,تحليل,الدين,تفسير
لماذا ينتقل اللاعبون المصريون بكثرة إلى الدوري السعودي؟,تحليل,الرياضة,تفسير
لماذا لقِّب عمر بن عبد العزيز بالأشج؟,تحليل,التاريخ,تفسير
لماذا الأكسجين مهم؟,تحليل,العلوم,تفسير
لماذا يعد الدوري المصري من أكثر الدوريات العربية شعبية؟,تحليل,الرياضة,تفسير
لماذا لقب عمر بن عبد العزيز بخامس الخلفاء الراشدين؟,تحليل,التاريخ,تفسير
لماذا يعد التنفس من الأنف أفضل من الفم صحيًا؟,تحليل,الصحة,تفسير
لماذا الطلاق من الأمور المباحة في الشريعة الإسلامية؟,تحليل,الدين,تفسير
لماذا وقعت غزوة بدر الكبرى في بدايات انتشار الإسلام؟,تحليل,التاريخ,تفسير
لماذا انتشر الكتاب الإلكتروني؟,تحليل,التكنولوجيا,تفسير
لماذا تعتبر الحضارة الفرعونية من أعظم حضارات العالم؟,تحليل,التاريخ,تفسير
لماذا يعتبر العراق منبع الحضارات ومهد الفنون ورقي الإنسان؟,تحليل,التاريخ,تفسير
لماذا لا تعد الفلسفة علمًا تقليديًا؟,تحليل,الثقافة,تفسير
لماذا كان الرسول الأمي من ألقاب النبي محمد (ص)؟,تحليل,الدين,تفسير
لماذا يسعى الطلاب إلى الدراسة في الخارج؟,تحليل,التعليم,تفسير
لماذا تسيطر مصر على بطولات لعبة الإسكواتش وحدها؟,تحليل,الرياضة,تفسير
لماذا يعد الهرم الأكبر من عجائب الدنيا السبع الخالدة؟,تحليل,التاريخ,تفسير
لماذا لا تعد مسكنات الألم الحل المناسب لبعض الأمراض؟,تحليل,الصحة,تفسير
لماذا حدثت الحروب الصليبية للسيطرة على بلاد العرب؟,تحليل,التاريخ,تفسير
لماذا من الصعب كثيرًا التغلب على إدمان الهواتف المحمولة؟,تحليل,العلوم,تفسير
لماذا الاستثمار العقاري من أفضل الأنماط الاستثمارية؟,تحليل,الاقتصاد والعمل,تفسير
لماذا تعد رحلة المريخ 2022 من أعظم رحلات الفضاء؟,تحليل,العلوم,تفسير
لماذا يسعى الإنسان للحفاظ على البيئة والحد من التلوث؟,تحليل,البيئة والطاقة,تفسير
لماذا سقطت الدولة العثمانية بعد أن كانت الأقوى؟,تحليل,التاريخ,تفسير
لماذا يستخدم الحبر الأزرق في غالبية أقلام الكتابة؟,تحليل,العلوم,تفسير
لماذا تعد السورية غادة السمان قامة أدبية عربية كبيرة؟,تحليل,الثقافة,تفسير
لماذا تعد لوحات دافنشي الأغلى والأكثر رواجًا عالميًا؟,تحليل,الثقافة,تفسير
لماذا دراسة علم المنطق ضرورية؟,تحليل,الثقافة,تفسير
لماذا يطلق على قارة إفريقيا اسم القارة السمراء؟,تحليل,الجغرافيا,تفسير
لماذا يعد علم النفس من أهم العلوم الاجتماعية وأكثرها فائدة؟,تحليل,العلوم,تفسير
لماذا اعتزل الممثل جاك نيكلسون عالم التمثيل نهائيًا؟,تحليل,الثقافة,تفسير
لماذا كابلات الألياف الضوئية أفضل من النحاسية؟,تحليل,التكنولوجيا,تفسير
لماذا يشكل حرق قش الأرز خطرًا على البيئة والإنسان؟,تحليل,البيئة والطاقة,تفسير
لماذا غرائب الصرصور تجعل منه حشرة خارقة؟,تحليل,البيئة والطاقة,تفسير
لماذا تعتبر قصة عنتر وعبلة أشهر تراث عربي في الرومانسية؟,تحليل,الثقافة,تفسير
لماذا هاري بوتر الشخصية المفضلة للكثيرين؟,تحليل,الثقافة,تفسير
لماذا شهدت السياحة في آسيا رواجاً كبيرًا؟,تحليل,الاقتصاد والعمل,تفسير
لماذا جُعلت القوامة الزوجية للرجل؟,تحليل,الدين,تفسير
لماذا تعد دراسة الجدوى أهم خطوات إعداد المشروع؟,تحليل,الاقتصاد والعمل,تفسير
لماذا تحوز الشخصية القوية على الإعجاب والتقدير؟,تحليل,العلوم,تفسير
لماذا نصاب بالتهاب الحلق؟,تحليل,الصحة,تفسير
لماذا نصوم؟,تحليل,الدين,تفسير
لماذا توجد فروق التوقيت؟,تحليل,الجغرافيا,تفسير
لماذا العطور والروائح تؤثر على الحالة النفسية؟,تحليل,العلوم,تفسير
لماذا تحدث غيرة الإخوة؟,تحليل,العلوم,تفسير
لماذا تعد الفهود أحد الحيوانات المهددة بالانقراض؟,تحليل,البيئة والطاقة,تفسير
لماذا يقبل الناس على تعلم اللغات الأجنبية؟,تحليل,التعليم,تفسير
لماذا الاهتمام بالأبراج أمر منتشر رغم عدم قيامها على أسس علمية؟,تحليل,الثقافة,تفسير
لماذا يعد علم التنمية البشرية هامًا؟,تحليل,التعليم,تفسير
لماذا أسد الصحراء هو لقب عمر المختار؟,تحليل,التاريخ,تفسير
لماذا يوجد عداء بين محبي البيئة وأكياس البلاستيك؟,تحليل,البيئة والطاقة,تفسير
لماذا أضرار الوشم تجعل منه مخاطرة غير مأمونة؟,تحليل,الصحة,تفسير
لماذا هواية القراءة هي أفضل الهوايات؟,تحليل,الثقافة,تفسير
لماذا يُعتبر برج إيفل ذو قيمة علمية كبيرة حتى اليوم؟,تحليل,التكنولوجيا,تفسير
لماذا ترتدي النساء المسلمات الحجاب؟,تحليل,الدين,تفسير
لماذا تعد جميلة بوحيرد شخصية مؤثرة بالتاريخ؟,تحليل,التاريخ,تفسير
لماذا يُغطي الجلد أجسادنا؟,تحليل,العلوم,تفسير
لماذا تم تأسيس صندوق النقد الدولي؟,تحليل,الاقتصاد والعمل,تفسير
لماذا يُستخدم الزجاج في العديد من المجالات الصناعية؟,تحليل,التكنولوجيا,تفسير
لماذا يجد بعض الآباء صعوبة في التواصل مع الأبناء؟,تحليل,العلوم,تفسير
لماذا يعد الدوري الإسباني الدوري الأكثر متابعة في العالم؟,تحليل,الرياضة,تفسير
لماذا قام الإنسان بممارسة الزراعة؟,تحليل,التاريخ,تفسير
لماذا يعتبر ليونيل ميسي أفضل لاعب في العالم حاليًا؟,تحليل,الرياضة,تفسير
لماذا يعد جوزيه مورينيو من أفضل المدربين اليوم؟,تحليل,الرياضة,تفسير
لماذا يحدث انتشار الأوبئة؟,تحليل,الصحة,تفسير
لماذا ينتشر لبس الساعة في اليد اليسرى عن اليمنى؟,تحليل,الثقافة,تفسير
لماذا فرض الله الزكاة على المسلمين؟,تحليل,الدين,تفسير
لماذا نواجه الصعاب والمشكلات والعقبات والعراقيل في الحياة؟,تحليل,العلوم,تفسير
لماذا حدث تفكك الاتحاد السوفيتي رغم قوته الاقتصادية والعسكرية؟,تحليل,التاريخ,تفسير
لماذا تعد الإشعاعات النووية خطرًا على البشرية؟,تحليل,العلوم,تفسير
لماذا يجب على كل مسلم أن يعرف شروط صحة العبادات؟,تحليل,الدين,تفسير
لماذا تذبل الزهور؟,تحليل,البيئة والطاقة,تفسير
لماذا يكره الناس الشخص المنافق؟,تحليل,العلوم,تفسير
لماذا يخاف الناس الأماكن المرتفعة؟,تحليل,العلوم,تفسير
لماذا يجب أن يكون لديك إرادة قوية؟,تحليل,العلوم,تفسير
لماذا قام الإنسان بمحاولات استئناس الحيوان؟,تحليل,التاريخ,تفسير
لماذا جمال الغيطاني من أهم الأدباء العرب؟,تحليل,الثقافة,تفسير
لماذا يضعف بصر الإنسان؟,تحليل,الصحة,تفسير
لماذا ثمرة التوت مفيدة للإنسان؟,تحليل,الصحة,تفسير
لماذا يزداد الوزن بعد الزواج؟,تحليل,الصحة,تفسير
لماذا سمي كوكب المشترى بحامي المجموعة الشمسية؟,تحليل,العلوم,تفسير
لماذا اللون الأزرق هو لون السماء بدل الألوان الأخرى؟,تحليل,العلوم,تفسير
لماذا يُعد طه حسين عميد الأدب العربي؟,تحليل,الثقافة,تفسير
لماذا تحدث المجاعات؟,تحليل,البيئة والطاقة,تفسير
لماذا تحدث ظاهرة الاحتباس الحراري؟,تحليل,البيئة والطاقة,تفسير
لماذا يعرق الإنسان؟,تحليل,الصحة,تفسير
لماذا يشاهد الملايين الكلاسيكو؟,تحليل,الرياضة,تفسير
لماذا سميت اللغة العربية بلغة الضاد؟,تحليل,الثقافة,تفسير
لماذا يحتلم الرجل؟,تحليل,الصحة,تفسير
لماذا يعتمد الإنسان على الكلب لحراسته؟,تحليل,البيئة والطاقة,تفسير
لماذا يجب أن تكون المنازل ذات تهوية داخلية جيدة؟,تحليل,الصحة,تفسير
لماذا يعتبر الماء العنصر الأساسي لوجود حياة؟,تحليل,العلوم,تفسير
لماذا سمي البحر الميت بهذا الاسم؟,تحليل,الجغرافيا,تفسير
لماذا طفل التوحد يحتاج رعاية خاصة؟,تحليل,الصحة,تفسير
لماذا يتسم حيوان الكوالا بالكسل الشديد؟,تحليل,البيئة والطاقة,تفسير
لماذا يرتدي الإنسان الأحذية؟,تحليل,الثقافة,تفسير
لماذا الفيس بوك مفيد لرجال الأعمال؟,تحليل,التكنولوجيا,تفسير
لماذا تتكون الأمطار الحمضية؟,تحليل,البيئة والطاقة,تفسير
لماذا نستمتع بأكل الشوكولاتة؟,تحليل,العلوم,تفسير
لماذا تعد أمراض القولون أكثر أمراض الجهاز الهضمي شيوعًا؟,تحليل,الصحة,تفسير
لماذا نمارس الرياضة؟,تحليل,الصحة,تفسير
لماذا يفضل كثيرون بلاي ستيشن عن اكس بوكس؟,تحليل,الثقافة,تفسير
لماذا نقوم بقطع الأشجار؟,تحليل,البيئة والطاقة,تفسير
لماذا سميت مجرة درب التبانة بهذا الاسم؟,تحليل,العلوم,تفسير
لماذا أصبح موقع صراحة هوسًا لمستخدمي الشبكات الاجتماعية العرب؟,تحليل,التكنولوجيا,تفسير
لماذا يدخل الإنترنت في كل مجالات حياتنا؟,تحليل,التكنولوجيا,تفسير
لماذا يأكل المسلمون فتة أو وجبة الفتة في عيد الأضحى؟,تحليل,الثقافة,تفسير
لماذا يتناول الإنسان العسل؟,تحليل,الصحة,تفسير
لماذا اشتهرت مارلين مونرو؟,تحليل,الثقافة,تفسير
لماذا يستخدم الورق في الكتابة وكيف تتم صناعته؟,تحليل,التكنولوجيا,تفسير
لماذا لقب الدكتور مجدي يعقوب بأسطورة الطب في العالم؟,تحليل,الصحة,تفسير
لماذا يبكي الإنسان وماذا يحدث في جسده عند البكاء؟,تحليل,العلوم,تفسير
لماذا يُعتبر داء القطط خطيراً على المرأة الحامل؟,تحليل,الصحة,تفسير
لماذا يتغذى البعوض على دم الإنسان؟,تحليل,البيئة والطاقة,تفسير
لماذا يدمن الإنسان على التدخين؟,تحليل,الصحة,تفسير
لماذا يحدث التواء الأسنان؟,تحليل,الصحة,تفسير
لماذا تساهم الأفوكادو في تحسين الصحة العامة للإنسان؟,تحليل,الصحة,تفسير
لماذا تعد القهوة أشهر مشروب حول العالم؟,تحليل,الثقافة,تفسير
لماذا يساعد تناول التفاح على الوقاية من الأمراض؟,تحليل,الصحة,تفسير
لماذا يسعى الإنسان للصعود إلى سطح القمر واستكشافه؟,تحليل,العلوم,تفسير
لماذا يخلط أغلب الناس بين الزكام والأنفلونزا الموسمية؟,تحليل,الصحة,تفسير
لماذا يعد الأناناس أحد أهم الفواكه المفيدة للإنسان؟,تحليل,الصحة,تفسير
لماذا يرتفع عدد كريات الدم البيضاء عند الإصابة بالمرض؟,فهم,الصحة,تفسير
لماذا تتساقط الأسنان عند الكبر؟,فهم,الصحة,تفسير
لماذا لقب جمال عبد الناصر بحبيب الملايين؟,فهم,التاريخ,تفسير
لماذا يعتبر الملك عبدالعزيز رائدًا للتعليم؟,فهم,التاريخ,تفسير
لماذا نصاب بنزلات الأنفلونزا؟,فهم,الصحة,تفسير
لماذا نستخدم الهاتف الخلوي؟,فهم,التكنولوجيا,تفسير
لماذا تنبح الكلاب؟,فهم,البيئة والطاقة,تفسير
لماذا يصاب الأطفال بمرض التوحد؟,فهم,الصحة,تفسير
لماذا يكذب الإنسان؟,فهم,العلوم,تفسير
لماذا يتساقط شعر الإنسان؟,فهم,الصحة,تفسير
لماذا ظهرت النقود؟,فهم,التاريخ,تفسير
لماذا يسرق بعض الناس؟,فهم,العلوم,تفسير
لماذا يعد نصري شمس الدين من أهم مطربي المسرح اللبناني؟,فهم,الثقافة,تفسير
لماذا شرع الله الزواج؟,فهم,الدين,تفسير
لماذا يتم إدمان المخدرات؟,فهم,الصحة,تفسير
لماذا نرى الشهب في السماء ليلاً؟,فهم,العلوم,تفسير
لماذا يعد زيت الزيتون سراً من أسرار الشباب الدائم؟,فهم,الصحة,تفسير
لماذا يضحك الإنسان؟,فهم,العلوم,تفسير
لماذا يضعف بصر الإنسان؟,فهم,الصحة,تفسير
لماذا فرض الحج على المسلمين؟,فهم,الدين,تفسير
لماذا لقبت أم كلثوم بكوكب الشرق وسيدة الغناء العربي؟,فهم,الثقافة,تفسير
لماذا قام الإنسان بصناعة الطائرة؟,فهم,التكنولوجيا,تفسير
لماذا كانت الكلبة لايكا أول كائن حي يذهب للفضاء؟,فهم,العلوم,تفسير
لماذا ينام البشر؟,فهم,العلوم,تفسير
لماذا لُقب أبو بكر الصديق رضي الله عنه بهذا الاسم؟,فهم,الدين,تفسير
لماذا تهاجر السلاحف عند وضع البيض؟,فهم,البيئة والطاقة,تفسير
لماذا يتم منح جائزة نوبل؟,فهم,الثقافة,تفسير
لماذا يوجد خلاف بين العلماء على حقيقة طائفة الدروز؟,فهم,الدين,تفسير
لماذا يُعتبر عصام الحضري أفضل حارس في تاريخ مصر؟,فهم,الرياضة,تفسير
لماذا يحظى الرئيس البرازيلي لولا دا سيلفا بكل هذه الشعبية؟,فهم,السياسة والقانون,تفسير
لماذا فوائد المشمش تجعله غذاء مثالي؟,فهم,الصحة,تفسير
لماذا طب الطبيعة من أفضل أنماط العلاج؟,فهم,الصحة,تفسير
لماذا النمر الأبيض تصعب ملاحقته بالبرية؟,فهم,البيئة والطاقة,تفسير
لماذا فوائد المكسرات توصف بالسحرية؟,فهم,الصحة,تفسير
لماذا تراودنا الأحلام؟,فهم,العلوم,تفسير
لماذا زيت عباد الشمس هو الأفضل بين المواد الزيتية؟,فهم,الصحة,تفسير
لماذا تحدث ظاهرة الانقراض؟,فهم,البيئة والطاقة,تفسير
لماذا السجائر الإلكترونية أشد خطراً من السجائر العادية؟,فهم,الصحة,تفسير
لماذا الحيوانات المستأنسة لها مواصفات خاصة؟,فهم,البيئة والطاقة,تفسير
لماذا حرم العلماء تجسيد الصحابة بالأعمال الفنية المصورة؟,فهم,الدين,تفسير
لماذا نشأ علم الكلام؟,فهم,الدين,تفسير
لماذا نصاب بداء الصلع؟,فهم,الصحة,تفسير
لماذا حدث ثقب الأوزون؟,فهم,البيئة والطاقة,تفسير
لماذا التخلص من الكرش ضروري للحفاظ على الصحة؟,فهم,الصحة,تفسير
لماذا نتعلم اللغة الإنجليزية؟,فهم,التعليم,تفسير
لماذا فوائد الفراولة الصحية تجعلها غذاءً وقائياً؟,فهم,الصحة,تفسير
لماذا الرياضة مهمة لنا ولماذا ينصح بممارستها باستمرار؟,فهم,الصحة,تفسير
لماذا يعتبر الدبور من وسائل مكافحة الآفات الطبيعية؟,فهم,البيئة والطاقة,تفسير
لماذا يعتبر البطيخ الأحمر أفضل الفواكه الصيفية؟,فهم,الصحة,تفسير
لماذا حرم الإسلام تعاطي الحشيش؟,فهم,الدين,تفسير
لماذا يتم إيداع الأموال في البنوك والمؤسسات المالية؟,فهم,الاقتصاد والعمل,تفسير
لماذا يوجد حزام الكويكبات بين المريخ والمشتري؟,فهم,العلوم,تفسير
لماذا التجارب تجرى على الشمبانزي؟,فهم,العلوم,تفسير
لماذا ينصح خبراء التغذية بتناول عصير الرمان؟,فهم,الصحة,تفسير
لماذا القرود تنقسم إلى فصيلتين مختلفتين من الرئيسيات؟,فهم,العلوم,تفسير
لماذا نظرية داروين تعد من ركائز علم الأحياء الحديث؟,فهم,العلوم,تفسير
لماذا تعتبر تربية الحيوانات من الأمور المفيدة صحياً؟,فهم,الصحة,تفسير
لماذا المدينة الفاضلة بفلسفة أفلاطون رمزاً للكمال؟,فهم,الثقافة,تفسير
لماذا شخصية باتمان الأكثر شعبية؟,فهم,الثقافة,تفسير
لماذا الخدع البصرية من عناصر صناعة السينما الأساسية؟,فهم,الثقافة,تفسير
لماذا يصيب سرطان الثدي النساء؟,فهم,الصحة,تفسير
لماذا تم تحريم الكذب بالإسلام؟,فهم,الدين,تفسير
لماذا تقوم الأبقار بعملية اجترار الطعام؟,فهم,العلوم,تفسير
لماذا يتم بسترة منتجات الألبان؟,فهم,الصحة,تفسير
لماذا سمي الجمل بسفينة الصحراء؟,فهم,البيئة والطاقة,تفسير
لماذا انتشرت مواقع التواصل الاجتماعي مؤخراً؟,فهم,التكنولوجيا,تفسير
لماذا ألوان النمور تتميز بالتعدد والاختلاف؟,فهم,البيئة والطاقة,تفسير
لماذا تعد دراسة التاريخ من الأمور الهامة؟,فهم,التعليم,تفسير
لماذا نفشل في تحقيق الإنتاج المطلوب؟,فهم,الاقتصاد والعمل,تفسير
لماذا تختلف الشرايين عن الأوردة؟,فهم,العلوم,تفسير
لماذا تحظى الأجرام السماوية القريبة باهتمام خاص؟,فهم,العلوم,تفسير
لماذا البترول ذو أهمية اقتصادية؟,فهم,الاقتصاد والعمل,تفسير
لماذا الجذور بالغة الأهمية بالنسبة للنباتات؟,فهم,العلوم,تفسير
لماذا سميت الأشعة فوق البنفسجية بهذا الاسم؟,فهم,العلوم,تفسير
لماذا يجب التخلص من العصبية؟,فهم,الصحة,تفسير
لماذا البعوض من أخطر الحشرات؟,فهم,البيئة والطاقة,تفسير
لماذا تعتبر الديمقراطية أفضل وسائل الحكم؟,فهم,السياسة والقانون,تفسير
لماذا تحدث البراكين؟,فهم,العلوم,تفسير
لماذا يُطلق على المانجو اسم ملكة الفواكه؟,فهم,الصحة,تفسير
لماذا دولة آشور مثال حضاري رائع؟,فهم,التاريخ,تفسير
لماذا أشكال الزهور متعددة ومختلفة؟,فهم,البيئة والطاقة,تفسير
لماذا حثنا الإسلام على التحلي بخلق الأمانة؟,فهم,الدين,تفسير
لماذا ستيف جوبز من رموز النجاح؟,فهم,التكنولوجيا,تفسير
لماذا إسهامات ابن رشد الفلسفية بالغة الأهمية؟,فهم,الثقافة,تفسير
لماذا يعتبر بصر الطيور هو الأقوى بين الكائنات الحية؟,فهم,العلوم,تفسير
لماذا تعتبر فاكهة التوت من الفواكه صديقة الإنسان؟,فهم,الصحة,تفسير
لماذا علامات الترقيم العربية ضرورية لتنظيم النص؟,فهم,التعليم,تفسير
لماذا نحارب النفايات ونسعى للتخلص منها بشكل فوري؟,فهم,البيئة والطاقة,تفسير
لماذا معرفة وزن الطفل أمر هام؟,فهم,الصحة,تفسير
لماذا تُعتبر ليلة القدر أفضل الليالي؟,فهم,الدين,تفسير
لماذا لا نشعر بحركة دوران الأرض؟,فهم,العلوم,تفسير
لماذا ينصح بتناول الزيتون أثناء فترة الحمل؟,فهم,الصحة,تفسير
لماذا تعتبر السكريات سلاح ذو حدين؟,فهم,الصحة,تفسير
لماذا يصيبنا تشقق الجلد؟,فهم,الصحة,تفسير
لماذا يعد مقتل الأميرة ديانا لغزاً غامضاً؟,تحليل,التاريخ,تفسير
لماذا النوم المبكر ضروري لصحة الإنسان؟,فهم,الصحة,تفسير
لماذا ينصح الأطباء بإجراء جلسات التدليك؟,فهم,الصحة,تفسير
لماذا تنتشر الإصابة بمرض شلل الوجه النصفي؟,فهم,الصحة,تفسير
لماذا ظهرت نظرية الانفجار العظيم؟,تحليل,العلوم,تفسير
لماذا تحيط سحابة أورط بالمجموعة الشمسية؟,فهم,العلوم,تفسير
لماذا تحدث الأعاصير القمعية؟,تحليل,العلوم,تفسير
لماذا يحدث تحلل الجسم بعد الوفاة؟,فهم,العلوم,تفسير
لماذا كانت الهجرة النبوية مرحلة فاصلة في التاريخ الإسلامي؟,تحليل,الدين,تفسير
لماذا يسمى كوكب نبتون بالكوكب الأزرق؟,فهم,العلوم,تفسير
لماذا يحدث تراكم الدهون في الجسم؟,فهم,الصحة,تفسير
لماذا يصبح الطفل عدوانياً؟,فهم,العلوم,تفسير
لماذا يعتبر غاز الميثان العدو الأخطر لكوكب الأرض؟,فهم,البيئة والطاقة,تفسير
لماذا يحدث الفواق أو الزغطة؟,فهم,الصحة,تفسير
لماذا تحدث الزلازل؟,فهم,العلوم,تفسير
لماذا تعد تغذية الكلاب أهم أسس تربيتها؟,فهم,الصحة,تفسير
لماذا يؤدي ارتفاع الكولسترول في الدم للموت المفاجئ؟,فهم,الصحة,تفسير
لماذا ينتشر مرض السكري؟,فهم,الصحة,تفسير
لماذا يعد عمر بن الخطاب أول من طور نظم إدارة الدولة؟,فهم,التاريخ,تفسير
لماذا باتت المضادات الحيوية خطر داهم على الجنس البشري؟,تحليل,الصحة,تفسير
لماذا يستخدم غاز ثاني أكسيد الكربون في إطفاء الحرائق؟,فهم,العلوم,تفسير
لماذا حرم الإسلام السرقة؟,تحليل,الدين,تفسير
لماذا تظهر علامات تمدد الجلد؟,فهم,الصحة,تفسير
لماذا ينتشر فقر الدم؟,فهم,الصحة,تفسير
لماذا يصاب البعض بمرض البهاق؟,فهم,الصحة,تفسير
لماذا تظهر التجاعيد بتقدم العمر؟,فهم,الصحة,تفسير
لماذا أصبح مترو الأنفاق أهم وسائل المواصلات الحالية؟,تحليل,التكنولوجيا,تفسير
لماذا يُطبق التوقيت الصيفي في بعض الدول؟,فهم,العلوم,تفسير
لماذا حرب أكتوبر من أهم أحداث التاريخ؟,تحليل,التاريخ,تفسير
لماذا يعجز البعض عن النجاح وظيفيًا؟,فهم,العلوم,تفسير
لماذا التعليم مهم؟,فهم,التعليم,تفسير
لماذا يُصيب مرض عمى الألوان بعض الناس؟,فهم,الصحة,تفسير
لماذا لا يتم تضخيم العضلات رغم التمرين المستمر؟,فهم,الصحة,تفسير
لماذا تقديم الهدايا من الأمور الهامة لأي علاقة؟,فهم,العلوم,تفسير
لماذا يربط البعض ظهور سوبر مان بالحرب العالمية؟,فهم,الثقافة,تفسير
لماذا تحدث هجرة الطيور الموسمية بكل عام؟,فهم,البيئة والطاقة,تفسير
لماذا توجد الذرات حولنا في كل مكان؟,فهم,العلوم,تفسير
لماذا يصاب الإنسان بـضعف جهاز المناعة؟,فهم,الصحة,تفسير
لماذا أوت لوك (Outlook) أفضل بريد إلكتروني؟,فهم,التكنولوجيا,تفسير
لماذا نشعر بالجوع؟,فهم,العلوم,تفسير
لماذا لقب عمر بن الخطاب بلقب الفاروق؟,فهم,التاريخ,تفسير
لماذا يشيع حدوث الإجهاض في شهور الحمل الأولى؟,فهم,الصحة,تفسير
لماذا يحتاج مريض الزهايمر إلى عناية خاصة؟,فهم,الصحة,تفسير
لماذا أوصى نبي الإسلام باستخدام السواك لتنظيف الأسنان؟,فهم,الدين,تفسير
لماذا أوراق الدولار تحمل صور شخصيات؟,فهم,التاريخ,تفسير
لماذا يعتبر شارلوك هولمز أشهر المحققين في التاريخ؟,تحليل,الثقافة,تفسير
لماذا تعتبر القرفة مشروبًا صحيًا شاملاً؟,فهم,الصحة,تفسير
لماذا تعتبر السباحة رياضة مثالية للكثيرين؟,فهم,الصحة,تفسير
لماذا تكنولوجيا التعليم مهمة؟,فهم,التعليم,تفسير
لماذا يُصاب الأطفال بمشكلة التأخر في الكلام؟,فهم,الصحة,تفسير
لماذا يعتبر مؤسس كنتاكي هارلند ساندرز مثالاً للنجاح والتفوق؟,تحليل,الثقافة,تفسير
لماذا لقبت نازك العابد بسيف دمشق؟,فهم,التاريخ,تفسير
لماذا يُعد الفريون خطرًا محدقًا على النظام البيئي؟,فهم,البيئة والطاقة,تفسير
لماذا يعتبر ابن بطوطة من أشهر الرحالة في العالم؟,تحليل,التاريخ,تفسير
لماذا يشكل الطقس البارد خطرًا على الإنسان؟,فهم,الصحة,تفسير
لماذا يُعتبر الليمون من أفضل العصائر الصحية؟,فهم,الصحة,تفسير
لماذا يحدث مد وجزر البحر؟,فهم,العلوم,تفسير
لماذا تُعد بناء السدود أحد الاهتمامات الرئيسية للدول؟,فهم,العلوم,تفسير
لماذا طرد الله إبليس من الجنة ولعنه إلى يوم القيامة؟,تحليل,الدين,تفسير
لماذا يحذر العلماء من مشاهدة المصارعة الحرة؟,فهم,الصحة,تفسير
لماذا ينصح الخبراء بممارسة رياضة الجولف؟,فهم,الصحة,تفسير
لماذا يلقب أبو بكر الرازي بأبو الطب؟,فهم,التاريخ,تفسير
لماذا ينصح الأطباء بتناول التين الشوكي؟,فهم,الصحة,تفسير
لماذا استعدادات معركة عين جالوت لها قيمة تاريخية؟,تحليل,التاريخ,تفسير
لماذا أوصل فيلم العائد من الموت دي كابيرو للأوسكار؟,تحليل,الثقافة,تفسير
لماذا مجال الدعاية والإعلان بالغ الأهمية؟,فهم,الاقتصاد والعمل,تفسير
لماذا نبات الخيزران ذو قيمة اقتصادية؟,فهم,الاقتصاد والعمل,تفسير
لماذا تنمو الشعاب المرجانية في بيئة خاصة؟,فهم,العلوم,تفسير
لماذا يميل برج بيزا المائل على أحد جانبيه؟,فهم,التاريخ,تفسير
لماذا ترتيب لوحة المفاتيح ليس أبجدياً؟,فهم,التكنولوجيا,تفسير
لماذا تعد شجرة قوس قزح من أغرب الأشجار؟,تحليل,البيئة والطاقة,تفسير
لماذا قامت ثورة 25 يناير في جمهورية مصر؟,فهم,السياسة والقانون,تفسير
لماذا تدخين الشيشة أشد خطورة من تدخين السجائر؟,فهم,الصحة,تفسير
لماذا لحم الماعز صحي أكثر من اللحوم الأخرى؟,فهم,الصحة,تفسير
لماذا يعتبر توثيق صفحات فيس بوك الشخصية ضروريًا؟,فهم,التكنولوجيا,تفسير
لماذا مسلسل لن أعيش في جلباب أبي هو الأكثر نجاحاً؟,تحليل,الثقافة,تفسير
لماذا سميت الإمارات العربية المتحدة بهذا الاسم؟,فهم,التاريخ,تفسير
لماذا يُعد بيليه اللاعب الأبرز في تاريخ كرة القدم؟,فهم,الرياضة,تفسير
لماذا يشعر البعض بالعجز عن السباحة رغم عدم المحاولة؟,فهم,العلوم,تفسير
لماذا يعشق البعض المغامرة؟,تحليل,العلوم,تفسير
لماذا يعد طيران الذباب مخالفًا لقوانين الجاذبية المعروفة؟,فهم,العلوم,تفسير
لماذا تعد هوليود عاصمة السينما في العالم؟,فهم,الثقافة,تفسير
لماذا يحدث الصرع؟,فهم,الصحة,تفسير
لماذا يعد المهرجين عنصر خوف في أفلام الرعب؟,فهم,الثقافة,تفسير
لماذا يظل مارادونا اللاعب الأكثر شعبية في الكرة؟,فهم,الرياضة,تفسير
لماذا تعد خدمة نتفليكس (Netflix) جاذبة للمستخدمين؟,فهم,التكنولوجيا,تفسير
لماذا معركة السوم هي الأكثر دموية والأكثر فشلاً؟,تحليل,التاريخ,تفسير
لماذا تظل اختراعات إديسون مؤثرة رغم الزمن؟,فهم,التكنولوجيا,تفسير
لماذا تعد روضة الأطفال مصدرًا خطيرًا لبعض أنواع العدوى؟,فهم,الصحة,تفسير
لماذا يتنفس الإنسان؟,فهم,العلوم,تفسير
لماذا يفشل الكثيرون في تصميم الصور باحتراف؟,فهم,التكنولوجيا,تفسير
لماذا يحذر الأطباء من مخاطر دواء الربتالين؟,فهم,الصحة,تفسير
لماذا تعتبر الرياضيات العلم النظري الرئيسي؟,فهم,العلوم,تفسير
لماذا يزداد معدل ضربات القلب أثناء بذل المجهود؟,فهم,الصحة,تفسير
لماذا نعجز عن اتخاذ القرارات الصعبة بالحياة في بعض الأحيان؟,فهم,العلوم,تفسير
لماذا يحذر الأطباء من خطورة حبوب التخسيس دومًا؟,فهم,الصحة,تفسير
لماذا يعتبر العلماء الدلافين صاحبة أغرب جهاز تنفسي؟,فهم,العلوم,تفسير
لماذا موقع تركيا الجغرافي بالغ التميز؟,فهم,الجغرافيا,تفسير
لماذا بدأ اهتمام عربي بتصفيح السيارات؟,فهم,التكنولوجيا,تفسير
لماذا ينصح الأطباء بتناول زيت السمسم؟,فهم,الصحة,تفسير
لماذا ترتفع معدلات الطلاق في الوطن العربي؟,فهم,علم الاجتماع,تفسير
لماذا تشكل أفلام الرعب خطورة كبيرة على الصحة؟,فهم,الصحة,تفسير
لماذا يحدث تبلد المشاعر بعد فترة وجيزة من الزواج؟,فهم,العلوم,تفسير
لماذا تعد سرعة الضوء هي أقصى سرعة ممكنة في الكون؟,فهم,العلوم,تفسير
لماذا تعتبر تمارين اليوجا أفضل حل للتغلب على الطاقة السلبية؟,فهم,الصحة,تفسير
لماذا تعد التونة المعلبة سلاحًا ذو حدين صحيًا؟,فهم,الصحة,تفسير
لماذا الطاقة الشمسية هي المصدر الأفضل من مصادر الطاقة؟,فهم,البيئة والطاقة,تفسير
لماذا يصيب فقدان الشهية بعض الأطفال؟,فهم,الصحة,تفسير
لماذا تعد المراهقة هي المرحلة الأخطر في حياة الإنسان؟,فهم,العلوم,تفسير
لماذا ينصح الأطباء برياضة المشي؟,فهم,الصحة,تفسير
لماذا نهى الإسلام عن مراقبة الناس؟,فهم,الدين,تفسير
علِّلْ أهميةَ التعليم.,تحليل,التعليم,تفسير
علل تأثير التلوث البيئي على الصحة العامة.,تحليل,الصحة,تفسير
لم سمي الفرزدق بهذا الاسم؟,معرفة,التاريخ,تفسير
لمَ تعتبر الطاقة الشمسية مصدراً مهماً للطاقة المتجددة؟,تحليل,التكنولوجيا,تفسير
لماذا يجب خلع الأحذية قبل الدخول إلى المنزل؟,تحليل,البيئة والطاقة,تفسير
لماذا مضروب (Factorial) الرقم صفر يساوي واحد؟,تحليل,العلوم,تفسير
لماذا قد ينهي الإنسان حياته بيديه؟,تحليل,العلوم,تفسير
لماذا سميت مصر بهذا الاسم؟,فهم,التاريخ,تفسير
لماذا أصبح محمد بن راشد آل مكتوم أميراً لإمارة دبي؟,فهم,التاريخ,تفسير
لماذا الجنيه المصري سُمي بهذا الاسم؟,فهم,التاريخ,تفسير
لماذا ظهر العلاج بالطاقة؟,فهم,الصحة,تفسير
لماذا سميت البورصة بهذا الاسم؟,فهم,التاريخ,تفسير
لماذا يعتبر الحصان العربي أعرق وأفضل سلالات الخيول؟,تحليل,الثقافة,تفسير
لماذا سميت محمية رأس محمد بهذا الاسم؟,فهم,التاريخ,تفسير
لماذا تلبس المرأة المسلمة الحجاب؟,فهم,الدين,تفسير
علل أهمية الحفاظ على التنوع البيولوجي.,تحليل,البيئة والطاقة,تفسير
ما الذي يسبب أمراض القلب؟,معرفة,الصحة,معلوماتي
ما هو سبب ظهور لون أحمر في العين في الصور؟,معرفة,العلوم,معلوماتي
ما الذي تسبب في الحرب العالمية الثانية؟,معرفة,التاريخ,معلوماتي
ما الذي يسبب صوت الرعد؟,معرفة,العلوم,معلوماتي
ما هي أسباب الإنتحار؟,معرفة,الصحة,معلوماتي
ما هي أسباب تشقق الجلد؟,معرفة,الصحة,معلوماتي
ما أسباب انتشار ظاهرة الانحراف الأخلاقي؟,فهم,علم الاجتماع,معلوماتي
ما هو سبب نزول سيدنا آدم من الجنة؟,فهم,الدين,معلوماتي
ما الذي يسببه العقاب البدني للتلميذ؟,فهم,الصحة,معلوماتي
ما الذي تسببه التهجّمات على المدرّسين؟,فهم,الصحة,معلوماتي
ما هو السبب الرئيسي لعمل الصيادلة الاستشاريين بشكل مباشر مع المرضى؟,معرفة,الصحة,معلوماتي
ما الذي يسبب الحروق الشمسية ؟,معرفة,الصحة,معلوماتي
ما هي أسباب تغير المناخ؟,فهم,البيئة والطاقة,معلوماتي
ما هي أسباب تغير المناخ؟,فهم,البيئة والطاقة,معلوماتي
لماذا يعتبر التعلم عن بُعد خياراً جيداً في التعليم الحديث؟,تطبيق,التعليم,تفسير
لماذا يُعد التعلم الآلي من أهم مجالات الذكاء الاصطناعي؟,تحليل,التكنولوجيا,تفسير
لماذا يعتبر الابتكار مفتاح النجاح في قطاع التكنولوجيا؟,تطبيق,التكنولوجيا,تفسير
لماذا يُعتبر التعليم المستمر ضرورياً للمهنيين؟,تطبيق,التعليم,تفسير
لم يُعتبر الاحتباس الحراري قضية ملحة؟,تحليل,البيئة والطاقة,تفسير
لماذا يعتبر الابتكار مفتاح النجاح في الشركات الناشئة؟,تحليل,الاقتصاد والعمل,تفسير
لماذا يعد التعليم المستمر مهمًا للمهنيين؟,تطبيق,التعليم,تفسير
لماذا يعتبر النوم الجيد مهمًا لصحة الإنسان؟,تطبيق,الصحة,تفسير
لماذا يزداد الاهتمام بالطاقة المتجددة في السنوات الأخيرة؟,تحليل,البيئة والطاقة,تفسير
لماذا يتزايد الاهتمام بالطاقة الشمسية في البلدان النامية؟,تحليل,البيئة والطاقة,تفسير
لماذا يعتبر التنوع البيولوجي مهمًا للنظام البيئي؟,تحليل,البيئة والطاقة,تفسير
لماذا يعتبر التعليم الجيد أساسًا لتطور المجتمعات؟,تحليل,التعليم,تفسير
لماذا تعتبر حماية حقوق الإنسان أمرًا مهمًا في المجتمع؟,تحليل,السياسة والقانون,تفسير
لماذا يعتبر الحفاظ على التراث الثقافي مهمًا؟,تحليل,الثقافة,تفسير
لماذا يعتبر التعلم المستمر مهمًا في عصر التكنولوجيا؟,تحليل,التعليم,تفسير
لماذا يعتبر التنوع في مكان العمل مهمًا؟,تحليل,الاقتصاد والعمل,تفسير
لماذا يعتبر تغير المناخ تحديًا عالميًا؟,تحليل,البيئة والطاقة,تفسير
لماذا يعتبر الحفاظ على المياه أمرًا ضروريًا؟,تحليل,البيئة والطاقة,تفسير
لماذا يُعد الحفاظ على التنوع الثقافي مهمًا؟,تحليل,الثقافة,تفسير
لماذا تُعتبر الطاقة المتجددة مهمة لمستقبل الأرض؟,تحليل,البيئة والطاقة,تفسير
لماذا تُعتبر التكنولوجيا عاملًا مهمًا في تطوير التعليم؟,تحليل,التعليم,تفسير
لماذا يُعتبر التعليم مفتاحًا لتحقيق التنمية المستدامة؟,تحليل,التعليم,تفسير
لماذا يُعتبر التنوع البيولوجي ضروريًا لاستقرار النظام البيئي؟,تحليل,البيئة والطاقة,تفسير
لماذا تُعتبر حماية التنوع الثقافي أمرًا مهمًا في العالم الحديث؟,تحليل,الثقافة,تفسير
لماذا يُعتبر التعليم أداة أساسية لتحقيق العدالة الاجتماعية؟,تحليل,التعليم,تفسير
لماذا يُعتبر الابتكار ضروريًا لنمو الشركات؟,تحليل,الاقتصاد والعمل,تفسير
لماذا يعتبر الحفاظ على التنوع البيئي مهمًا للمستقبل؟,تحليل,البيئة والطاقة,تفسير
لماذا يُعد التوازن بين العمل والحياة الشخصية مهمًا؟,تحليل,الاقتصاد والعمل,تفسير
لماذا تُعتبر حقوق الإنسان أساسية لتحقيق العدالة الاجتماعية؟,تحليل,السياسة والقانون,تفسير
لماذا تُعتبر الطاقة المتجددة خيارًا مستدامًا للمستقبل؟,تحليل,البيئة والطاقة,تفسير
لماذا تُعتبر المياه النظيفة ضرورية للصحة العامة؟,تحليل,الصحة,تفسير
لماذا يُعتبر الحفاظ على التنوع البيولوجي مهمًا؟,تحليل,البيئة والطاقة,تفسير
لماذا تُعتبر الحرية الفكرية جزءًا أساسيًا من حقوق الإنسان؟,تحليل,السياسة والقانون,تفسير
لماذا يُعتبر التعليم حقًا أساسيًا لكل إنسان؟,تحليل,التعليم,تفسير
لماذا تُعتبر الديمقراطية أفضل شكل من أشكال الحكم؟,تحليل,السياسة والقانون,تفسير
لماذا يُعتبر التعليم المستمر ضروريًا في عصر التكنولوجيا؟,تحليل,التكنولوجيا,تفسير
لماذا تُعتبر الفنون جزءًا أساسيًا من الثقافة؟,تحليل,الثقافة,تفسير
لماذا تُعتبر الصحة النفسية مهمة في بيئة العمل؟,تحليل,الصحة,تفسير
لماذا يُعد التعليم العالي مهمًا للتنمية الاقتصادية؟,تحليل,التعليم,تفسير
لماذا تُعتبر الديمقراطية أحد أشكال الحكم الأكثر استقرارًا؟,تحليل,السياسة والقانون,تفسير
لماذا تُعتبر الحرية الفكرية جزءًا من حقوق الإنسان الأساسية؟,تحليل,السياسة والقانون,تفسير
لماذا تُعتبر حماية حقوق الإنسان ضرورية للتنمية المستدامة؟,تحليل,السياسة والقانون,تفسير
لماذا تُعتبر المياه النظيفة ضرورية للصحة العامة؟,تحليل,الصحة,تفسير
لماذا يُعد التعليم المفتوح ضروريًا في العصر الرقمي؟,تحليل,التعليم,تفسير
لماذا يُعتبر التنوع البيولوجي مهمًا للبيئة؟,تحليل,البيئة والطاقة,تفسير
لماذا يُعتبر التعليم الرقمي مفيدًا في العصر الحديث؟,تحليل,التعليم,تفسير
لماذا يُعتبر الحفاظ على التنوع البيئي أمرًا حيويًا؟,تحليل,البيئة والطاقة,تفسير
لماذا تُعتبر الحرية الفكرية جزءًا من حقوق الإنسان؟,تحليل,السياسة والقانون,تفسير
لماذا يُعتبر الاستثمار في التعليم مهمًا لمستقبل المجتمعات؟,تحليل,التعليم,تفسير
لماذا يُعتبر التنوع في بيئة العمل مهمًا؟,تحليل,الاقتصاد والعمل,تفسير
لماذا يُعد الحفاظ على الموارد الطبيعية مهمًا للأجيال القادمة؟,تحليل,البيئة والطاقة,تفسير
لماذا يُعتبر التعلم مدى الحياة مهمًا في العصر الحديث؟,تحليل,التعليم,تفسير
لماذا يُعتبر التعليم الابتدائي أساسًا للتنمية البشرية؟,تحليل,التعليم,تفسير
لماذا تُعتبر حقوق الإنسان أساسية للتنمية المستدامة؟,تحليل,السياسة والقانون,تفسير
لماذا تُعتبر الطاقة المتجددة أساسية لمستقبل البيئة؟,تحليل,البيئة والطاقة,تفسير
لماذا تُعد الديمقراطية ضرورية لتحقيق العدالة الاجتماعية؟,تحليل,السياسة والقانون,تفسير
لماذا يُعد التنوع البيئي مهمًا لحياة الكائنات الحية؟,تحليل,البيئة والطاقة,تفسير
لماذا يُعتبر الحفاظ على التراث الثقافي ضروريًا؟,تحليل,الثقافة,تفسير
لماذا يُعتبر الابتكار مفتاح النجاح في الشركات؟,تحليل,الاقتصاد والعمل,تفسير
لماذا يُعتبر الاستثمار في الطاقة المتجددة ضروريًا؟,تحليل,البيئة والطاقة,تفسير
لماذا يُعتبر التعليم المهني مهمًا لتنمية المهارات العملية؟,تحليل,التعليم,تفسير
لماذا يُعتبر التعليم العالي مهمًا لبناء اقتصاد المعرفة؟,تحليل,التعليم,تفسير
لماذا يُعد التحول الرقمي مهمًا لنمو الشركات؟,تحليل,التكنولوجيا,تفسير
لماذا يُعتبر الذكاء العاطفي مهمًا في القيادة؟,تحليل,الاقتصاد والعمل,تفسير
لماذا يُعتبر التعليم الأساسي مهمًا لتنمية المجتمعات؟,تحليل,التعليم,تفسير
لماذا يُعتبر الحفاظ على الحياة البرية مهمًا للتوازن البيئي؟,تحليل,البيئة والطاقة,تفسير
لماذا يُعتبر التعليم الأساسي حقًا إنسانيًا؟,تحليل,التعليم,تفسير
لماذا يُعتبر التنوع الثقافي في مكان العمل ضروريًا؟,تحليل,الاقتصاد والعمل,تفسير
لماذا يُعتبر التحول الرقمي ضروريًا في الاقتصاد الحديث؟,تحليل,الاقتصاد والعمل,تفسير
لماذا يُعد التعلم المستمر ضروريًا في العصر الرقمي؟,تحليل,التعليم,تفسير
لماذا يُعتبر التعليم المستمر ضروريًا في الاقتصاد الرقمي؟,تحليل,الاقتصاد والعمل,تفسير
لماذا يُعتبر التعليم حقًا أساسيًا لكل فرد؟,تحليل,التعليم,تفسير
لماذا تعتبر الطاقة المتجددة مهمة للمستقبل؟,تحليل,البيئة والطاقة,تفسير
لم يحتاج المجتمع إلى استخدام الطاقة المتجددة؟,تحليل,البيئة والطاقة,تفسير
علل أهمية الحفاظ على التنوع البيولوجي.,تحليل,البيئة والطاقة,تفسير
لماذا يعتبر المحيط الحيوي مهمًا للأرض؟,تحليل,البيئة والطاقة,تفسير
لماذا تعتبر الاستدامة البيئية مهمة؟,فهم,البيئة والطاقة,تفسير
لماذا يعتبر التنوع البيولوجي مهمًا؟,تحليل,البيئة والطاقة,تفسير
لماذا يعتبر التواصل الفعال مهمًا في بيئة العمل؟,تحليل,الاقتصاد والعمل,تفسير
لماذا تعتبر الطاقة الشمسية مصدرًا مستدامًا للطاقة؟,تحليل,البيئة والطاقة,تفسير
لماذا يعد التعليم العالي مهمًا لمستقبل الأفراد والمجتمعات؟,تحليل,التعليم,تفسير
لماذا تعتبر المياه النظيفة ضرورية للصحة العامة؟,تحليل,الصحة,تفسير
لماذا يُعد الحفاظ على التراث الثقافي مهمًا؟,تحليل,الثقافة,تفسير
لماذا يُعتبر الابتكار مهمًا في تطوير الصناعات؟,تحليل,التكنولوجيا,تفسير
لماذا يُعد التعليم المستمر ضروريًا في العصر الرقمي؟,تحليل,التعليم,تفسير
لماذا يُعتبر الذكاء الاصطناعي مهمًا في تحليل البيانات الكبيرة؟,تحليل,التكنولوجيا,تفسير
لماذا يُعد التنوع في مكان العمل مهمًا؟,تحليل,الاقتصاد والعمل,تفسير
لماذا يجب على الشركات الاستثمار في البحث والتطوير؟,تحليل,الاقتصاد والعمل,تفسير
لماذا يعتبر التنوع البيولوجي مهمًا للنظم البيئية؟,تحليل,البيئة والطاقة,تفسير
لماذا يُعد التعاون الدولي ضروريًا لحل الأزمات العالمية؟,تحليل,السياسة والقانون,تفسير
لم يُعتبر التنوع البيولوجي ضروريًا لصحة النظام البيئي؟,تحليل,البيئة والطاقة,تفسير
علل أهمية الحفاظ على التنوع البيولوجي.,تحليل,البيئة والطاقة,تفسير
لماذا يُعتبر التنوع في مكان العمل مهمًا للشركات؟,تحليل,الاقتصاد والعمل,تفسير
لماذا يجب دعم الأبحاث العلمية في مجال الصحة؟,تحليل,الصحة,تفسير
لماذا يُعد التعليم العالي مهمًا لتطوير الاقتصاد؟,تحليل,الاقتصاد والعمل,تفسير
وضح أهمية الحفاظ على التنوع البيولوجي.,فهم,البيئة والطاقة,تفسير
علل أهمية التنوع الثقافي في المجتمع.,تحليل,الثقافة,تفسير
لماذا يعتبر التنوع الثقافي مهمًا في بيئة العمل؟,تحليل,الاقتصاد والعمل,تفسير
لماذا تعد الزراعة المستدامة ضرورية؟,تحليل,البيئة والطاقة,تفسير
لماذا يعتبر التعليم مهمًا لتحقيق التنمية المستدامة؟,تحليل,التعليم,تفسير
علل ضرورة الحفاظ على التنوع البيولوجي.,تحليل,البيئة والطاقة,تفسير
لماذا تعتبر المياه العذبة مورداً حيوياً؟,تحليل,البيئة والطاقة,تفسير
علل ضرورة استخدام مصادر الطاقة المتجددة.,تحليل,البيئة والطاقة,تفسير
لماذا يجب تقليل استخدام البلاستيك؟,تحليل,البيئة والطاقة,تفسير
علل أهمية الحفاظ على التنوع البيولوجي.,تحليل,البيئة والطاقة,تفسير
لماذا يعتبر الحفاظ على المياه ضرورياً في المناطق الجافة؟,تحليل,البيئة والطاقة,تفسير
علل أهمية إعادة التدوير في المجتمع الحديث.,تحليل,البيئة والطاقة,تفسير
لماذا يُعتبر التعليم من أهم أدوات التنمية الاقتصادية؟,تحليل,التعليم,تفسير
علل ضرورة دراسة العلوم الاجتماعية في المدارس.,تحليل,التعليم,تفسير
علل أهمية الحفاظ على التنوع اللغوي في العالم.,تحليل,الثقافة,تفسير
لماذا يعتبر الاحتباس الحراري تهديداً للبشرية؟,تحليل,البيئة والطاقة,تفسير
علل ضرورة استخدام التعليم التفاعلي في المدارس.,تحليل,التعليم,تفسير
لماذا يُعد التنوع البيولوجي مهمًا للنظم البيئية؟,تحليل,البيئة والطاقة,تفسير
لماذا يُعتبر الحفاظ على الغابات مهمًا لمستقبل الكوكب؟,تحليل,البيئة والطاقة,تفسير
علل ضرورة تطوير مصادر طاقة متجددة.,تحليل,البيئة والطاقة,تفسير
لماذا يُعد الحفاظ على التنوع الثقافي مهمًا؟,تحليل,الثقافة,تفسير
علل أهمية الابتكار في مجال الطاقة المتجددة.,تحليل,البيئة والطاقة,تفسير
لماذا يُعتبر الماء موردًا حيويًا؟,تحليل,البيئة والطاقة,تفسير
لماذا يُعتبر التعليم مفتاح التنمية؟,تحليل,التعليم,تفسير
علل ضرورة حماية التنوع البيولوجي.,تحليل,البيئة والطاقة,تفسير
لماذا يُعتبر الأوزون ضروريًا للحياة على الأرض؟,تحليل,البيئة والطاقة,تفسير
لماذا يُعتبر التنوع الحيوي ضروريًا لاستقرار النظام البيئي؟,تحليل,البيئة والطاقة,تفسير
علل أهمية تعلم البرمجة في العصر الرقمي.,تحليل,التكنولوجيا,تفسير
لماذا يُعتبر التوازن بين العمل والحياة الشخصية مهمًا؟,تحليل,الصحة,تفسير
علل أهمية تعلم لغات جديدة.,تحليل,التعليم,تفسير
لماذا يُعتبر التعليم أساس التقدم المجتمعي؟,تحليل,التعليم,تفسير
علل أهمية الحفاظ على الغابات المطيرة.,تحليل,البيئة والطاقة,تفسير
لماذا يُعتبر التنوع الثقافي ضروريًا للتنمية؟,تحليل,الثقافة,تفسير
علل أهمية الابتكار في المجال الطبي.,تحليل,الصحة,تفسير
لماذا يُعتبر الماء ضروريًا للحياة؟,تحليل,البيئة والطاقة,تفسير
علل ضرورة تقليل استخدام البلاستيك.,تحليل,البيئة والطاقة,تفسير
لماذا يُعتبر الحفاظ على التنوع البيولوجي مهمًا؟,تحليل,البيئة والطاقة,تفسير
علل ضرورة مكافحة التغير المناخي.,تحليل,البيئة والطاقة,تفسير
لماذا يُعد الماء موردًا نادرًا في بعض المناطق؟,تحليل,البيئة والطاقة,تفسير
لماذا يعتبر الاحتباس الحراري مشكلة عالمية؟,تحليل,البيئة والطاقة,تفسير
علل أهمية التوازن الغذائي لصحة الإنسان.,تحليل,الصحة,تفسير
لماذا يُعتبر إعادة التدوير مهمًا للبيئة؟,تحليل,البيئة والطاقة,تفسير
لماذا يُعد الابتكار ضروريًا في مجال التكنولوجيا؟,تحليل,التكنولوجيا,تفسير
علل أهمية الحفاظ على التنوع الثقافي.,تحليل,الثقافة,تفسير
لماذا يعتبر التعليم أساس التنمية؟,تحليل,التعليم,تفسير
علل أهمية استخدام الطاقة الشمسية كمصدر بديل للطاقة.,تحليل,البيئة والطاقة,تفسير
لماذا يُعتبر الابتكار في التعليم مهمًا؟,تحليل,التعليم,تفسير
علل أهمية حماية التنوع البيولوجي في الغابات.,تحليل,البيئة والطاقة,تفسير
لماذا يُعد التعليم المبكر للأطفال مهمًا؟,تحليل,التعليم,تفسير
علل أهمية الحفاظ على المياه العذبة.,تحليل,البيئة والطاقة,تفسير
لماذا تُعتبر حماية الغابات أمرًا ضروريًا؟,تحليل,البيئة والطاقة,تفسير
علل أهمية الابتكار في مجال الطب.,تحليل,الصحة,تفسير
لماذا تعتبر الغابات المطيرة مهمة؟,تحليل,البيئة والطاقة,تفسير
لماذا تعتبر الغابات المطيرة مهمة؟,تحليل,البيئة والطاقة,تفسير
علل أهمية حماية المحيطات.,تحليل,البيئة والطاقة,تفسير
لماذا يعتبر التنوع الثقافي مهمًا للمجتمعات؟,تحليل,الثقافة,تفسير
علل أهمية التعليم في تحسين جودة الحياة.,تحليل,التعليم,تفسير
لماذا يُعد التنوع البيولوجي مهمًا لاستدامة النظم البيئية؟,تحليل,البيئة والطاقة,تفسير
علل أهمية الحفاظ على الموارد الطبيعية.,تحليل,البيئة والطاقة,تفسير
لماذا يُعتبر البحث العلمي مهمًا في تطوير المجتمعات؟,تحليل,التعليم,تفسير
علل أهمية التخطيط المالي الشخصي.,تحليل,الاقتصاد والعمل,تفسير
لماذا يُعتبر التنوع اللغوي مهمًا في العالم؟,تحليل,الثقافة,تفسير
علل أهمية الحفاظ على التنوع البيولوجي في المحيطات.,تحليل,البيئة والطاقة,تفسير
لماذا يُعتبر الماء مصدرًا حيويًا للحياة؟,تحليل,البيئة والطاقة,تفسير
علل أهمية التعليم في التنمية الاقتصادية.,تحليل,التعليم,تفسير
لماذا يُعتبر التنوع الجيني مهمًا للكائنات الحية؟,تحليل,البيولوجيا,تفسير
علل أهمية الابتكار في الاقتصاد الحديث.,تحليل,الاقتصاد والعمل,تفسير
لماذا يُعتبر التعليم حقًا أساسيًا لكل فرد؟,تحليل,التعليم,تفسير
علل أهمية البحث والتطوير في الصناعات.,تحليل,الاقتصاد والعمل,تفسير
لماذا يُعتبر التعليم العالي مهمًا للتنمية الاقتصادية؟,تحليل,التعليم,تفسير
علل أهمية استخدام الطاقة النظيفة.,تحليل,البيئة والطاقة,تفسير
لماذا يُعد الحفاظ على التراث الثقافي مهمًا؟,تحليل,الثقافة,تفسير
علل أهمية تطوير الطاقات المتجددة.,تحليل,البيئة والطاقة,تفسير
لماذا يُعتبر التعليم عنصرًا حاسمًا في الحد من الفقر؟,تحليل,التعليم,تفسير
علل أهمية الابتكار في تكنولوجيا المعلومات.,تحليل,التكنولوجيا,تفسير
لماذا يُعتبر التنوع الثقافي مهمًا في المجتمع؟,تحليل,الثقافة,تفسير
علل أهمية الابتكار في الصناعات الحديثة.,تحليل,الاقتصاد والعمل,تفسير
لماذا تعتقد أن التعليم المبكر للأطفال هو المفتاح للنجاح المستقبلي؟,تحليل,التعليم,تفسير
لماذا ترى أن العمل الجماعي أفضل من العمل الفردي؟,تحليل,التعليم,تفسير
لماذا تعتقد أن الاستدامة البيئية ضرورية لمستقبل البشرية؟,تحليل,البيئة والطاقة,تفسير
لماذا ترى أن الابتكار هو المحرك الرئيسي للنمو الاقتصادي؟,تحليل,الاقتصاد والعمل,تفسير
لماذا تعتقد أن الفلسفة لا تزال مهمة في العصر الحديث؟,تحليل,الثقافة,تفسير
كيفَ تشعرُ اليومَ؟,فهم,الثقافة,شرح
كيف أثرت طريقة تلقي العرب للقرآن في النقاشات اللاحقة؟,فهم,الدين,شرح
كيف أثر الزمخشري في فهم الإعجاز القرآني؟,معرفة,الدين,شرح
كيف يمكن تقليل تشكيل المواد المسرطنة عند طهي اللحوم؟,فهم,الصحة,شرح
كيف يمكن للألكينات أن تؤدي إلى الإصابة بالسرطان؟,فهم,الصحة,شرح
كيف يمكن تقليل المخاطر الصحية لطهي الطعام في درجات حرارة عالية؟,معرفة,الصحة,شرح
كيف يتشابه طهي الطعام على النار مع التعرض لفحم الكوك؟,معرفة,الصحة,شرح
كيف يؤثر العمل في نوبات الليل على الصحة؟,فهم,الصحة,شرح
كيف يمكن للأشعة فوق البنفسجية أن تسبب السرطان؟,فهم,الصحة,شرح
كيف يعبر القرآن عن معانيه الذهنية والحالات النفسية والمشاهد المنظورة؟,فهم,الدين,شرح
"كيف تناول الإمام محمد عبده مسألة إعجاز القرآن في كتابه ""رسالة التوحيد""؟",معرفة,الدين,شرح
كيف تناول سيد قطب النواحي الجمالية في إعجاز القرآن؟,معرفة,الدين,شرح
كيف تزيد المواد المسرطنة من خطر الإصابة بالسرطان؟,فهم,الصحة,شرح
كيف يحاول الجسم التخلص من المواد المسرطنة؟,فهم,الصحة,شرح
كيف تساهم المواد المسرطنة في تكون الأورام؟,فهم,الصحة,شرح
كيف تؤدي الألكينات إلى السرطان؟,فهم,الصحة,شرح
كيف يمكن اعتبار البوسنة والهرسك دولة إسلامية؟,فهم,السياسة والقانون,شرح
كيف انتهى الوجود البيزنطي والساساني؟,معرفة,التاريخ,شرح
كيف استطاع صلاح الدين الأيوبي إنهاء الخلافة الفاطمية؟,فهم,التاريخ,شرح
كيف انتهت الدولة الفاطمية؟,معرفة,التاريخ,شرح
كيف خضعت مصر لحكم محمد علي باشا؟,معرفة,التاريخ,شرح
كيف انتهى عهد السلطان عبد الحميد؟,معرفة,التاريخ,شرح
كيف يمكن تحسين جودة التعليم؟,تحليل,التعليم,شرح
كيف يمكن الحد من التلوث البيئي؟,تحليل,البيئة والطاقة,شرح
كيف يمكن تحقيق التنمية المستدامة؟,تحليل,الاقتصاد والعمل,شرح
كيف يمكن الحفاظ على التراث الثقافي؟,تحليل,الثقافة,شرح
كيف يمكن تعزيز مهارات التواصل لدى الأفراد؟,تحليل,التعليم,شرح
كيف يمكن دعم الابتكار في الشركات؟,تحليل,الاقتصاد والعمل,شرح
كيف يمكن تحقيق العدالة الاجتماعية؟,تحليل,الثقافة,شرح
كيف يمكن التعامل مع الضغوط النفسية؟,تحليل,الصحة,شرح
كيف يمكن تحسين خدمات الرعاية الصحية؟,تحليل,الصحة,شرح
كيف يمكن تعزيز التعاون الدولي؟,تحليل,السياسة والقانون,شرح
كيف يمكن تقليل الفقر في المجتمع؟,تحليل,الثقافة,شرح
كيف يمكن تعزيز قيم التسامح في المجتمع؟,تحليل,الثقافة,شرح
كيف يمكن تحسين البنية التحتية؟,تحليل,السياسة والقانون,شرح
كيف يمكن تحسين جودة التعليم؟,فهم,التعليم,شرح
كيف يمكن الحد من التلوث البيئي؟,فهم,البيئة والطاقة,شرح
كيف يمكن تحقيق التنمية المستدامة؟,فهم,الاقتصاد والعمل,شرح
كيف يمكن الحفاظ على التراث الثقافي؟,فهم,الثقافة,شرح
كيف يمكن تعزيز مهارات التواصل لدى الأفراد؟,فهم,التعليم,شرح
كيف يمكن دعم الابتكار في الشركات؟,فهم,الاقتصاد والعمل,شرح
كيف يمكن تحقيق العدالة الاجتماعية؟,فهم,الثقافة,شرح
كيف يمكن التعامل مع الضغوط النفسية؟,فهم,الصحة,شرح
كيف يمكن تحسين خدمات الرعاية الصحية؟,فهم,الصحة,شرح
كيف يمكن تعزيز التعاون الدولي؟,فهم,السياسة والقانون,شرح
كيف يمكن تقليل الفقر في المجتمع؟,فهم,الثقافة,شرح
كيف يمكن تعزيز قيم التسامح في المجتمع؟,فهم,الثقافة,شرح
كيف يمكن تحسين البنية التحتية؟,فهم,السياسة والقانون,شرح
كيف يمكن للأشخاص الوقاية من الإصابة بأمراض العين؟,فهم,الصحة,شرح
كيف يمكن للأشخاص الحفاظ على صحة الجهاز الهضمي؟,فهم,الصحة,شرح
كيف تعمل مضخة الماء؟,معرفة,التكنولوجيا,شرح
كيف يعمل محرك الصاروخ؟,معرفة,التكنولوجيا,شرح
كيف يتم نقل الكوليرا؟,معرفة,الصحة,شرح
كيف يتم تمييز السعال الديكي عن أمراض مشابهة؟,فهم,الصحة,شرح
كيف ينمو الأناناس؟,فهم,البيئة والطاقة,شرح
كيف تعمل طفاية الحريق؟,معرفة,التكنولوجيا,شرح
كيف يعمل محرك البخار؟,معرفة,التكنولوجيا,شرح
كيف يصنع اللحم المقدد؟,معرفة,الصحة,شرح
كيف تؤثر تقنية النانو على الصحة؟,فهم,الصحة,شرح
كيف يتم تشكيل الحفرة؟,فهم,البيئة والطاقة,شرح
كيف يعمل محرك أقراص الحالة الصلبة؟,فهم,التكنولوجيا,شرح
كيف يستعمل الكمبيوتر؟,فهم,التكنولوجيا,شرح
كيف يتم قياس طول الإنسان؟,فهم,الصحة,شرح
كيف يتم إنشاء السياسة العامة؟,فهم,السياسة والقانون,شرح
كيف تعمل محاقن الانسولين؟,فهم,الصحة,شرح
كيف تتكون السحابة؟,فهم,البيئة والطاقة,شرح
كيف يتم إنتاج الهيدروجين؟,فهم,التكنولوجيا,شرح
كيف يتم تشخيص الفصام؟,فهم,الصحة,شرح
كيف ينتقل فيروس التهاب الكبد؟,فهم,الصحة,شرح
كيف يصاب الإنسان بسرطان البنكرياس؟,فهم,الصحة,شرح
كيف تؤثر البراكين السابقة على النشاط الهيدروحراري؟,فهم,البيئة والطاقة,شرح
كيف أثرت تجارة الرقيق الأفريقية على الأفارقة من حيث الاقتصاد؟,فهم,التاريخ,شرح
كيف تعمل الخلية؟,فهم,التعليم,شرح
كيف أصبح جاي بييربونت مورغان رجل ثري؟,فهم,التاريخ,شرح
كيف يدعم أمناء المكتبات في المدارس الطلاب ذوي الإعاقة في أوروبا؟,فهم,التعليم,شرح
كيف يصاب الناس بعمى الألوان؟,فهم,الصحة,شرح
كيف يتم حصاد الكافيار؟,فهم,البيئة والطاقة,شرح
كيف يتحول الحليب إلى أنواع مختلفة من الجبن؟,فهم,الصحة,شرح
كيف تأثرت الطبيعة بسبب كارثة تشيرنوبيل النووية؟,فهم,البيئة والطاقة,شرح
كيف يُعالج التواء الأسنان؟,فهم,الصحة,شرح
كيف يُمكن علاج فقر الدم؟,فهم,الصحة,شرح
كيف انقرضت الحيوانات في العصر الجليدي؟,فهم,التاريخ,شرح
كيف يمكن علاج تقصف الشعر بسهولة؟,فهم,الصحة,شرح
كيف اهلك الله قوم عاد؟,فهم,الدين,شرح
كيف يمكن عادة إعادة صياغة مسائل الدوال؟,فهم,التعليم,شرح
كيف كانت نهاية حرب سيمينول؟,فهم,التاريخ,شرح
كيف انتهت حرب فيتنام؟,فهم,التاريخ,شرح
كيف مات جون كينيدي؟,فهم,التاريخ,شرح
كيف مات جيمس دين؟,فهم,التاريخ,شرح
كيف أصبحت تينيسي دولة؟,فهم,التاريخ,شرح
كيف كانت السجون في العصور القديمة؟,فهم,التاريخ,شرح
كيف يمكن لشخص أن ينضم إلى الشرطة في مصر؟,فهم,التعليم,شرح
كيف تختلف أخلاقيات العمل في أفريقيا والولايات المتحدة؟,فهم,الثقافة,شرح
كيف حصلت أنجلينا جولي على اسمها؟,فهم,التاريخ,شرح
كيف تعمل المرأة من أجل المساواة في الحقوق أثناء الحركة النسائية؟,فهم,التاريخ,شرح
كيف تؤثر ضربة الشمس على القلب؟,فهم,الصحة,شرح
كيف يمكنني قياس موقع إطلاق النار وتحديد وضع الهدف؟,فهم,التكنولوجيا,شرح
كيف ماتت فريدا كاهلو؟,معرفة,التاريخ,شرح
كيف موّل تسلا عمله؟,معرفة,التاريخ,شرح
كيف يتم تنظيم الصيادلة في معظم السلطات القضائية؟,فهم,الصحة,شرح
كيف يلعب القطاع الزراعي دورا في الاقتصاد الأردني؟,معرفة,السياسة والقانون,شرح
كيف يؤثر الاقتصاد العالمي على الدول النامية؟,تحليل,الاقتصاد والعمل,شرح
كيف بدأت الدعوة الإسلامية؟,معرفة,التاريخ,شرح
كيف تعامل النبي محمد مع يهود المدينة؟,معرفة,التاريخ,شرح
كيف كانت ردة فعل المسلمين عند وفاة الرسول محمد؟,معرفة,التاريخ,شرح
كيف انتهت معركة اليمامة؟,فهم,التاريخ,شرح
كيف انتهت معركة اليمامة؟,معرفة,التاريخ,شرح
كيف تعامل أبو بكر مع ارتداد القبائل العربية؟,فهم,التاريخ,شرح
كيف تم جمع القرآن في عهد أبي بكر؟,معرفة,التاريخ,شرح
كيف أعلن أبو بكر عن وفاة النبي محمد؟,معرفة,التاريخ,شرح
كيف أعاد معاوية بن أبي سفيان حركة الفتوحات الإسلامية؟,معرفة,التاريخ,شرح
كيف دخل الفاطميون مصر؟,معرفة,التاريخ,شرح
كيف فتح محمد الفاتح القسطنطينية؟,معرفة,التاريخ,شرح
كيف تغير نظام الحكم في الأقاليم والدول الإسلامية بعد سقوط الدولة العثمانية؟,معرفة,السياسة والقانون,شرح
كيف انقسمت الأقاليم والدول الإسلامية بعد سقوط الدولة العثمانية؟,معرفة,التاريخ,شرح
كيف ينهي الحاج أعمال الحج؟,معرفة,الدين,شرح
كيف يتحلل الحاج إن كان متمتعاً؟,فهم,الدين,شرح
الثدييات تتنفس الهواء عبر الرئتين.,معرفة,التعليم,شرح
نهر الأمازون هو أطول نهر في العالم.,معرفة,التعليم,شرح
الضوء ينتقل في خطوط مستقيمة.,معرفة,التعليم,شرح
الذهب يُعتبر موصل جيد للكهرباء.,معرفة,التعليم,شرح
الحيتان هي أكبر الثدييات البحرية.,معرفة,التعليم,شرح
الفيروسات تعتبر كائنات حية.,معرفة,التعليم,شرح
الحديد ينجذب إلى المغناطيس.,معرفة,التعليم,شرح
الخفافيش تستطيع الطيران.,معرفة,التعليم,شرح
الفحم يستخدم كمصدر للطاقة.,معرفة,البيئة والطاقة,شرح
الزئبق يستخدم في موازين الحرارة.,معرفة,التكنولوجيا,شرح
البصل يحتوي على فيتامين سي.,معرفة,الصحة,شرح
الذئاب تعيش في مجموعات.,معرفة,البيئة والطاقة,شرح
الكلاب تعتبر من الحيوانات الأليفة.,معرفة,البيئة والطاقة,شرح
الفيل هو أكبر حيوان بري.,معرفة,البيئة والطاقة,شرح
الشاي يحتوي على مادة الكافيين.,معرفة,الصحة,شرح
النحاس يُستخدم في الأسلاك الكهربائية.,معرفة,التكنولوجيا,شرح
القمح يعتبر من المحاصيل الغذائية الأساسية.,معرفة,الصحة,شرح
الإنسان يحتاج إلى الماء للبقاء على قيد الحياة.,معرفة,الصحة,شرح
الزرافة هي أطول حيوان بري.,معرفة,البيئة والطاقة,شرح
البطاريق تعيش في المناطق الباردة.,معرفة,البيئة والطاقة,شرح
الزئبق هو معدن سائل في درجة حرارة الغرفة.,معرفة,التكنولوجيا,شرح
الإنسان يحتاج إلى الفيتامينات والمعادن للنمو.,معرفة,الصحة,شرح
القطن يُستخدم في صناعة الملابس.,معرفة,التكنولوجيا,شرح
الفواكه تحتوي على سكريات طبيعية.,معرفة,الصحة,شرح
النمل يعيش في مستعمرات.,معرفة,البيئة والطاقة,شرح
الجبال تتكون من صخور ومعادن.,معرفة,الجغرافيا,شرح
الرياح تُعتبر من مصادر الطاقة المتجددة.,معرفة,البيئة والطاقة,شرح
المعادن تُستخدم في صناعة السيارات.,معرفة,التكنولوجيا,شرح
الفراولة تُعتبر من الفواكه.,معرفة,الصحة,شرح
الفراشات تمر بمراحل حياة مختلفة.,معرفة,التعليم,شرح
النباتات تستخدم ضوء الشمس لصنع الغذاء.,معرفة,التعليم,شرح
الأشجار تنتج الأوكسجين عبر عملية البناء الضوئي.,معرفة,التعليم,شرح
الزجاج يمكن أن ينكسر بسهولة.,معرفة,التكنولوجيا,شرح
الطيور تحتاج إلى الأوكسجين للتنفس.,معرفة,التعليم,شرح
الثلج يتكون عند درجات حرارة تحت الصفر.,معرفة,التعليم,شرح
الجاذبية تجعل الأشياء تسقط نحو الأرض.,معرفة,التعليم,شرح
الجمل يستطيع تخزين الماء في جسمه.,معرفة,البيئة والطاقة,شرح
العسل يُصنع من رحيق الأزهار.,معرفة,التعليم,شرح
البركان يثور بإخراج الحمم البركانية.,معرفة,الجغرافيا,شرح
الأشعة فوق البنفسجية ضارة للبشرة.,معرفة,الصحة,شرح
الشمس هي مصدر الطاقة الرئيسي للأرض.,معرفة,التعليم,شرح
الغابات تُعتبر رئة الأرض.,معرفة,البيئة والطاقة,شرح
الزلازل تحدث نتيجة لتحرك الصفائح التكتونية.,معرفة,الجغرافيا,شرح
البراكين يمكن أن تؤثر على المناخ.,معرفة,الجغرافيا,شرح
الغلاف الجوي يحمي الأرض من الأشعة الضارة.,معرفة,البيئة والطاقة,شرح
الطائرات تطير بفضل قوة الرفع.,معرفة,التكنولوجيا,شرح
الأنهار تجري من المناطق الجبلية إلى البحار.,معرفة,الجغرافيا,شرح
السكر يمكن أن يذوب في الماء.,معرفة,التعليم,شرح
النباتات تحتاج إلى الماء لتنمو.,معرفة,التعليم,شرح
الأفيال تُعتبر حيوانات ذكية.,معرفة,البيئة والطاقة,شرح
أالتمرينات الرياضية اليومية تساعد في تحسين الصحة العامة؟,تحليل,الصحة,شرح
اشرح أهمية القراءة في حياة الإنسان.,فهم,التعليم,شرح
اشرح مفهوم الديمقراطية.,فهم,السياسة والقانون,شرح
اشرح دور الكلوروفيل في عملية التمثيل الضوئي.,فهم,التعليم,شرح
اشرح كيفية عمل الطائرة.,فهم,التعليم,شرح
اشرح أهمية التعليم.,تحليل,التعليم,شرح
اشرح كيف تعمل الحاسوب.,فهم,التكنولوجيا,شرح
اشرح فوائد القراءة.,تطبيق,الثقافة,شرح
اشرح كيف تزرع النباتات.,تطبيق,البيئة والطاقة,شرح
اشرح أهمية الصحة النفسية.,تحليل,الصحة,شرح
اشرح كيف تُنظِّم وقتك.,تطبيق,التعليم,شرح
اشرح فوائد الرياضة.,تحليل,الرياضة,شرح
اشرح كيفية حل المشكلات.,تطبيق,التعليم,شرح
اشرح دور التكنولوجيا في حياتنا.,تحليل,التكنولوجيا,شرح
اشرح أهمية الصداقة.,تحليل,الثقافة,شرح
اشرح كيفية تحسين الصحة.,تطبيق,الصحة,شرح
اشرح فوائد السفر.,تحليل,السفر والسياحة,شرح
اشرح دور الفن في المجتمع.,تحليل,الثقافة,شرح
اشرح كيفية الكتابة الإبداعية.,تطبيق,الثقافة,شرح
اشرح أهمية التعليم العالي.,تحليل,التعليم,شرح
اشرح كيفية التعامل مع الضغط.,تطبيق,الصحة,شرح
اشرح فوائد النوم الجيد.,تحليل,الصحة,شرح
اشرح كيفية تعلم لغات جديدة.,تطبيق,الثقافة,شرح
اشرح دور الأسرة في التربية.,تحليل,الثقافة,شرح
اشرح أهمية الحفاظ على البيئة.,تحليل,الثقافة,شرح
اشرح كيفية تحقيق النجاح.,تحليل,التعليم,شرح
اشرح فوائد التأمل.,تطبيق,الصحة,شرح
اشرح كيفية تطوير المهارات.,تحليل,التعليم,شرح
اشرح دور القراءة في تحسين العقل.,تحليل,الثقافة,شرح
اشرح كيفية الحفاظ على العلاقات.,تحليل,الثقافة,شرح
اشرح أهمية العمل الجماعي.,تحليل,التعليم,شرح
اشرح كيفية تنظيم المال.,تطبيق,الاقتصاد والعمل,شرح
اشرح فوائد الأكل الصحي.,تحليل,الصحة,شرح
اشرح كيفية التحدث أمام الجمهور.,تطبيق,التعليم,شرح
اشرح دور الرياضة في حياتنا.,تحليل,الرياضة,شرح
اشرح كيفية التعامل مع التوتر.,تحليل,الصحة,شرح
اشرح فوائد العمل التطوعي.,تحليل,التطوع,شرح
اشرح كيفية تحسين الذات.,تحليل,التعليم,شرح
اشرح دور التعليم في تطوير المجتمع.,تحليل,التعليم,شرح
اشرح أهمية القراءة اليومية.,تحليل,الثقافة,شرح
اشرح كيفية الحفاظ على اللياقة البدنية.,تحليل,الصحة,شرح
اشرح فوائد تعلم الموسيقى.,تحليل,الثقافة,شرح
اشرح كيفية تطوير التفكير النقدي.,تحليل,التعليم,شرح
اشرح دور الفن في التعبير عن النفس.,تحليل,الثقافة,شرح
اشرح كيفية تحقيق التوازن بين العمل والحياة.,تحليل,التعليم,شرح
اشرح فوائد الدراسة في الخارج.,تحليل,التعليم,شرح
اشرح كيفية التعامل مع الفشل.,تحليل,التعليم,شرح
اشرح أهمية التعلم المستمر.,تحليل,التعليم,شرح
اشرح كيفية بناء الثقة بالنفس.,تحليل,التعليم,شرح
اشرح دور التكنولوجيا في التعليم.,تحليل,التكنولوجيا,شرح
اشرحْ كيفية حدوث الزلازل.,فهم,العلوم,شرح
اشرحْ أهمية التعليم في تطوير المجتمع.,معرفة,التعليم,شرح
اشرحْ كيفية عمل المحرك البخاري.,فهم,التكنولوجيا,شرح
اشرحْ فوائد ممارسة الرياضة اليومية.,تحليل,الصحة,شرح
اشرحْ عملية البناء الضوئي في النباتات.,تحليل,العلوم,شرح
اشرحْ كيفية عمل المحرك البخاري.,فهم,التكنولوجيا,شرح
اشرحْ عملية البناء الضوئي في النباتات.,تطبيق,العلوم,شرح
اشرحْ كيفية تشكل الأمطار.,تطبيق,العلوم,شرح
اشرحْ فوائد ممارسة الرياضة اليومية.,تطبيق,الصحة,شرح
اشرحْ أهمية التعليم في تطوير المجتمع.,تطبيق,التعليم,شرح
اشرحْ كيفية عمل البطارية.,تطبيق,التكنولوجيا,شرح
اشرحْ مفهوم الثورة الصناعية.,فهم,التاريخ,شرح
اشرحْ عملية الهضم في جسم الإنسان.,فهم,العلوم,شرح
اشرحْ كيفية توليد الكهرباء من الطاقة الشمسية.,فهم,التكنولوجيا,شرح
اشرحْ تأثير التغير المناخي على البيئة.,فهم,البيئة والطاقة,شرح
اشرحْ كيفية حدوث الزلازل.,فهم,العلوم,شرح
اشرحْ أهمية المياه العذبة للحياة.,فهم,الصحة,شرح
اشرحْ كيفية عمل الإنترنت.,فهم,التكنولوجيا,شرح
اشرحْ فوائد القراءة للأطفال.,فهم,التعليم,شرح
اشرحْ كيفية حدوث البرق والرعد.,فهم,العلوم,شرح
اشرحْ أهمية النظافة الشخصية.,فهم,الصحة,شرح
اشرحْ كيفية عمل الحاسوب.,فهم,التكنولوجيا,شرح
اشرحْ فوائد التغذية السليمة.,فهم,الصحة,شرح
اشرحْ كيفية حدوث الفصول الأربعة.,فهم,العلوم,شرح
اشرحْ أهمية الحفاظ على البيئة.,فهم,البيئة والطاقة,شرح
اشرحْ كيفية عمل الهاتف الذكي.,فهم,التكنولوجيا,شرح
اشرحْ فوائد العمل الجماعي.,فهم,الثقافة,شرح
اشرحْ كيفية حدوث التفاعلات الكيميائية.,فهم,العلوم,شرح
اشرحْ أهمية النوم للصحة.,فهم,الصحة,شرح
اشرحْ كيفية عمل السيارة.,فهم,التكنولوجيا,شرح
اشرحْ فوائد السفر والثقافة.,فهم,الثقافة,شرح
اشرحْ كيفية حدوث البراكين.,فهم,العلوم,شرح
اشرحْ أهمية الطاقة المتجددة.,فهم,البيئة والطاقة,شرح
اشرحْ كيفية عمل الطائرة.,فهم,التكنولوجيا,شرح
اشرحْ فوائد التكنولوجيا الحديثة.,فهم,التكنولوجيا,شرح
اشرحْ كيفية حدوث الجاذبية الأرضية.,فهم,العلوم,شرح
اشرحْ أهمية الصحة النفسية.,فهم,الصحة,شرح
اشرحْ كيفية عمل التلفاز.,فهم,التكنولوجيا,شرح
اشرحْ فوائد الموسيقى.,فهم,الثقافة,شرح
اشرحْ كيفية حدوث المد والجزر.,فهم,العلوم,شرح
اشرحْ أهمية الابتكار في العمل.,فهم,الاقتصاد والعمل,شرح
اشرحْ كيفية عمل الميكروسكوب.,فهم,التكنولوجيا,شرح
اشرحْ فوائد التعلم الإلكتروني.,فهم,التعليم,شرح
اشرحْ كيفية حدوث الاحتباس الحراري.,فهم,البيئة والطاقة,شرح
اشرحْ أهمية العدالة الاجتماعية.,فهم,السياسة والقانون,شرح
اشرحْ كيفية عمل الغسالة.,فهم,التكنولوجيا,شرح
اشرحْ فوائد الفنون للأطفال.,فهم,الثقافة,شرح
اشرحْ كيفية حدوث التجمد والانصهار.,فهم,العلوم,شرح
اشرحْ أهمية الديمقراطية في المجتمع.,فهم,السياسة والقانون,شرح
اشرحْ كيفية عمل الساعة.,فهم,التكنولوجيا,شرح
اشرحْ فوائد القراءة للكبار.,فهم,الثقافة,شرح
اشرحْ كيفية حدوث التكاثر في النباتات.,فهم,العلوم,شرح
اشرحْ أهمية الرياضة في حياة الإنسان.,فهم,الصحة,شرح
اشرحْ كيفية عمل الثلاجة.,فهم,التكنولوجيا,شرح
اشرحْ فوائد التطوع في المجتمع.,فهم,التطوع,شرح
علامَ تُبنى أسس الديمقراطية الحديثة؟,تحليل,السياسة والقانون,شرح
علامَ يستند العلماء في تفسير الظواهر الطبيعية؟,معرفة,العلوم,شرح
علامَ تعتمد عملية الفهم القرائي؟,فهم,التعليم,شرح
علامَ تعتمد نظرية التطور؟,معرفة,العلوم,شرح
علامَ يعتمد الاقتصاد العالمي؟,فهم,الاقتصاد والعمل,شرح
علامَ تعتمد دورة الماء في الطبيعة؟,فهم,العلوم,شرح
علامَ يعتمد النظام التعليمي؟,فهم,التعليم,شرح
علامَ تستند النظريات الفيزيائية؟,فهم,العلوم,شرح
علامَ يعتمد الاقتصاد العالمي؟,فهم,الاقتصاد والعمل,شرح
علامَ ترتكز العلوم البيولوجية؟,فهم,العلوم,شرح
علامَ يعتمد نمو النباتات؟,فهم,العلوم,شرح
علامَ تستند الفلسفة اليونانية؟,معرفة,الثقافة,شرح
علامَ يعتمد التوازن البيئي؟,تحليل,البيئة والطاقة,شرح
علامَ ترتكز الديمقراطية؟,فهم,السياسة والقانون,شرح
علامَ يعتمد تفسير الأحلام؟,تحليل,الثقافة,شرح
علامَ تعتمد الطاقة النووية؟,تحليل,العلوم,شرح
علامَ تستند التكنولوجيا الحديثة؟,تحليل,التكنولوجيا,شرح
علامَ يعتمد بناء المنازل؟,تطبيق,التكنولوجيا,شرح
علامَ ترتكز الرياضيات التطبيقية؟,فهم,العلوم,شرح
علامَ يعتمد التحليل المالي؟,تحليل,الاقتصاد والعمل,شرح
علامَ تستند العلوم الاجتماعية؟,فهم,العلوم,شرح
علامَ يعتمد النظام الصحي؟,تحليل,الصحة,شرح
علامَ ترتكز الأدب الكلاسيكي؟,فهم,الثقافة,شرح
علامَ يعتمد التنبؤ بالطقس؟,فهم,العلوم,شرح
علامَ تستند الفنون الجميلة؟,فهم,الثقافة,شرح
علامَ يعتمد علم الفلك؟,فهم,العلوم,شرح
علامَ ترتكز قواعد اللغة؟,فهم,الثقافة,شرح
علامَ يعتمد الاقتصاد الزراعي؟,فهم,الاقتصاد والعمل,شرح
علامَ تستند الهندسة المعمارية؟,فهم,التكنولوجيا,شرح
علامَ يعتمد التحليل الكيميائي؟,تحليل,العلوم,شرح
علامَ ترتكز الأبحاث العلمية؟,فهم,التعليم,شرح
علامَ يعتمد التعليم العالي؟,فهم,التعليم,شرح
علامَ تستند القوانين الفيزيائية؟,فهم,العلوم,شرح
علامَ يعتمد تفسير الظواهر الطبيعية؟,فهم,العلوم,شرح
علامَ ترتكز العلوم السياسية؟,فهم,السياسة والقانون,شرح
علامَ يعتمد النظام الغذائي الصحي؟,فهم,الصحة,شرح
علامَ تستند الأديان السماوية؟,فهم,الدين,شرح
علامَ يعتمد تحليل البيانات؟,تحليل,التكنولوجيا,شرح
علامَ ترتكز الفلسفة الأخلاقية؟,فهم,الثقافة,شرح
علامَ يعتمد نظام النقل العام؟,تطبيق,التكنولوجيا,شرح
علامَ تستند العلوم البيئية؟,فهم,البيئة والطاقة,شرح
علامَ يعتمد التسويق الرقمي؟,تحليل,التكنولوجيا,شرح
علامَ ترتكز النظرية النسبية؟,فهم,العلوم,شرح
علامَ يعتمد البحث العلمي؟,فهم,التعليم,شرح
علامَ تستند الثقافة الإنسانية؟,فهم,الثقافة,شرح
علامَ يعتمد الاقتصاد الرقمي؟,فهم,التكنولوجيا,شرح
علامَ ترتكز الفنون المسرحية؟,تحليل,الثقافة,شرح
علامَ يعتمد التخطيط العمراني؟,فهم,التكنولوجيا,شرح
علامَ تستند العلوم النفسية؟,تحليل,العلوم,شرح
علامَ يعتمد بناء السفن؟,فهم,التكنولوجيا,شرح
علامَ ترتكز الحضارات القديمة؟,فهم,التاريخ,شرح
علامَ يعتمد تفسير النصوص الأدبية؟,فهم,الثقافة,شرح
علامَ تستند الدراسات التاريخية؟,فهم,التاريخ,شرح
علامَ يعتمد تطور التكنولوجيا؟,تحليل,التكنولوجيا,شرح
علامَ ترتكز الفلسفة الاجتماعية؟,فهم,الثقافة,شرح
علامَ تعتمدُ في دراستِك؟,معرفة,التعليم,شرح
علامَ تركزُ في وقتِ الفراغ؟,فهم,الثقافة,شرح
علامَ تعتمدُ في اختيارِ أصدقائك؟,فهم,الثقافة,شرح
علامَ تعتمدُ في حلِ المشكلات؟,فهم,التعليم,شرح
علامَ تستندُ في قراراتِك؟,فهم,الثقافة,شرح
علامَ تعتمدُ في طهيِ الطعام؟,فهم,الثقافة,شرح
علامَ تعتمدُ في كتابةِ المقالات؟,فهم,الثقافة,شرح
علامَ تعتمدُ في تنظيمِ وقتِك؟,فهم,الثقافة,شرح
علامَ تعتمدُ في اختيارِ ملابسِك؟,فهم,الثقافة,شرح
علامَ تعتمدُ في تطويرِ نفسِك؟,فهم,الثقافة,شرح
علامَ تعتمدُ في اختيارِ وجهاتِ السفر؟,فهم,الترفيه,شرح
علامَ تعتمدُ في اختيارِ الكتبِ للقراءة؟,فهم,الثقافة,شرح
علامَ تعتمدُ في تحقيقِ أهدافِك؟,فهم,الثقافة,شرح
علامَ تعتمدُ في اختيارِ الأفلامِ للمشاهدة؟,فهم,الترفيه,شرح
علامَ تعتمدُ في تنظيمِ رحلاتِك؟,فهم,الترفيه,شرح
علامَ تعتمدُ في اختيارِ النشاطاتِ في العطلات؟,فهم,الترفيه,شرح
علامَ تعتمدُ في اختيارِ الأطعمةِ الصحية؟,فهم,الصحة,شرح
علامَ تعتمدُ في تنظيمِ وقتِ الفراغ؟,فهم,الثقافة,شرح
علامَ تعتمدُ في حلِ المشكلاتِ المعقدة؟,فهم,التعليم,شرح
علامَ تعتمدُ في تحسينِ مهاراتِك؟,فهم,التعليم,شرح
علامَ تعتمدُ في اختيارِ التخصصِ الجامعي؟,فهم,التعليم,شرح
علامَ تعتمدُ في تحقيقِ النجاحِ المهني؟,فهم,الاقتصاد والعمل,شرح
علامَ تعتمدُ في تقييمِ الأشخاص؟,فهم,الثقافة,شرح
علامَ تعتمدُ في تحقيقِ التوازنِ بين العملِ والحياةِ الشخصية؟,فهم,الاقتصاد والعمل,شرح
علامَ تعتمدُ في اختيارِ الهدايا؟,فهم,الثقافة,شرح
علامَ تعتمدُ في اتخاذِ القراراتِ المهمة؟,فهم,الثقافة,شرح
علامَ تعتمدُ في تنظيمِ حياتِك اليومية؟,فهم,الثقافة,شرح
علامَ تعتمدُ في اختيارِ الأصدقاء؟,فهم,الثقافة,شرح
علامَ تعتمدُ في تحسينِ صحتِك؟,فهم,الصحة,شرح
علامَ تعتمدُ في اختيارِ الأطعمةِ الصحية؟,فهم,الصحة,شرح
علامَ تعتمدُ في اختيارِ الأنشطةِ الرياضية؟,فهم,الرياضة,شرح
علامَ تعتمدُ في تحسينِ مهاراتِك المهنية؟,فهم,الاقتصاد والعمل,شرح
علامَ تعتمدُ في اختيارِ الكتبِ للقراءة؟,فهم,الثقافة,شرح
علامَ تعتمدُ في اختيارِ النشاطاتِ في العطلات؟,فهم,الترفيه,شرح
علامَ تعتمدُ في تنظيمِ رحلاتِك؟,فهم,الترفيه,شرح
علامَ تعتمدُ في اختيارِ الأفلامِ للمشاهدة؟,فهم,الترفيه,شرح
علامَ تعتمدُ في تحقيقِ أهدافِك؟,فهم,الثقافة,شرح
علامَ تعتمدُ في اختيارِ التخصصِ الجامعي؟,فهم,التعليم,شرح
ماذا يواجه الأردن في معادلة السكان وموارد المياه؟,فهم,السياسة والقانون,شرح
ماذا نعني بمفهوم الثورة الصناعية؟,معرفة,التاريخ,شرح
"ماذا نعني بمصطلح ""الاحتباس الحراري""؟",معرفة,العلوم,شرح
"ماذا يعني مفهوم ""الثقافة""؟",معرفة,الثقافة,شرح
ماذا يُقصد بالتكنولوجيا الحيوية؟,معرفة,التكنولوجيا,شرح
ماذا يُقصد بالديمقراطية؟,معرفة,السياسة والقانون,شرح
ماذا نعني بالثورة الصناعية؟,معرفة,التاريخ,شرح
"ماذا يعني مصطلح ""البيئة المستدامة""؟",معرفة,البيئة والطاقة,شرح
ماذا يُقصد بالتطور البيولوجي؟,معرفة,العلوم,شرح
"ماذا نعني بمفهوم ""الحقوق الإنسانية""؟",معرفة,الثقافة,شرح
"ماذا يعني مفهوم ""الذكاء الاصطناعي""؟",معرفة,التكنولوجيا,شرح
ماذا يُقصد بالموارد الطبيعية؟,معرفة,البيئة والطاقة,شرح
"ماذا نعني بمفهوم ""الطاقة المتجددة""؟",معرفة,العلوم,شرح
"ماذا يعني مصطلح ""الجاذبية""؟",معرفة,العلوم,شرح
ماذا يُقصد بالثورة المعلوماتية؟,معرفة,التكنولوجيا,شرح
"ماذا نعني بمصطلح ""التعليم الإلكتروني""؟",معرفة,التعليم,شرح
ماذا يُقصد بالتجارة الدولية؟,معرفة,الاقتصاد والعمل,شرح
"ماذا نعني بمفهوم ""الإدارة المالية""؟",معرفة,الاقتصاد والعمل,شرح
ماذا يُقصد بالاقتصاد الرقمي؟,معرفة,التكنولوجيا,شرح
"ماذا نعني بمفهوم ""العدالة الاجتماعية""؟",تحليل,الثقافة,شرح
ماذا يُقصد بالعلوم البيئية؟,معرفة,العلوم,شرح
"ماذا نعني بمفهوم ""الأمن السيبراني""؟",تحليل,التكنولوجيا,شرح
ماذا يُقصد بالثقافة الرقمية؟,معرفة,الثقافة,شرح
ماذا يعني عدد واحد سنة لهذا الكوكب؟,معرفة,العلوم,شرح
ماذا يفعل القانون العالمي للجاذبية؟,معرفة,العلوم,شرح
ماذا تأكل الحيوانات الأليفة؟,معرفة,العلوم,شرح
ماذا حدث على القمر خلال فترة القصف الثقيل المتأخر ؟,معرفة,العلوم,شرح
ماذا يغطي التأمين على الحياة؟,معرفة,الاقتصاد والعمل,شرح
ماذا تفعل القلويات للسوائل؟,معرفة,العلوم,شرح
ماذا تفرز الأغشية المخاطية؟,معرفة,الصحة,شرح
ماذا يفعل علماء الأحياء؟,معرفة,العلوم,شرح
ماذا تغطي حرية التعبير؟,معرفة,السياسة والقانون,شرح
ماذا يعني اللون الأخضر على العلم المكسيكي؟,معرفة,الثقافة,شرح
ماذا يفعل الفص الصدغي من الدماغ؟,معرفة,العلوم,شرح
ماذا تأكل الخنازير؟,معرفة,العلوم,شرح
ماذا يعني التحسين المستمر؟,معرفة,التكنولوجيا,شرح
ماذا يحدث في تجربة إطلاق الصاروخ؟,تحليل,العلوم,شرح
ماذا يحدث عند انصهار الجليد؟,تحليل,العلوم,شرح
ماذا يحدث في دورة الماء؟,تحليل,العلوم,شرح
ماذا يحدث عند خلط الألوان؟,تحليل,الثقافة,شرح
ماذا يحدث في عملية الهضم؟,تحليل,الصحة,شرح
ماذا يحدث عند تكثيف البخار؟,تحليل,العلوم,شرح
ماذا يحدث في تجربة الكهرباء الساكنة؟,تحليل,العلوم,شرح
ماذا يحدث عند تمدد المعادن؟,معرفة,العلوم,شرح
ماذا يحدث في عملية التكاثر؟,معرفة,العلوم,شرح
ماذا يحدث عند تسخين الماء؟,معرفة,العلوم,شرح
ماذا يحدث في دورة الحياة؟,معرفة,العلوم,شرح
ماذا يحدث عند انحلال الأملاح في الماء؟,معرفة,العلوم,شرح
وضح رأي عبد القاهر الجرجاني في إعجاز القرآن.,فهم,الدين,شرح
وضح كيف تساهم الزراعة في المحافظة على البيئة الطبيعية.,فهم,السياسة والقانون,شرح
وضح الموارد التي تتكون منها المياه في الأردن.,معرفة,السياسة والقانون,شرح
وضح كيف نشأ الإسلام كدين اجتماعي سياسي.,معرفة,التاريخ,شرح
وضح معنى الإعجاز لغةً واصطلاحاً.,معرفة,الدين,شرح
وضح مفهوم العدد النسبي.,معرفة,التعليم,شرح
وضح أهمية الحفاظ على البيئة.,معرفة,العلوم,شرح
وضح كيفية عمل المحرك الكهربائي.,معرفة,العلوم,شرح
وضح الفرق بين الجملة الاسمية والجملة الفعلية في اللغة العربية.,معرفة,التعليم,شرح
وضح عملية تكاثر الخلايا.,معرفة,العلوم,شرح
كيف يساعد التعلم الآلي في تطوير تقنيات التنبؤ بالطقس؟,تحليل,التكنولوجيا,شرح
اشرح كيف يمكن استخدام الذكاء الاصطناعي في تحسين التعليم؟,تحليل,التكنولوجيا,شرح
علام تعتمد نجاح الشركات الناشئة؟,تحليل,الاقتصاد والعمل,شرح
أهمية الصحة النفسية.,معرفة,الصحة,شرح
وضح الفرق بين الأعراض الجسدية والنفسية للاكتئاب.,تحليل,الصحة,شرح
اشرح كيف يؤثر التلوث البلاستيكي على الحياة البحرية.,تحليل,البيئة والطاقة,شرح
وضح كيفية تحسين كفاءة استخدام الموارد الطبيعية.,تطبيق,البيئة والطاقة,شرح
علام تعتمد فعالية اللقاحات ضد الأمراض المعدية؟,تحليل,الصحة,شرح
علام تعتمد جودة التعليم في المؤسسات التعليمية؟,تحليل,التعليم,شرح
اشرح كيف تعمل محركات الاحتراق الداخلي.,تحليل,التكنولوجيا,شرح
علام تعتمد نجاح الحملات التسويقية؟,تحليل,الاقتصاد والعمل,شرح
اشرح كيفية عمل شبكة الإنترنت العالمية.,تحليل,التكنولوجيا,شرح
علام تعتمد فعالية اللقاحات؟,تحليل,الصحة,شرح
علام يعتمد نجاح المشاريع الصغيرة؟,تحليل,الاقتصاد والعمل,شرح
علام يعتمد نجاح الحملات التسويقية؟,تحليل,الاقتصاد والعمل,شرح
علام يعتمد نجاح خطة التسويق الإلكتروني؟,تحليل,الاقتصاد والعمل,شرح
علام يعتمد نجاح النظام التعليمي؟,تحليل,التعليم,شرح
علام يعتمد نجاح التحول الرقمي في المؤسسات؟,تحليل,التكنولوجيا,شرح
علام يعتمد نجاح المشاريع الصغيرة؟,تحليل,الاقتصاد والعمل,شرح
علام يعتمد نجاح الاقتصاد الرقمي؟,تحليل,الاقتصاد والعمل,شرح
علام يعتمد نمو الاقتصاد العالمي؟,تحليل,الاقتصاد والعمل,شرح
علام يعتمد نجاح الحملات التوعوية؟,تحليل,الاقتصاد والعمل,شرح
علام يعتمد نجاح التسويق الرقمي؟,تحليل,التكنولوجيا,شرح
علام يعتمد نجاح التعليم عن بعد؟,تحليل,التعليم,شرح
علام يعتمد نجاح الأعمال الصغيرة؟,تحليل,الاقتصاد والعمل,شرح
علام يعتمد تحسين الأداء الأكاديمي للطلاب؟,تحليل,التعليم,شرح
علام يعتمد استقرار الأسعار في السوق؟,تحليل,الاقتصاد والعمل,شرح
علام يعتمد نجاح ريادة الأعمال؟,تحليل,الاقتصاد والعمل,شرح
علام يعتمد تحسين جودة التعليم في المدارس؟,تحليل,التعليم,شرح
علام يعتمد نجاح الزراعة العضوية؟,تحليل,البيئة والطاقة,شرح
علام يعتمد نجاح الحملات الإعلانية؟,تحليل,الاقتصاد والعمل,شرح
علام يعتمد نجاح التعليم المدمج؟,تحليل,التعليم,شرح
علام يعتمد نجاح المشاريع الصغيرة؟,تحليل,الاقتصاد والعمل,شرح
علام يعتمد نجاح الحملات الصحية؟,تحليل,الصحة,شرح
علام يعتمد نجاح البحث العلمي؟,تحليل,العلوم,شرح
علام يعتمد نجاح الاستراتيجيات التسويقية؟,تحليل,الاقتصاد والعمل,شرح
علام يعتمد نجاح الأعمال التجارية الصغيرة؟,تحليل,الاقتصاد والعمل,شرح
علام يعتمد نجاح الحملات الانتخابية؟,تحليل,السياسة والقانون,شرح
علام يعتمد نجاح الأنظمة الديمقراطية؟,تحليل,السياسة والقانون,شرح
علام يعتمد نجاح المشاريع البيئية؟,تحليل,البيئة والطاقة,شرح
علام يعتمد نجاح السياسات الاقتصادية؟,تحليل,الاقتصاد والعمل,شرح
علام يعتمد نجاح التعليم عن بعد؟,تحليل,التعليم,شرح
علام يعتمد تحسين الاقتصاد المحلي؟,تحليل,الاقتصاد والعمل,شرح
علام يعتمد نجاح الحملات التسويقية عبر الإنترنت؟,تحليل,الاقتصاد والعمل,شرح
علام يعتمد نجاح حملات التوعية الصحية؟,تحليل,الصحة,شرح
علام يعتمد نجاح التعاون بين المؤسسات؟,تحليل,الاقتصاد والعمل,شرح
علام يعتمد نجاح المشاريع الصغيرة؟,تحليل,الاقتصاد والعمل,شرح
علام يعتمد نجاح استراتيجية التسويق الرقمي؟,تحليل,الاقتصاد والعمل,شرح
علام يعتمد نجاح إدارة الأزمات في المؤسسات؟,تحليل,الاقتصاد والعمل,شرح
علام يعتمد نجاح برامج التنمية المستدامة؟,تحليل,البيئة والطاقة,شرح
علام يعتمد نجاح عملية التحول الرقمي في الشركات؟,تحليل,التكنولوجيا,شرح
علام يعتمد نجاح التعليم الرقمي في المدارس؟,تحليل,التعليم,شرح
علام يعتمد نجاح الحملات الإعلامية؟,تحليل,الثقافة,شرح
علام يعتمد نجاح الشركات الناشئة؟,تحليل,الاقتصاد والعمل,شرح
علام يعتمد نجاح التسويق عبر وسائل التواصل الاجتماعي؟,تحليل,الاقتصاد والعمل,شرح
علام يعتمد نجاح الاستراتيجيات التسويقية؟,تحليل,الاقتصاد والعمل,شرح
علام يعتمد نجاح المؤسسات غير الربحية؟,تحليل,الاقتصاد والعمل,شرح
علام يعتمد نجاح التعليم عن بُعد؟,تحليل,التعليم,شرح
علام يعتمد نجاح الشركات في الأسواق العالمية؟,تحليل,الاقتصاد والعمل,شرح
علام يعتمد نجاح الحملات البيئية؟,تحليل,البيئة والطاقة,شرح
علام يعتمد نجاح الاستراتيجيات البيئية في الحد من التلوث؟,تحليل,البيئة والطاقة,شرح
علام يعتمد نجاح الشركات في السوق العالمية؟,تحليل,الاقتصاد والعمل,شرح
علام يعتمد نجاح التعليم في المجتمعات الريفية؟,تحليل,التعليم,شرح
علام يعتمد نجاح الشركات الناشئة في الاقتصاد الرقمي؟,تحليل,الاقتصاد والعمل,شرح
علام يعتمد نجاح التسويق الرقمي؟,تحليل,الاقتصاد والعمل,شرح
علام يعتمد نجاح الحملات التسويقية عبر الإنترنت؟,تحليل,الاقتصاد والعمل,شرح
علام تعتمد فعالية برامج التوظيف؟,تحليل,الاقتصاد والعمل,شرح
اشرح مفهوم التنمية المستدامة.,تحليل,البيئة والطاقة,شرح
كيف يتم قياس درجة الحرارة باستخدام مقياس زئبقي؟,تطبيق,العلوم,شرح
كيف يتم تصنيع الألواح الشمسية؟,تطبيق,التكنولوجيا,شرح
اشرح كيفية عمل نظام تحديد المواقع العالمي (GPS).,تحليل,التكنولوجيا,شرح
كيف يمكننا تقليل التلوث في المدن؟,تطبيق,البيئة والطاقة,شرح
اشرح الفرق بين الطاقات المتجددة وغير المتجددة.,تحليل,البيئة والطاقة,شرح
كيف يعمل محرك الاحتراق الداخلي؟,تحليل,التكنولوجيا,شرح
اشرح مفهوم الذكاء الاصطناعي.,تحليل,التكنولوجيا,شرح
"اعرب كلمة ""الكتاب"" في الجملة ""أقرأ الكتاب.""",فهم,الثقافة,شرح
أنى تؤثر السياسات المالية على الاقتصاد؟,تحليل,الاقتصاد والعمل,شرح
اشرح كيفية عمل خلايا الشمس.,معرفة,العلوم,شرح
ناقش تأثير التغير المناخي على النظم البيئية البحرية.,فهم,البيئة والطاقة,شرح
اشرح مفهوم الاستدامة في الاقتصاد.,فهم,الاقتصاد والعمل,شرح
كيف يمكن تحسين أداء الطلاب في المدارس؟,تحليل,التعليم,شرح
ناقش التأثيرات البيئية للتغير المناخي.,تقييم,البيئة والطاقة,شرح
تحدث عن أهمية الطاقة المتجددة في الاقتصاد العالمي.,فهم,الاقتصاد والعمل,شرح
صف عملية تطور البرامج التكنولوجية.,فهم,التكنولوجيا,شرح
كيف تؤثر التقنيات الحديثة على سوق العمل؟,تقييم,الاقتصاد والعمل,شرح
ناقش تأثير الابتكار التكنولوجي على حياة الناس اليومية.,تقييم,التكنولوجيا,شرح
اجمع معلومات حول تطبيقات الذكاء الاصطناعي في الرعاية الصحية.,معرفة,التكنولوجيا,شرح
حلل دور التعليم في تطوير المهارات المهنية.,تقييم,التعليم,شرح
كيف يمكن للتكنولوجيا أن تساهم في تحسين جودة التعليم عن بُعد؟,تحليل,التعليم,شرح
ناقش تأثير الثقافة الشعبية على الهوية الفردية في العصر الرقمي.,تحليل,الثقافة,شرح
لماذا يعتبر التنوع البيولوجي مهمًا للبيئة؟,تحليل,البيئة والطاقة,شرح
كيف يؤثر تغير المناخ على النظم البيئية البحرية؟,تحليل,البيئة والطاقة,شرح
كيف تؤثر وسائل التواصل الاجتماعي على الصحة العقلية للشباب؟,تحليل,الصحة,شرح
كيف تؤثر التكنولوجيا على العلاقات الاجتماعية؟,تحليل,التكنولوجيا,شرح
كيف تؤثر التغيرات المناخية على المحاصيل الزراعية؟,تحليل,البيئة والطاقة,شرح
كيف يتم إنتاج الطاقة الشمسية؟,فهم,البيئة والطاقة,شرح
اشرح كيف تعمل محطات الطاقة النووية.,تحليل,البيئة والطاقة,شرح
علام تعتمد فعالية العلاج الطبي؟,تحليل,الصحة,شرح
كيف تؤثر التغيرات المناخية على الزراعة؟,تحليل,البيئة والطاقة,شرح
اشرح كيفية عمل محركات السيارات الكهربائية.,تحليل,التكنولوجيا,شرح
اشرح كيفية عمل الخلايا الشمسية.,تحليل,البيئة والطاقة,شرح
علام يعتمد نجاح المشاريع الصغيرة؟,تحليل,الاقتصاد والعمل,شرح
اشرح كيفية عمل محطات الطاقة الكهرومائية.,تحليل,البيئة والطاقة,شرح
علام تعتمد فعالية استراتيجيات التسويق الرقمي؟,تحليل,الاقتصاد والعمل,شرح
كيف تؤثر التكنولوجيا الحديثة على الإنتاجية في مكان العمل؟,تحليل,الاقتصاد والعمل,شرح
اشرح كيفية عمل الخلايا الشمسية لتحويل ضوء الشمس إلى كهرباء.,تحليل,البيئة والطاقة,شرح
علام يعتمد نجاح المشاريع الناشئة؟,تحليل,الاقتصاد والعمل,شرح
كيف يؤثر التغير المناخي على الأمن الغذائي؟,تحليل,البيئة والطاقة,شرح
اشرح أهمية استخدام الطاقة المتجددة.,تحليل,البيئة والطاقة,شرح
اشرح دور الثقافة في تشكيل الهوية الوطنية.,تحليل,الثقافة,شرح
اشرح كيفية عمل الطاقة الشمسية.,تحليل,البيئة والطاقة,شرح
اشرح كيف يمكن تحسين كفاءة الطاقة في المنازل.,تحليل,البيئة والطاقة,شرح
اشرح دور الحكومات في مكافحة التغير المناخي.,تحليل,السياسة والقانون,شرح
علام تعتمد كفاءة الخلايا الشمسية؟,تحليل,البيئة والطاقة,شرح
اشرح كيفية عمل محطات الطاقة النووية.,تحليل,البيئة والطاقة,شرح
اشرح كيف تؤثر الأنشطة البشرية على التوازن البيئي.,تحليل,البيئة والطاقة,شرح
اشرح كيف يتم توليد الكهرباء من الطاقة الشمسية.,تحليل,البيئة والطاقة,شرح
علام تعتمد فعالية التعليم الإلكتروني؟,تحليل,التعليم,شرح
اشرح كيفية عمل الطائرة النفاثة.,تحليل,التكنولوجيا,شرح
اشرح كيف تعمل تقنية البلوتوث.,تحليل,التكنولوجيا,شرح
اشرح كيف يعمل محرك الاحتراق الداخلي.,تحليل,التكنولوجيا,شرح
اشرح كيف يعمل الإنترنت.,تحليل,التكنولوجيا,شرح
علام تعتمد فعالية حملة التسويق الرقمي؟,تحليل,الاقتصاد والعمل,شرح
اشرح كيف تعمل عملية التمثيل الضوئي في النباتات.,تحليل,البيولوجيا,شرح
كيف تعمل خلايا الوقود الهيدروجيني؟,تحليل,البيئة والطاقة,شرح
اشرح كيف تعمل الخلايا الشمسية في إنتاج الكهرباء.,تحليل,البيئة والطاقة,شرح
اشرح كيف يتم تحويل الطاقة الحرارية إلى كهرباء.,تحليل,البيئة والطاقة,شرح
اشرح كيفية تكوّن السحب.,تحليل,العلوم,شرح
كيف يتم تحلية مياه البحر؟,تحليل,العلوم,شرح
اشرح كيفية عمل القلب في جسم الإنسان.,تحليل,البيولوجيا,شرح
كيف تعمل أنظمة الذكاء الاصطناعي؟,تحليل,التكنولوجيا,شرح
كيف تؤثر التمارين الرياضية على الصحة النفسية؟,تحليل,الصحة,شرح
كيف تعمل المضخات الحرارية؟,تحليل,البيئة والطاقة,شرح
كيف يتم تحويل الطاقة الشمسية إلى كهرباء؟,تحليل,البيئة والطاقة,شرح
كيف يتم تحويل الطاقة الشمسية إلى كهرباء؟,تحليل,البيئة والطاقة,شرح
كيف يعمل المفاعل النووي لتوليد الكهرباء؟,تحليل,البيئة والطاقة,شرح
كيف يتم توليد الطاقة من الرياح؟,تحليل,البيئة والطاقة,شرح
كيف يتم توليد الكهرباء من الطاقة الشمسية؟,تحليل,البيئة والطاقة,شرح
كيف تعمل الخلايا الشمسية؟,تحليل,البيئة والطاقة,شرح
كيف يتم تحديد سرعة الضوء؟,تحليل,العلوم,شرح
كيف تعمل الطاقة الكهرومائية؟,تحليل,البيئة والطاقة,شرح
كيف يتم تحويل الصوت إلى إشارات رقمية؟,تحليل,التكنولوجيا,شرح
كيف يتم استخراج النفط من باطن الأرض؟,تحليل,البيئة والطاقة,شرح
كيف يتم إنتاج الطاقة في المفاعلات النووية؟,تحليل,البيئة والطاقة,شرح
كيف يتم قياس الزلازل؟,تحليل,العلوم,شرح
في أي عام تم تقديم المسيحية لأفريقيا جنوب الصحراء؟,معرفة,الدين,معلوماتي
في أي عام حصلت المكسيك على الاستقلال عن إسبانيا؟,معرفة,التاريخ,معلوماتي
في أي سنة تلقى تسلا ترشيحاً لنيل جائزة نوبل؟,معرفة,التكنولوجيا,معلوماتي
في أي عام قام ديوار بتجربة على الأكسجين السائل؟,معرفة,التكنولوجيا,معلوماتي
في أي سنة تم التوقيع على معاهدة ماسترخت؟,معرفة,السياسة والقانون,معلوماتي
في أي سنة شهد الأمازون جفافاً يرجّح أنه أشد من جفاف 2005؟,معرفة,البيئة والطاقة,معلوماتي
في أي سنة تأثر الجزء الجنوبي من الأمازون بالجفاف؟,معرفة,البيئة والطاقة,معلوماتي
في أي من الأعوام كان الطاعون موجوداً في البلدان الإسلامية؟,معرفة,التاريخ,معلوماتي
خلال أي سنوات كان الطاعون موجوداً في البلدان الإسلامية؟,معرفة,التاريخ,معلوماتي
في أي عام نشر جيمس هوتون نسخة مكونة من مجلدين لنظرياته؟,معرفة,التاريخ,معلوماتي
في أي عام قام حفيد جنكيز خان بغزو روس الكييفية؟,معرفة,التاريخ,معلوماتي
في أي عام تسبب الاندماج في أن تصبح جاكسونفيل جزء من مقاطعة دوفال؟,معرفة,التاريخ,معلوماتي
في أي سنة توفي تسلا؟,معرفة,التاريخ,معلوماتي
ما هي الفترة التي تولى فيها عمر بن عبد العزيز الخلافة؟,معرفة,التاريخ,معلوماتي
ما هي الفترة التي كتب فيها المفكرون المسلمون عن إعجاز القرآن بشكل مكثف؟,معرفة,الدين,معلوماتي
متى نمت الصادرات من المنتجات الزراعية بنسبة 36.9%؟,معرفة,السياسة والقانون,معلوماتي
متى كانت نسبة نمو الصادرات الزراعية 28.2%؟,معرفة,السياسة والقانون,معلوماتي
متى ارتفع الرقم القياسي السعري للصادرات الزراعية بنسبة (26.0%)؟,معرفة,السياسة والقانون,معلوماتي
متى انخفض الرقم القياسي الكمّي للصادرات الزراعية بنسبة (0.7%)؟,معرفة,السياسة والقانون,معلوماتي
متى توفي رسول الله محمد بن عبد الله؟,معرفة,التاريخ,معلوماتي
متى تمت السيطرة على الدولة العثمانية؟,فهم,التاريخ,معلوماتي
متى تأسست الدولة الإسلامية في المدينة المنورة؟,معرفة,التاريخ,معلوماتي
متى أسس المسلمون دولة في المدينة المنورة؟,معرفة,التاريخ,معلوماتي
متى بدأت حروب الردة؟,معرفة,التاريخ,معلوماتي
متى توفي أبو بكر؟,معرفة,التاريخ,معلوماتي
متى بدأت معركة اليرموك؟,معرفة,التاريخ,معلوماتي
متى وقعت حروب الردة؟,معرفة,التاريخ,معلوماتي
متى توفي أبو بكر؟,معرفة,التاريخ,معلوماتي
متى بدأت معركة اليرموك؟,معرفة,التاريخ,معلوماتي
متى بدأت الفتوحات الإسلامية في عهد أبي بكر؟,معرفة,التاريخ,معلوماتي
متى تم فتح العراق؟,معرفة,التاريخ,معلوماتي
متى بدأت حروب الردة؟,معرفة,التاريخ,معلوماتي
متى بدأت معركة اليرموك؟,معرفة,التاريخ,معلوماتي
متى أسس عقبة بن نافع مدينة القيروان؟,معرفة,التاريخ,معلوماتي
متى انتهت الخلافة الأموية؟,معرفة,التاريخ,معلوماتي
متى سقطت مملكة غرناطة؟,معرفة,التاريخ,معلوماتي
متى أرسل المعز قائده لغزو مصر؟,معرفة,التاريخ,معلوماتي
متى انتقل الخليفة المعز إلى مصر؟,معرفة,التاريخ,معلوماتي
متى فتح محمد الفاتح القسطنطينية؟,معرفة,التاريخ,معلوماتي
متى انتهت الدولة العثمانية؟,معرفة,التاريخ,معلوماتي
متى ظهر مفهوم إعجاز القرآن لأول مرة؟,معرفة,الدين,معلوماتي
متى بدأت الكتابات عن إعجاز القرآن؟,معرفة,الدين,معلوماتي
متى أدرجت منظمة الصحة العالمية العمل بنظام المناوبة كمادة مسرطنة محتملة؟,معرفة,الصحة,معلوماتي
متى بدأ العالم الإسلامي في الاستقلال من الاحتلال الأوروبي؟,معرفة,التاريخ,معلوماتي
متى تغير نظام الحكم في الأقاليم والدول الإسلامية؟,معرفة,التاريخ,معلوماتي
متى أعاد الإمام محمد عبده الدراسات إلى البساطة المعقولة؟,فهم,الدين,معلوماتي
متى تم اكتشاف أول مسبب للسرطان لدى الحيوانات؟,معرفة,الصحة,معلوماتي
متى بدأ استخدام الحواسيب في الأبحاث العلمية؟,معرفة,التكنولوجيا,معلوماتي
متى تأسست شركة IBM وما هو تأثيرها على صناعة التكنولوجيا؟,معرفة,التكنولوجيا,معلوماتي
متى تم اكتشاف الكهرباء لأول مرة؟,معرفة,العلوم,معلوماتي
متى تم اختراع الطباعة لأول مرة؟,معرفة,التاريخ,معلوماتي
متى تم اكتشاف الكهرباء لأول مرة؟,معرفة,العلوم,معلوماتي
متى تم بناء سور الصين العظيم؟,معرفة,التاريخ,معلوماتي
متى تم تأسيس منظمة الأمم المتحدة؟,معرفة,السياسة والقانون,معلوماتي
متى وقعت معركة واترلو؟,معرفة,التاريخ,معلوماتي
متى تأسست مدينة روما؟,معرفة,التاريخ,معلوماتي
متى بدأت الثورة الصناعية؟,معرفة,التاريخ,معلوماتي
متى تم اكتشاف البنسلين؟,معرفة,العلوم,معلوماتي
متى حدثت الثورة الصناعية الأولى؟,معرفة,التاريخ,معلوماتي
متى تم إطلاق أول قمر صناعي إلى الفضاء؟,معرفة,التكنولوجيا,معلوماتي
متى بدأ استخدام الإنترنت بشكل واسع؟,معرفة,التكنولوجيا,معلوماتي
متى حدثت الثورة الفرنسية؟,معرفة,التاريخ,معلوماتي
متى تم اختراع أول سيارة تعمل بالوقود؟,معرفة,التكنولوجيا,معلوماتي
متى تم اكتشاف البترول لأول مرة؟,معرفة,البيئة والطاقة,معلوماتي
متى تأسست منظمة الأمم المتحدة؟,معرفة,السياسة والقانون,معلوماتي
متى بدأت الثورة الصناعية الثانية؟,معرفة,التاريخ,معلوماتي
متى بدأ استخدام الطاقة النووية لتوليد الكهرباء؟,معرفة,البيئة والطاقة,معلوماتي
متى تم توقيع معاهدة فرساي؟,معرفة,التاريخ,معلوماتي
متى تم بناء سور الصين العظيم؟,معرفة,التاريخ,معلوماتي
متى تم اختراع الإنترنت؟,معرفة,التكنولوجيا,معلوماتي
متى بدأ استخدام الطباعة ثلاثية الأبعاد في الصناعة؟,معرفة,التكنولوجيا,معلوماتي
متى بدأت الثورة الفرنسية؟,معرفة,التاريخ,معلوماتي
متى تم تأسيس الاتحاد الأوروبي؟,معرفة,السياسة والقانون,معلوماتي
متى تم اكتشاف البنسلين؟,معرفة,العلوم,معلوماتي
متى تم بناء الأهرامات المصرية؟,معرفة,التاريخ,معلوماتي
متى تم اختراع الهاتف؟,معرفة,التكنولوجيا,معلوماتي
متى تم اكتشاف الأمريكتين؟,معرفة,التاريخ,معلوماتي
متى تم اختراع الطائرة؟,معرفة,التكنولوجيا,معلوماتي
متى تم بناء سور الصين العظيم؟,معرفة,التاريخ,معلوماتي
متى تم اكتشاف البترول لأول مرة؟,معرفة,البيئة والطاقة,معلوماتي
متى تم اختراع الحاسوب الشخصي؟,معرفة,التكنولوجيا,معلوماتي
متى تم اختراع الكهرباء؟,معرفة,العلوم,معلوماتي
متى تم تأسيس منظمة الصحة العالمية؟,معرفة,الصحة,معلوماتي
متى تم بناء سور الصين العظيم؟,معرفة,التاريخ,معلوماتي
متى تم اكتشاف القارة الأمريكية؟,معرفة,الجغرافيا,معلوماتي
متى تم اكتشاف كوكب نبتون؟,معرفة,العلوم,معلوماتي
متى تم توقيع معاهدة السلام العالمية الأولى؟,معرفة,التاريخ,معلوماتي
متى تم اختراع الطباعة؟,معرفة,التكنولوجيا,معلوماتي
متى تم اكتشاف البنسلين؟,معرفة,العلوم,معلوماتي
متى تم بناء برج إيفل؟,معرفة,التاريخ,معلوماتي
متى تم اكتشاف الكهرباء؟,معرفة,العلوم,معلوماتي
متى تم تأسيس الأمم المتحدة؟,معرفة,السياسة والقانون,معلوماتي
متى تم اكتشاف كوكب بلوتو؟,معرفة,العلوم,معلوماتي
متى تم تأسيس منظمة الأمم المتحدة للتربية والعلم والثقافة (اليونسكو)؟,معرفة,التعليم,معلوماتي
متى تم اختراع الهاتف؟,معرفة,التكنولوجيا,معلوماتي
متى تم اكتشاف البنسلين؟,معرفة,العلوم,معلوماتي
متى تم بناء تاج محل؟,معرفة,التاريخ,معلوماتي
متى تم توقيع اتفاقية باريس للمناخ؟,معرفة,البيئة والطاقة,معلوماتي
متى تم إطلاق أول قمر صناعي إلى الفضاء؟,معرفة,العلوم,معلوماتي
متى تم تأسيس منظمة الصليب الأحمر؟,معرفة,الصحة,معلوماتي
متى تم افتتاح قناة السويس؟,معرفة,التاريخ,معلوماتي
متى تم اكتشاف النفط في الشرق الأوسط؟,معرفة,التاريخ,معلوماتي
متى تم بناء سور الصين العظيم؟,معرفة,التاريخ,معلوماتي
متى تم افتتاح برج خليفة في دبي؟,معرفة,التكنولوجيا,معلوماتي
متى تم تأسيس الاتحاد الأوروبي؟,معرفة,السياسة والقانون,معلوماتي
متى تم اكتشاف أمريكا؟,معرفة,التاريخ,معلوماتي
متى تم بناء تاج محل؟,معرفة,التاريخ,معلوماتي
متى تم بناء برج إيفل؟,معرفة,التاريخ,معلوماتي
متى تم تأسيس منظمة الصحة العالمية؟,معرفة,الصحة,معلوماتي
متى تم تأسيس منظمة التجارة العالمية؟,معرفة,الاقتصاد والعمل,معلوماتي
متى تم افتتاح قناة بنما؟,معرفة,التاريخ,معلوماتي
متى تم اكتشاف البنسلين؟,معرفة,العلوم,معلوماتي
متى تم تأسيس منظمة الأمم المتحدة؟,معرفة,السياسة والقانون,معلوماتي
متى تم اكتشاف النفط في الشرق الأوسط؟,معرفة,التاريخ,معلوماتي
متى تبدأ السنة الدراسية في معظم البلدان؟,معرفة,التعليم,معلوماتي
متى يتم الاحتفال بيوم الأرض؟,معرفة,البيئة والطاقة,معلوماتي
متى تم تأسيس الأمم المتحدة؟,معرفة,التاريخ,معلوماتي
متى حدثت الثورة الصناعية؟,معرفة,التاريخ,معلوماتي
متى تم توقيع معاهدة باريس للمناخ؟,معرفة,البيئة والطاقة,معلوماتي
متى بدأت الثورة الرقمية؟,معرفة,التكنولوجيا,معلوماتي
متى ينتهي فصل الشتاء في نصف الكرة الشمالي؟,معرفة,البيئة والطاقة,معلوماتي
متى يحدث الانقلاب الصيفي في النصف الشمالي من الكرة الأرضية؟,معرفة,البيئة والطاقة,معلوماتي
متى ظهرت أولى تقنيات الذكاء الاصطناعي؟,معرفة,التكنولوجيا,معلوماتي
متى تم بناء سور الصين العظيم؟,معرفة,التاريخ,معلوماتي
متى بدأ استخدام الإنترنت على نطاق واسع؟,معرفة,التكنولوجيا,معلوماتي
متى تأسست منظمة الأمم المتحدة؟,معرفة,التاريخ,معلوماتي
متى بدأت الثورة الصناعية؟,معرفة,التاريخ,معلوماتي
متى تم اكتشاف البنسلين؟,معرفة,العلوم,معلوماتي
متى حدثت الثورة الفرنسية؟,معرفة,التاريخ,معلوماتي
أيان تبدأ السنة الدراسية في المدارس العامة؟,معرفة,التعليم,معلوماتي
متى تم اختراع الطباعة؟,معرفة,التاريخ,معلوماتي
متى تم بناء الأهرامات في مصر؟,معرفة,التاريخ,معلوماتي
متى بدأت الثورة الصناعية؟,معرفة,التاريخ,معلوماتي
متى تم اكتشاف أمريكا؟,معرفة,التاريخ,معلوماتي
متى بدأت الحرب العالمية الأولى؟,معرفة,التاريخ,معلوماتي
متى تم تأسيس الأمم المتحدة؟,معرفة,التاريخ,معلوماتي
متى ظهرت أولى الحضارات في العالم؟,معرفة,التاريخ,معلوماتي
متى تم اختراع الكهرباء؟,معرفة,التكنولوجيا,معلوماتي
متى أُقيمت أول دورة ألعاب أولمبية حديثة؟,معرفة,الرياضة,معلوماتي
متى حدثت الثورة الفرنسية؟,معرفة,التاريخ,معلوماتي
متى تم بناء سور الصين العظيم؟,معرفة,التاريخ,معلوماتي
متى تم اكتشاف قارة أمريكا؟,معرفة,التاريخ,معلوماتي
متى تم تأسيس الأمم المتحدة؟,معرفة,التاريخ,معلوماتي
متى بدأت الثورة الصناعية؟,معرفة,التاريخ,معلوماتي
متى تم اختراع الهاتف؟,معرفة,التكنولوجيا,معلوماتي
متى تم بناء الأهرامات في مصر؟,معرفة,التاريخ,معلوماتي
متى بدأت الحرب العالمية الثانية؟,معرفة,التاريخ,معلوماتي
متى تم اكتشاف الكهرباء؟,معرفة,العلوم,معلوماتي
متى تم توقيع معاهدة فرساي؟,معرفة,التاريخ,معلوماتي
متى تم اكتشاف قارة أستراليا؟,معرفة,الجغرافيا,معلوماتي
متى تم اختراع الطباعة؟,معرفة,التاريخ,معلوماتي
متى تم اكتشاف الدورة الدموية؟,معرفة,العلوم,معلوماتي
متى تم تأسيس منظمة الأمم المتحدة؟,معرفة,السياسة والقانون,معلوماتي
متى تأسست جامعة هارفارد؟,معرفة,التعليم,معلوماتي
متى تم اختراع الطائرة؟,معرفة,التكنولوجيا,معلوماتي
متى انتهت الحرب العالمية الأولى؟,معرفة,التاريخ,معلوماتي
متى انتهت الحرب العالمية الأولى؟,معرفة,التاريخ,معلوماتي
متى تم إطلاق أول قمر صناعي؟,معرفة,العلوم,معلوماتي
متى تأسست منظمة الصحة العالمية؟,معرفة,الصحة,معلوماتي
متى تم اختراع الكمبيوتر الحديث؟,معرفة,التكنولوجيا,معلوماتي
متى تم بناء سور الصين العظيم؟,معرفة,التاريخ,معلوماتي
متى بدأت الثورة الصناعية؟,معرفة,التاريخ,معلوماتي
متى تم اكتشاف الكهرباء؟,معرفة,العلوم,معلوماتي
متى تم اكتشاف البنسلين؟,معرفة,العلوم,معلوماتي
متى تم استخدام أول تلسكوب؟,معرفة,العلوم,معلوماتي
متى تم اختراع الكمبيوتر الشخصي؟,معرفة,التكنولوجيا,معلوماتي
متى تم اختراع الطباعة؟,معرفة,التكنولوجيا,معلوماتي
متى تم اكتشاف أمريكا؟,معرفة,التاريخ,معلوماتي
اذكر النسبة التي انخفض فيها الرقم القياسي الكمّي للصادرات الزراعية في عام 2006.,معرفة,السياسة والقانون,معلوماتي
أي مرتبة يحتلها مطار لوس أنجلس الدولي من حيث النشاط والحركة الدولية للمسافرين؟,معرفة,التكنولوجيا,معلوماتي
بمَ يُمكن قياس درجة الحرارة؟,تطبيق,العلوم,معلوماتي
بمَ يُقاس الضغط الجوي؟,تحليل,العلوم,معلوماتي
بمَ يُقاس الطول؟,فهم,العلوم,معلوماتي
بمَ تُقاس سرعة الضوء؟,تطبيق,العلوم,معلوماتي
بمَ يُحدد الزمن؟,تحليل,العلوم,معلوماتي
بمَ يُقاس الوزن؟,فهم,العلوم,معلوماتي
بمَ تُقاس المسافة؟,تحليل,العلوم,معلوماتي
بمَ تُقاس الكتلة؟,معرفة,العلوم,معلوماتي
بمَ يُقاس الوقت؟,تطبيق,العلوم,معلوماتي
بمَ يُقاس التيار الكهربائي؟,تطبيق,العلوم,معلوماتي
بمَ تُقاس الزوايا؟,تطبيق,العلوم,معلوماتي
بمَ تُقاس المساحة؟,تطبيق,العلوم,معلوماتي
بمَ يُقاس الصوت؟,تطبيق,العلوم,معلوماتي
بمَ تُقاس الطاقة؟,تطبيق,العلوم,معلوماتي
بمَ يُقاس الزمن؟,تطبيق,العلوم,معلوماتي
بمَ تُقاس الحرارة؟,تطبيق,العلوم,معلوماتي
عدد الكواكب في النظام الشمسي.,معرفة,التعليم,معلوماتي
"عدد الأحرف في الكلمة ""سماء"".",معرفة,التعليم,معلوماتي
عدد الدول الأعضاء في الأمم المتحدة.,معرفة,السياسة والقانون,معلوماتي
عدد أيام الأسبوع باللغة العربية.,معرفة,التعليم,معلوماتي
عدد الأعضاء في جسم الإنسان.,معرفة,الصحة,معلوماتي
كم عدد الموارد التي تشكل موارد المياه في الأردن؟,معرفة,التاريخ,معلوماتي
كم عدد أفلام هاري بوتر؟,فهم,الترفيه,معلوماتي
كم عدد رؤساء الولايات المتحدة؟,معرفة,التاريخ,معلوماتي
كم عدد القارات؟,معرفة,الجغرافيا,معلوماتي
كم عدد القتلى في تفجير مدينة أوكلاهوما؟,معرفة,التاريخ,معلوماتي
كم عدد الكواكب ما بين المشتري و الشمس؟,معرفة,التعليم,معلوماتي
كم عدد فرق الهوكي المهنية في كندا؟,معرفة,الرياضة,معلوماتي
كم من متجر التفاح هناك في المجموع؟,معرفة,الاقتصاد والعمل,معلوماتي
كم من الناس يعيشون في ممفيس تينيسي؟,معرفة,الجغرافيا,معلوماتي
كم من الحدب على الجمل؟,معرفة,البيئة والطاقة,معلوماتي
كم عدد المحيطات الطبيعية على الأرض؟,معرفة,الجغرافيا,معلوماتي
كم مستخدم لدي تويتر؟,معرفة,التكنولوجيا,معلوماتي
كم يوما في السنة الكبيسة؟,معرفة,التعليم,معلوماتي
كم عدد من الأعضاء في مجلس النواب المصري؟,معرفة,السياسة والقانون,معلوماتي
كم عدد المسلمين يعيشون في المملكة المتحدة؟,معرفة,الدين,معلوماتي
كم عدد الدول الأعضاء في الاتحاد الأوروبي؟,معرفة,السياسة والقانون,معلوماتي
كم عدد البيادق في الشطرنج؟,معرفة,الترفيه,معلوماتي
كم من التعديلات في دستور الولايات المتحدة؟,معرفة,التاريخ,معلوماتي
كم عدد سكان مدينة سان فرانسيسكو؟,معرفة,الجغرافيا,معلوماتي
كم عدد الأشخاص الذين قتلوا في هجمات 11 سبتمبر في البنتاغون؟,معرفة,التاريخ,معلوماتي
كم عدد الإلكترونات التي يحملها بطارية بقوة 1.5 فولت وسعة 2.2 آمبير عند الشحن الكامل؟,معرفة,التكنولوجيا,معلوماتي
كم عدد الألوان في قوس قزح؟,معرفة,البيئة والطاقة,معلوماتي
كم عدد السكان في العالم؟,معرفة,الجغرافيا,معلوماتي
كم عدد سكان المدينة الحضرية؟,معرفة,الجغرافيا,معلوماتي
كم عدد الجامعات في الولايات المتحدة؟,معرفة,التعليم,معلوماتي
كم عدد البلدان التي لا تسمح للمرأة بالتصويت؟,معرفة,السياسة والقانون,معلوماتي
كم عدد الاستحواذات التي قام بها جاريد ألين في مسيرته؟,معرفة,الرياضة,معلوماتي
كم من كرة اعترض جوش نورمان؟,معرفة,الرياضة,معلوماتي
كم مرة فاز بولونيا بالكأس؟,معرفة,الرياضة,معلوماتي
كم كان عدد سكان وارسو في 1901؟,معرفة,التاريخ,معلوماتي
كم عدد الشركات المدرجة في بورصة WSE في أغسطس 2009؟,معرفة,الاقتصاد والعمل,معلوماتي
كم نوعاً من الأشجار يوجد بغابة الأمازون المطيرة؟,معرفة,البيئة والطاقة,معلوماتي
كم دولة تقع داخل حوض الأمازون؟,معرفة,الجغرافيا,معلوماتي
كم شخص مات من الطاعون في باريس عام 1466؟,معرفة,التاريخ,معلوماتي
كم مرة تفشى الطاعون في البندقية؟,معرفة,التاريخ,معلوماتي
كم عدد الأشخاص الذين هلكوا في الجزائر خلال الفترة 1620–1621؟,معرفة,التاريخ,معلوماتي
كم هلك من الناس على الأكثر من الطاعون في بغداد؟,معرفة,التاريخ,معلوماتي
كم عدد الجامعات الموجودة في مصر؟,معرفة,التعليم,معلوماتي
كم كان عدد سكان مدينة جاكسونفيل في عام 2010؟,معرفة,الجغرافيا,معلوماتي
"من بين سكان وارسو في عام 1901، كم كانت النسبة المئوية للكاثوليك؟",معرفة,التاريخ,معلوماتي
كم عدد ذرات الأكسجين والنيتروجين في النترات؟,معرفة,التعليم,معلوماتي
كم كان عمر جون إلواي عندما لعب في السوبر بول 33؟,معرفة,الرياضة,معلوماتي
كم كان يُقدر عدد سكان بونز إيليوس تقريبًا في القرن الثاني الميلادي؟,معرفة,التاريخ,معلوماتي
كم كان عمر النبي محمد ﷺ عند بدء تبليغه للقرآن للعرب؟,معرفة,الدين,معلوماتي
كم يساهم القطاع الزراعي في الناتج المحلي الإجمالي الأردني؟,معرفة,السياسة والقانون,معلوماتي
كم نسبة مساهمة القوى العاملة في القطاع الزراعي؟,فهم,السياسة والقانون,معلوماتي
كم ارتفعت قيمة الصادرات الزراعية في عام 2007؟,معرفة,السياسة والقانون,معلوماتي
كم تقدر موارد المياه العذبة في الأردن سنويا؟,معرفة,السياسة والقانون,معلوماتي
كم هي حصة الفرد السنوية من موارد المياه المتجددة في الأردن في عام 2025؟,معرفة,السياسة والقانون,معلوماتي
كم امتدت الفترة الزمنية للتاريخ الإسلامي؟,معرفة,التاريخ,معلوماتي
كم كانت نسبة ارتفاع قيمة الصادرات الزراعية في عام 2007؟,معرفة,التاريخ,معلوماتي
كم عدد الأحواض المائية في الأردن؟,معرفة,التاريخ,معلوماتي
كم سنة استمرت خلافة أبي بكر؟,معرفة,التاريخ,معلوماتي
كم استمرت خلافة عمر بن الخطاب؟,معرفة,التاريخ,معلوماتي
كم عدد الأشهر التي استمرت فيها خلافة أبي بكر؟,معرفة,التاريخ,معلوماتي
كم استمرت خلافة عمر بن الخطاب؟,معرفة,التاريخ,معلوماتي
كم عدد الجيوش التي أرسلها أبو بكر لفتح الشام؟,معرفة,التاريخ,معلوماتي
كم كان عدد المقاتلين في جيش خالد بن الوليد في العراق؟,معرفة,التاريخ,معلوماتي
كم عدد الأشهر التي استمرت فيها خلافة أبي بكر؟,معرفة,التاريخ,معلوماتي
كم كان عدد المقاتلين في جيش خالد بن الوليد في العراق؟,معرفة,التاريخ,معلوماتي
كم امتد حكم معاوية بن أبي سفيان؟,معرفة,التاريخ,معلوماتي
كم دام العصر الإسلامي في الأندلس؟,معرفة,التاريخ,معلوماتي
كم عدد الخلفاء الذين حكموا مصر في العصر الفاطمي؟,معرفة,التاريخ,معلوماتي
كم عدد الدول التي تجمعها منظمة المؤتمر الإسلامي اليوم؟,معرفة,السياسة والقانون,معلوماتي
كم عدد الجمرات التي يتم رميها في أيام التشريق؟,معرفة,الدين,معلوماتي
ما هي النسبة المئوية التي يشكلها البناء من إجمالي الناتج المحلي؟,فهم,الاقتصاد والعمل,معلوماتي
"بناءً على عدد السكان فقط، ما هو ترتيب جاكسونفيل في الولايات المتحدة؟",معرفة,الجغرافيا,معلوماتي
ما مقدار الكافيين في كاس الاسبريسو؟,معرفة,الصحة,معلوماتي
ما هو عدد سكان مركز تكس؟,معرفة,الجغرافيا,معلوماتي
ما هو عدد سكان مدينة سان فرانسيسكو؟,معرفة,الجغرافيا,معلوماتي
ما هو معدل ضربات القلب المعتاد في سن الـ 24؟,معرفة,الصحة,معلوماتي
ما هي تكلفة إنشاء محطة توليد الطاقة الكهرومائية؟,معرفة,الاقتصاد والعمل,معلوماتي
ما هو سعر سيارة بوغاتي فيرون؟,معرفة,الاقتصاد والعمل,معلوماتي
ما هو عدد السكان بمنطقة لوس أنجلس الكبرى؟,معرفة,الجغرافيا,معلوماتي
ما هو العام الذي شهد أول استخدام مسجل لمؤشر المحرك البخاري؟,معرفة,التكنولوجيا,معلوماتي
ما هو مقدار ثقل الأكسجين 18 عن الأكسجين 16؟,معرفة,العلوم,معلوماتي
ما السنوات التي انضمّت فيها كل من إسبانيا والبرتغال إلى الاتحاد الأوروبي؟,معرفة,السياسة والقانون,معلوماتي
ما نسبة الغابات المطرية التي تمثلها غابة الأمازون المطيرة على الأرض؟,معرفة,الجغرافيا,معلوماتي
ما المساحة التي يغطيها حوض الأمازون؟,معرفة,الجغرافيا,معلوماتي
ما عدد أنواع الأشجار المقدّر داخل غابة الأمازون الاستوائية؟,معرفة,الجغرافيا,معلوماتي
ما مرتبة البرازيل عالمياً من حيث إنتاج فول الصويا؟,معرفة,الاقتصاد والعمل,معلوماتي
ما نسبة الأراضي التي تمت إزالة الغابات منها والتي تستعمل في تغذية الماشية؟,معرفة,الجغرافيا,معلوماتي
ما كمية غاز الكربون في العالم المختزنة في غابة الأمازون؟,معرفة,العلوم,معلوماتي
ما النسبة التقديرية لعدد الأطباء الذين يقدمون الأدوية بمفردهم؟,معرفة,الصحة,معلوماتي
ما هو عدد الأنهار في العالم؟,معرفة,الجغرافيا,معلوماتي
ما هي النسبة المئوية للصادرات الزراعية من مجموع صادرات المملكة؟,معرفة,السياسة والقانون,معلوماتي
ما هي نسبة ارتفاع الرقم القياسي السعري للصادرات الزراعية في عام 2006؟,معرفة,السياسة والقانون,معلوماتي
"في القرن الثاني الميلادي، ماذا كان عدد سكان مدينة بونز إيليوس تقريبًا؟",معرفة,التاريخ,معلوماتي
متى كتب إبراهيم لينكولن إعلان التحرر ؟,معرفة,التاريخ,معلوماتي
متى تم تجريب الطائرة F-15 لأول مرة؟,معرفة,التكنولوجيا,معلوماتي
متى توفي جورج واشنطن؟,معرفة,التاريخ,معلوماتي
متى وقعت حادثة قصف ميناء اللؤلؤ؟,معرفة,التاريخ,معلوماتي
متى قتل هتلر نفسه؟,معرفة,التاريخ,معلوماتي
متى انتهت الحرب العالمية 2؟,معرفة,التاريخ,معلوماتي
متى تم إلغاء العبودية؟,معرفة,التاريخ,معلوماتي
متى أصبح توماس جيفرسون رئيسا؟,معرفة,التاريخ,معلوماتي
متى بدأ وانتهى القرن الثامن عشر؟,معرفة,التاريخ,معلوماتي
متى تم اغتيال مالكولم إكس؟,معرفة,التاريخ,معلوماتي
متى تم انتخاب الرئيس جورج واشنطن؟,معرفة,التاريخ,معلوماتي
متى تعرضت ميناء بيرل هاربر للقصف؟,معرفة,التاريخ,معلوماتي
متى يُحتفل بيوم الرجال العالمي؟,معرفة,الثقافة,معلوماتي
متى وقع حريق شيكاغو الكبير؟,معرفة,التاريخ,معلوماتي
متى تأسست شركة أبل؟,معرفة,التكنولوجيا,معلوماتي
متى فاز فريق بولونيا وارسو ببطولة البلاد قبل عام 2000؟,معرفة,الرياضة,معلوماتي
متى تم تدمير معظم أماكن العبادة الدينية في وارسو؟,معرفة,التاريخ,معلوماتي
متى تم تأسيس أول بورصة في وارسو؟,معرفة,الاقتصاد والعمل,معلوماتي
متى تم إحياء بورصة وارسو؟,معرفة,الاقتصاد والعمل,معلوماتي
متى توفي تسلا؟,معرفة,التاريخ,معلوماتي
متى تشكلت الشراكة بين تسلا ولين وفايل؟,معرفة,التاريخ,معلوماتي
متى حقق تسلا براءة اختراع جهاز الإرسال الكهربائي؟,معرفة,التكنولوجيا,معلوماتي
متى تم اعادة براءات اختراع تسلا؟,معرفة,التكنولوجيا,معلوماتي
متى بلغت التهجّمات على المدرّسين ذروتها؟,معرفة,التعليم,معلوماتي
متى تم إطلاق سكاي ديجيتال؟,معرفة,التكنولوجيا,معلوماتي
متى صرحت بي سكي بي عن اعتزامها تعويض قنواتها الرقمية مجانية المشاهدة؟,معرفة,التكنولوجيا,معلوماتي
متى قالت قناة سنتانا الرياضية بأنها ستنطلق كخدمة مدفوعة الاشتراك؟,معرفة,التكنولوجيا,معلوماتي
متى تم تطوير الأكسجين السائل من أجل الاستخدام التجاري؟,معرفة,العلوم,معلوماتي
متى شنت سوريا ومصر هجوماً على إسرائيل؟,معرفة,التاريخ,معلوماتي
متى فتحت هوندا وتويوتا ونيسان مصانع التجميع في الولايات المتحدة؟,معرفة,الاقتصاد والعمل,معلوماتي
متى تم اختبار المقابس لأول مرة؟,معرفة,التكنولوجيا,معلوماتي
متى انضمّت الدانمرك إلى الاتحاد الأوروبي؟,معرفة,السياسة والقانون,معلوماتي
متى كان آخر اندلاع للطاعون؟,معرفة,التاريخ,معلوماتي
متى كان الطاعون موجوداً في البلدان الإسلامية؟,معرفة,التاريخ,معلوماتي
إلى متى استمر الطاعون في الإمبراطورية العثمانية؟,معرفة,التاريخ,معلوماتي
متى مات فريدي ميركوري؟,معرفة,الثقافة,معلوماتي
متى مات غاري مور؟,معرفة,الثقافة,معلوماتي
متى وقعت حرب تروجان؟,معرفة,التاريخ,معلوماتي
متى ينبغي على النساء إجراء فحص سرطان الثدي؟,معرفة,الصحة,معلوماتي
من سجل أعلى عدد من الاستحواذات للفريق هذا الموسم؟,معرفة,الرياضة,معلوماتي
من فاز بالسوبر بول 49؟,معرفة,الرياضة,معلوماتي
من فاز ببطولة اكستراكلازا في 2000؟,معرفة,الرياضة,معلوماتي
كم عدد العناصر الموجودة في الجدول الدوري؟,معرفة,العلوم,معلوماتي
كم عدد الأقمار التي تدور حول كوكب المشتري؟,معرفة,العلوم,معلوماتي
كم عدد السكان في أكبر مدينة في العالم؟,معرفة,الجغرافيا,معلوماتي
كم عدد الدول التي تستخدم اللغة الإنجليزية كلغة رسمية؟,معرفة,الجغرافيا,معلوماتي
كم عدد البحيرات الكبرى في العالم؟,معرفة,الجغرافيا,معلوماتي
كم يبلغ عدد الدول الأعضاء في الأمم المتحدة؟,معرفة,السياسة والقانون,معلوماتي
كم تبلغ مساحة قارة أفريقيا؟,معرفة,الجغرافيا,معلوماتي
كم يبلغ عدد سكان الهند؟,معرفة,الجغرافيا,معلوماتي
كم عدد الدول في قارة أوروبا؟,معرفة,الجغرافيا,معلوماتي
كم تبلغ المسافة بين الأرض والشمس؟,معرفة,العلوم,معلوماتي
كم تبلغ مساحة قارة آسيا؟,معرفة,الجغرافيا,معلوماتي
كم يبلغ عدد الكواكب في المجموعة الشمسية؟,معرفة,العلوم,معلوماتي
كم يبلغ طول سور الصين العظيم؟,معرفة,الجغرافيا,معلوماتي
كم يبلغ عدد الأقمار الصناعية التي تدور حول الأرض؟,معرفة,التكنولوجيا,معلوماتي
كم عدد اللغات الرسمية في الهند؟,معرفة,الثقافة,معلوماتي
كم يبلغ عدد الدول الأعضاء في الاتحاد الأوروبي؟,معرفة,السياسة والقانون,معلوماتي
كم يبلغ عدد قارات العالم؟,معرفة,الجغرافيا,معلوماتي
كم يبلغ عدد السكان في البرازيل؟,معرفة,الجغرافيا,معلوماتي
كم يبلغ عدد الأعضاء الدائمين في مجلس الأمن الدولي؟,معرفة,السياسة والقانون,معلوماتي
كم يبلغ عدد الدول في منظمة التعاون الإسلامي؟,معرفة,السياسة والقانون,معلوماتي
كم عدد اللغات الرسمية في الأمم المتحدة؟,معرفة,السياسة والقانون,معلوماتي
كم يبلغ عدد المحيطات في العالم؟,معرفة,الجغرافيا,معلوماتي
كم يبلغ عدد حروف اللغة العربية؟,معرفة,الثقافة,معلوماتي
كم يبلغ عدد الدول في قارة إفريقيا؟,معرفة,الجغرافيا,معلوماتي
كم يبلغ عدد كواكب المجموعة الشمسية؟,معرفة,العلوم,معلوماتي
بم يُقاس مستوى الذكاء؟,معرفة,العلوم,معلوماتي
كم يبلغ ارتفاع قمة إيفرست؟,معرفة,الجغرافيا,معلوماتي
كم عدد الدول في قارة آسيا؟,معرفة,الجغرافيا,معلوماتي
كم يبلغ عدد الحروف في اللغة الإنجليزية؟,معرفة,الثقافة,معلوماتي
كم يبلغ عدد اللغات الرسمية في الهند؟,معرفة,الثقافة,معلوماتي
كم يبلغ عدد أعضاء منظمة الأمم المتحدة؟,معرفة,السياسة والقانون,معلوماتي
كم يبلغ عدد سكان الهند؟,معرفة,الجغرافيا,معلوماتي
كم يبلغ عدد أعضاء الاتحاد الأوروبي؟,معرفة,السياسة والقانون,معلوماتي
كم عدد الدول في قارة إفريقيا؟,معرفة,الجغرافيا,معلوماتي
كم يبلغ عدد سكان اليابان؟,معرفة,الجغرافيا,معلوماتي
كم يبلغ عدد الحروف في اللغة الفرنسية؟,معرفة,الثقافة,معلوماتي
كم يبلغ عدد الولايات في الولايات المتحدة الأمريكية؟,معرفة,الجغرافيا,معلوماتي
كم يبلغ عدد الدول الأعضاء في منظمة الصحة العالمية؟,معرفة,الصحة,معلوماتي
كم عدد المحيطات في العالم؟,معرفة,الجغرافيا,معلوماتي
كم عدد الدول الأعضاء في الأمم المتحدة؟,معرفة,السياسة والقانون,معلوماتي
كم يبلغ عدد الدول في قارة أمريكا الجنوبية؟,معرفة,الجغرافيا,معلوماتي
كم عدد أعضاء مجلس الأمن الدولي؟,معرفة,السياسة والقانون,معلوماتي
كم يبلغ عدد الدول في الاتحاد الإفريقي؟,معرفة,السياسة والقانون,معلوماتي
كم عدد العضلات في جسم الإنسان؟,معرفة,العلوم,معلوماتي
كم يبلغ عدد الدول الأعضاء في الاتحاد الأوروبي؟,معرفة,السياسة والقانون,معلوماتي
كم يبلغ عدد الحواس لدى الإنسان؟,معرفة,العلوم,معلوماتي
كم يبلغ عدد الدول الأعضاء في الأمم المتحدة؟,معرفة,السياسة والقانون,معلوماتي
كم يبلغ عدد اللغات الرسمية في الأمم المتحدة؟,معرفة,السياسة والقانون,معلوماتي
كم عدد الدول الأعضاء في مجموعة العشرين؟,معرفة,الاقتصاد والعمل,معلوماتي
كم يبلغ عدد سكان الصين؟,معرفة,الجغرافيا,معلوماتي
كم يبلغ عدد الحروف في الأبجدية العربية؟,معرفة,الثقافة,معلوماتي
كم يبلغ طول نهر الأمازون؟,معرفة,الجغرافيا,معلوماتي
كم عدد البلدان التي تغطيها جبال الهيمالايا؟,معرفة,الجغرافيا,معلوماتي
كم عدد الدول التي تشترك في نهر الدانوب؟,معرفة,الجغرافيا,معلوماتي
كم يبلغ عدد الدول الأعضاء في الأمم المتحدة؟,معرفة,السياسة والقانون,معلوماتي
كم يبلغ عدد الدول في قارة آسيا؟,معرفة,الجغرافيا,معلوماتي
كم يبلغ عدد قارات العالم؟,معرفة,الجغرافيا,معلوماتي
كم عدد الأهرامات في مصر؟,معرفة,التاريخ,معلوماتي
كم يبلغ عدد دول مجلس التعاون الخليجي؟,معرفة,السياسة والقانون,معلوماتي
كم يبلغ عدد كواكب المجموعة الشمسية؟,معرفة,العلوم,معلوماتي
كم يبلغ عدد القارات على سطح الأرض؟,معرفة,الجغرافيا,معلوماتي
كم عدد الدول الأعضاء في حلف شمال الأطلسي (الناتو)؟,معرفة,السياسة والقانون,معلوماتي
كم يبلغ عدد الكواكب في المجموعة الشمسية؟,معرفة,العلوم,معلوماتي
كم يبلغ عدد الدول في الاتحاد الأوروبي؟,معرفة,السياسة والقانون,معلوماتي
كم عدد الدول العربية في الأمم المتحدة؟,معرفة,السياسة والقانون,معلوماتي
كم عدد القارات على كوكب الأرض؟,معرفة,الجغرافيا,معلوماتي
عدد الكواكب في النظام الشمسي.,معرفة,العلوم,معلوماتي
كم عدد الحروف الأبجدية العربية؟,معرفة,الثقافة,معلوماتي
كم عدد القارات على سطح الأرض.,معرفة,الجغرافيا,معلوماتي
كم عدد العناصر في الجدول الدوري؟,معرفة,العلوم,معلوماتي
عدد أنواع الطاقة المتجددة المعروفة.,معرفة,البيئة والطاقة,معلوماتي
كم عدد الألوان الأساسية في عجلة الألوان؟,معرفة,الثقافة,معلوماتي
كم عدد الكواكب في النظام الشمسي؟,معرفة,العلوم,معلوماتي
عدد الأنهار الكبيرة في العالم.,معرفة,الجغرافيا,معلوماتي
أي من الدول لديها أعلى استهلاك للطاقة المتجددة؟,تحليل,البيئة والطاقة,معلوماتي
عدد الكواكب في النظام الشمسي.,معرفة,العلوم,معلوماتي
كم عدد الكروموسومات في الخلية البشرية؟,معرفة,البيولوجيا,معلوماتي
كم عدد السكان في الصين؟,معرفة,الجغرافيا,معلوماتي
كم عدد العضلات في جسم الإنسان؟,معرفة,البيولوجيا,معلوماتي
عدد الكواكب في النظام الشمسي.,معرفة,العلوم,معلوماتي
كم عدد العضلات التي تعمل عند المشي؟,معرفة,البيولوجيا,معلوماتي
كم عدد الدول في قارة أفريقيا؟,معرفة,الجغرافيا,معلوماتي
كم عدد الكواكب في النظام الشمسي؟,معرفة,العلوم,معلوماتي
كم عدد العضلات في جسم الإنسان؟,معرفة,البيولوجيا,معلوماتي
كم يبلغ عدد السكان في الهند؟,معرفة,الجغرافيا,معلوماتي
كم يبلغ ارتفاع جبل كليمنجارو؟,معرفة,الجغرافيا,معلوماتي
كم عدد القارات في العالم؟,معرفة,الجغرافيا,معلوماتي
كم عدد الدول التي تتحدث اللغة الإسبانية كلغة رسمية؟,معرفة,الثقافة,معلوماتي
كم عدد الكروموسومات في الخلية البشرية؟,معرفة,البيولوجيا,معلوماتي
كم يبلغ عدد سكان كندا؟,معرفة,الجغرافيا,معلوماتي
كم عدد ألوان قوس قزح؟,معرفة,العلوم,معلوماتي
كم يبلغ ارتفاع برج خليفة؟,معرفة,الجغرافيا,معلوماتي
كم عدد الكواكب في النظام الشمسي؟,معرفة,العلوم,معلوماتي
كم عدد العظام في جسم الإنسان؟,معرفة,البيولوجيا,معلوماتي
كم يبلغ طول نهر النيل؟,معرفة,الجغرافيا,معلوماتي
كم عدد اللغات الرسمية في الأمم المتحدة؟,معرفة,السياسة والقانون,معلوماتي
كم عدد الدول الأعضاء في الاتحاد الأوروبي؟,معرفة,السياسة والقانون,معلوماتي
كم يبلغ طول نهر النيل؟,معرفة,الجغرافيا,معلوماتي
كم يبلغ عدد كواكب النظام الشمسي؟,معرفة,العلوم,معلوماتي
كم عدد الفصول في السنة؟,معرفة,العلوم,معلوماتي
كم عدد الدول الأعضاء في منظمة الأمم المتحدة؟,معرفة,السياسة والقانون,معلوماتي
كم عدد العضلات في جسم الإنسان؟,معرفة,البيولوجيا,معلوماتي
كم يبلغ عدد قارات العالم؟,معرفة,الجغرافيا,معلوماتي
كم عدد الكروموسومات في جسم الإنسان؟,معرفة,البيولوجيا,معلوماتي
أي موسم من السنة يكون فيه اليوم الأطول؟,معرفة,التعليم,معلوماتي
أيان يجب على الأشخاص زيارة الطبيب لفحص القلب؟,معرفة,الصحة,معلوماتي
أيان يجب أن يتناول الأطفال اللقاحات الموصى بها؟,تطبيق,الصحة,معلوماتي
أيان ينبغي على النساء إجراء فحص سرطان الثدي؟,تطبيق,الصحة,معلوماتي
كم امتدت فترة حكم محمد الفاتح؟,معرفة,التاريخ,معلوماتي
ما هي فترة السيطرة الفاطمية على الحرمين؟,معرفة,التاريخ,معلوماتي
متى يحل الإسلام دم الشخص؟,معرفة,الدين,معلوماتي
متى ستبدأُ دراستَك؟,معرفة,التعليم,معلوماتي
متى ستعودُ من السفر؟,معرفة,السفر والسياحة,معلوماتي
متى تذهبُ إلى النوم؟,فهم,الصحة,معلوماتي
متى تبدأُ يومَك؟,تطبيق,الثقافة,معلوماتي
متى تذهبُ إلى العمل؟,تقييم,الاقتصاد والعمل,معلوماتي
متى تعودُ إلى البيت؟,تقييم,الثقافة,معلوماتي
متى تبدأُ عملَك؟,تقييم,الاقتصاد والعمل,معلوماتي
متى تعودُ من العمل؟,معرفة,الاقتصاد والعمل,معلوماتي
متى تبدأُ يومَك؟,تقييم,الثقافة,معلوماتي
متى تذهبُ إلى النومِ عادةً؟,تطبيق,الصحة,معلوماتي
متى يتم رمي جمرة العقبة؟,معرفة,الدين,معلوماتي
متى يجب على الشركات الصغيرة إعادة تقييم استراتيجياتها التسويقية؟,تطبيق,الاقتصاد والعمل,معلوماتي
متى بدأت حركة حقوق الإنسان الحديثة؟,معرفة,التاريخ,معلوماتي
اذكر أسماء قادة الجيوش الإسلامية الأربعة الذين أرسلهم أبو بكر لفتح الشام.,معرفة,التاريخ,معلوماتي
اذكر أسماء الخلفاء في عصر القوة الفاطمي.,معرفة,التاريخ,معلوماتي
اذكر اثنين من المفكرين الذين كتبوا عن إعجاز القرآن.,معرفة,الدين,معلوماتي
أي الصحابة قادوا الجيوش الإسلامية في حروب الردة؟,معرفة,التاريخ,معلوماتي
إلى أي رياضة ينتمي فريق لوس أنجلس رامز؟,معرفة,الرياضة,معلوماتي
إلى أي رياضة ينتمي فريق لوس أنجلس كليبرز؟,معرفة,الرياضة,معلوماتي
أي من خلف جنكيز خان طرد المماليك من فلسطين؟,معرفة,التاريخ,معلوماتي
أية مجموعة من العلماء تسعى لقياس كميات الأكسجين في الحيوانات البحرية؟,تطبيق,البيئة والطاقة,معلوماتي
أي شخصية تاريخية قادت ثورة 1919 في مصر؟,معرفة,التعليم,معلوماتي
عدِّدْ أشهرَ الشعراء.,معرفة,الثقافة,معلوماتي
عدِّدْ أشهرَ العلماء.,معرفة,التعليم,معلوماتي
عدِّدْ أشهرَ الشعراءِ العرب.,معرفة,الثقافة,معلوماتي
من بنى الكعبة؟,معرفة,الدين,معلوماتي
من الذي صنع عجلا من الحلي لبني إسرائيل؟,معرفة,الدين,معلوماتي
من هم جميع أعضاء فرقة الأخوة جوناس؟,معرفة,الثقافة,معلوماتي
من هو الباحث الذي رفض فكرة الصرفة في إعجاز القرآن؟,معرفة,الدين,معلوماتي
من هو الباحث المعاصر الذي ناقش حيرة العرب عند سماع القرآن؟,معرفة,الدين,معلوماتي
من هو الذي أكد أن أسلوب القرآن المتميز هو وجه من وجوه إعجازه؟,فهم,الدين,معلوماتي
من هو الباحث الذي أكد على ضرورة النظر إلى القرآن ككل؟,فهم,الدين,معلوماتي
من هو العالم الذي اكتشف أول مسبب للسرطان لدى الحيوانات؟,معرفة,الصحة,معلوماتي
من أسس الدولة الإسلامية في المدينة المنورة؟,معرفة,التاريخ,معلوماتي
من يقف موقف دعم علي وآل بيته في خلافة المؤمنين؟,فهم,التاريخ,معلوماتي
من هم السلاجقة؟,معرفة,التاريخ,معلوماتي
من قام بتأسيس الدولة الإسلامية في مكة؟,معرفة,التاريخ,معلوماتي
من قام بخطبة الناس بعد وفاة الرسول؟,معرفة,التاريخ,معلوماتي
من حضر في سقيفة بني ساعدة؟,فهم,التاريخ,معلوماتي
من قاد الجيوش الإسلامية في حروب الردة؟,معرفة,التاريخ,معلوماتي
من قاد جيش المسلمين لمحاربة مسيلمة بن حبيب؟,معرفة,التاريخ,معلوماتي
من الذي بويع في سقيفة بني ساعدة؟,فهم,التاريخ,معلوماتي
من استلم الخلافة بعد وفاة أبي بكر؟,معرفة,التاريخ,معلوماتي
من قام بتأسيس الدولة الأموية؟,معرفة,التاريخ,معلوماتي
من كان القائد الذي أسس الدولة الأموية في الأندلس؟,معرفة,التاريخ,معلوماتي
من أسس الدولة الفاطمية؟,معرفة,التاريخ,معلوماتي
من كان القائد الذي أرسله المعز لغزو مصر؟,معرفة,التاريخ,معلوماتي
من هو الخليفة الفاطمي الذي انتهت دولته نتيجة لتنازع الوزراء؟,معرفة,التاريخ,معلوماتي
من هو المؤسس الأول للدولة الأيوبية؟,معرفة,التاريخ,معلوماتي
من أرسل نور الدين محمود لمساعدة شاور في مصر؟,معرفة,التاريخ,معلوماتي
من هو مؤسس الدولة العثمانية؟,معرفة,التاريخ,معلوماتي
من قام بإسقاط دولة المماليك في مصر؟,معرفة,التاريخ,معلوماتي
من تولى الحكم بعد محمد علي باشا؟,معرفة,التاريخ,معلوماتي
من هو السلطان الذي رفض بيع فلسطين لليهود؟,معرفة,التاريخ,معلوماتي
من قاد المؤتمر اليهودي الأول؟,معرفة,التاريخ,معلوماتي
من الذي كان له لقب الخلافة الإسلامية؟,معرفة,التاريخ,معلوماتي
من هم أبرز العلماء الذين ساهموا في تطوير الذكاء الاصطناعي؟,معرفة,التكنولوجيا,معلوماتي
من هو مؤسس شركة تسلا وماذا كانت رؤيته؟,معرفة,التكنولوجيا,معلوماتي
من هم الرواد في مجال الحوسبة السحابية؟,معرفة,التكنولوجيا,معلوماتي
من هو المؤسس المشارك لشركة مايكروسوفت؟,معرفة,التكنولوجيا,معلوماتي
من هو الرئيس التنفيذي الحالي لشركة Apple؟,معرفة,التكنولوجيا,معلوماتي
من هو العالم الذي اكتشف البنسلين؟,معرفة,العلوم,معلوماتي
من هم المؤسسون الأصليون لشركة Google؟,معرفة,التكنولوجيا,معلوماتي
من هو مخترع الهاتف؟,معرفة,التكنولوجيا,معلوماتي
من هو أول رئيس للولايات المتحدة الأمريكية؟,معرفة,التاريخ,معلوماتي
من هو مخترع الطائرة؟,معرفة,التكنولوجيا,معلوماتي
من هو مؤسس شركة مايكروسوفت؟,معرفة,التكنولوجيا,معلوماتي
من هو العالم الذي اكتشف قانون الجاذبية؟,معرفة,العلوم,معلوماتي
من هو الحاصل على جائزة نوبل في الفيزياء لعام 2021؟,معرفة,العلوم,معلوماتي
من هو مؤسس علم الاجتماع الحديث؟,معرفة,علم الاجتماع,معلوماتي
من هو مؤسس علم النفس الحديث؟,معرفة,العلوم,معلوماتي
"من هو الكاتب الذي كتب ""مائة عام من العزلة""؟",معرفة,الثقافة,معلوماتي
من هو مؤسس علم الجبر؟,معرفة,العلوم,معلوماتي
من هو قائد الحملة الفرنسية على مصر؟,معرفة,التاريخ,معلوماتي
من هو مكتشف الدورة الدموية؟,معرفة,العلوم,معلوماتي
من هو مخترع المصباح الكهربائي؟,معرفة,التكنولوجيا,معلوماتي
من هو المؤسس الأول للفلسفة الحديثة؟,معرفة,الثقافة,معلوماتي
من هو أول رئيس للولايات المتحدة الأمريكية؟,معرفة,التاريخ,معلوماتي
"من هو مؤلف كتاب ""الأمير""؟",معرفة,الثقافة,معلوماتي
من هو أول رائد فضاء هبط على القمر؟,معرفة,العلوم,معلوماتي
من هو الفيلسوف الذي وضع نظرية العقد الاجتماعي؟,معرفة,الثقافة,معلوماتي
من هو مؤسس علم الكيمياء الحديثة؟,معرفة,العلوم,معلوماتي
من هو مكتشف الكهرباء؟,معرفة,العلوم,معلوماتي
من هو أول طبيب استخدم التخدير في الجراحة؟,معرفة,العلوم,معلوماتي
من هو مكتشف قانون الجاذبية؟,معرفة,العلوم,معلوماتي
من هو مؤسس علم الاقتصاد الحديث؟,معرفة,الاقتصاد والعمل,معلوماتي
من هو مخترع الإنترنت؟,معرفة,التكنولوجيا,معلوماتي
من هو مكتشف البنسلين؟,معرفة,العلوم,معلوماتي
من هو مخترع الهاتف؟,معرفة,التكنولوجيا,معلوماتي
"من هو مؤلف رواية ""الحرب والسلام""؟",معرفة,الثقافة,معلوماتي
من هو مؤسس علم الجبر؟,معرفة,العلوم,معلوماتي
من هو مؤسس علم الوراثة؟,معرفة,العلوم,معلوماتي
من هو مؤسس علم النفس الحديث؟,معرفة,العلوم,معلوماتي
من هو مؤسس شركة مايكروسوفت؟,معرفة,التكنولوجيا,معلوماتي
"من هو مؤلف كتاب ""الجمهورية""؟",معرفة,الثقافة,معلوماتي
من هو مؤسس علم الاجتماع؟,معرفة,علم الاجتماع,معلوماتي
من هو مكتشف الدورة الدموية؟,معرفة,العلوم,معلوماتي
من هو مؤسس علم النفس الحديث؟,معرفة,العلوم,معلوماتي
من هو مؤسس علم الاقتصاد الكلي؟,معرفة,الاقتصاد والعمل,معلوماتي
من هو مؤسس علم الأحياء الدقيقة؟,معرفة,العلوم,معلوماتي
من هو أول رائد فضاء هبط على القمر؟,معرفة,العلوم,معلوماتي
من هو مخترع المصباح الكهربائي؟,معرفة,التكنولوجيا,معلوماتي
من هو مبتكر نظرية النسبية؟,معرفة,العلوم,معلوماتي
من هو مكتشف قوانين الحركة الثلاثة؟,معرفة,العلوم,معلوماتي
من هو مؤسس علم الوراثة الجزيئية؟,معرفة,العلوم,معلوماتي
من هو مكتشف البنسلين؟,معرفة,العلوم,معلوماتي
من هو مبتكر مفهوم الطيران العمودي؟,معرفة,التكنولوجيا,معلوماتي
من هو مبتكر لغة البرمجة بايثون؟,معرفة,التكنولوجيا,معلوماتي
من هو مكتشف كوكب أورانوس؟,معرفة,العلوم,معلوماتي
من هو مكتشف البكتيريا؟,معرفة,العلوم,معلوماتي
من هو مبتكر فكرة الإنترنت؟,معرفة,التكنولوجيا,معلوماتي
من هو مؤسس علم الفيزياء النووية؟,معرفة,العلوم,معلوماتي
من هو مكتشف قانون الجاذبية الأرضية؟,معرفة,العلوم,معلوماتي
من هو مؤسس علم الجغرافيا البشرية؟,معرفة,الجغرافيا,معلوماتي
من هو مؤسس علم الكيمياء الحديثة؟,معرفة,العلوم,معلوماتي
من هو مؤسس علم الاجتماع؟,معرفة,علم الاجتماع,معلوماتي
من هو مؤسس علم النفس الحديث؟,معرفة,العلوم,معلوماتي
من هو مخترع الهاتف؟,معرفة,التكنولوجيا,معلوماتي
"من هو مؤلف رواية ""1984""؟",معرفة,الثقافة,معلوماتي
"من الذي كتب رواية ""الأخوة كارامازوف""؟",معرفة,الثقافة,معلوماتي
من هو مؤسس شركة مايكروسوفت؟,معرفة,التكنولوجيا,معلوماتي
من هو مكتشف الدورة الدموية؟,معرفة,البيولوجيا,معلوماتي
من هو مكتشف قانون الجاذبية؟,معرفة,العلوم,معلوماتي
من هو أول من صعد إلى القمر؟,معرفة,العلوم,معلوماتي
من هو مؤسس شركة تسلا؟,معرفة,التكنولوجيا,معلوماتي
من هو مكتشف البنسلين؟,معرفة,العلوم,معلوماتي
من هو مكتشف الكهرباء؟,معرفة,العلوم,معلوماتي
"من هو مؤلف رواية ""1984""؟",معرفة,الثقافة,معلوماتي
من هو أول رئيس للولايات المتحدة الأمريكية؟,معرفة,التاريخ,معلوماتي
من هو مكتشف قوانين الحركة؟,معرفة,العلوم,معلوماتي
من هو مكتشف البنسلين؟,معرفة,العلوم,معلوماتي
من هو مخترع الهاتف؟,معرفة,العلوم,معلوماتي
من هو مؤسس علم النفس الحديث؟,معرفة,العلوم,معلوماتي
من هو مؤسس شركة مايكروسوفت؟,معرفة,التكنولوجيا,معلوماتي
من هو العالم الذي طور نظرية النسبية؟,معرفة,العلوم,معلوماتي
من هو مخترع المصباح الكهربائي؟,معرفة,التكنولوجيا,معلوماتي
من هو مؤسس علم الفيزياء الكلاسيكية؟,معرفة,العلوم,معلوماتي
من هو أول إنسان صعد إلى الفضاء؟,معرفة,العلوم,معلوماتي
من هو أول من اكتشف القارة الأمريكية؟,معرفة,التاريخ,معلوماتي
من هو مكتشف قانون الجاذبية؟,معرفة,العلوم,معلوماتي
من هو مكتشف البنسلين؟,معرفة,العلوم,معلوماتي
"من هو أول من استخدم مصطلح ""البيئة""؟",معرفة,البيئة والطاقة,معلوماتي
من هو مؤسس علم النفس؟,معرفة,العلوم,معلوماتي
من هو مؤسس شركة أمازون؟,معرفة,الاقتصاد والعمل,معلوماتي
من هو مؤسس علم الأحياء؟,معرفة,البيولوجيا,معلوماتي
من هو مؤسس علم الكيمياء؟,معرفة,العلوم,معلوماتي
من هو مكتشف قانون الطفو؟,معرفة,العلوم,معلوماتي
من هو مخترع الإنترنت؟,معرفة,التكنولوجيا,معلوماتي
من هو مبتكر نظرية النسبية؟,معرفة,العلوم,معلوماتي
من هو أول رئيس للولايات المتحدة الأمريكية؟,معرفة,التاريخ,معلوماتي
من هو أول رئيس للولايات المتحدة الأمريكية؟,معرفة,التاريخ,معلوماتي
من هو مكتشف النظرية النسبية العامة؟,معرفة,العلوم,معلوماتي
من هو مؤسس علم الجبر؟,معرفة,العلوم,معلوماتي
من هو مكتشف الدورة الدموية الصغرى؟,معرفة,العلوم,معلوماتي
من هو مؤسس علم الفيزياء؟,معرفة,العلوم,معلوماتي
من هو مكتشف قانون الجاذبية؟,معرفة,العلوم,معلوماتي
من هو مكتشف الدورة الدموية الكبرى؟,معرفة,العلوم,معلوماتي
من هو مكتشف النظرية النسبية الخاصة؟,معرفة,العلوم,معلوماتي
من هو مخترع الهاتف؟,معرفة,التكنولوجيا,معلوماتي
من هو مكتشف البنسلين؟,معرفة,العلوم,معلوماتي
من هو مؤسس علم الأحياء الدقيقة؟,معرفة,العلوم,معلوماتي
من هو مؤسس علم النفس الحديث؟,معرفة,العلوم,معلوماتي
كم المدة التي تعرض فيها كتاب امبرتز للخطر؟,معرفة,التعليم,معلوماتي
كم فترة رضاعة المولود؟,معرفة,الصحة,معلوماتي
بِكَم ميلاً تزايدت نسبة إزالة الغابات ما بين سنتي 2000 و2005؟,فهم,البيئة والطاقة,معلوماتي
كم من الوقت كان ريتشارد نيكسون رئيسا؟,معرفة,التاريخ,معلوماتي
كم مساحة تغطي مياه المحيطات الكرة الأرضية؟,معرفة,الجغرافيا,معلوماتي
كم يستغرق كوكب نبتون ليدور حول الشمس مرة واحدة؟,معرفة,التعليم,معلوماتي
كم تكلفة إنشاء محطة توليد الطاقة الكهرومائية؟,معرفة,الاقتصاد والعمل,معلوماتي
كم متر مربع يعادل فدان؟,معرفة,التعليم,معلوماتي
كم نسبة الماء في جسم الإنسان؟,معرفة,الصحة,معلوماتي
كم المدة التي يستغرقها ظهور أعراض الفطر القاتل؟,معرفة,الصحة,معلوماتي
كم تبلغ مساحة المياه على الكرة الأرضية؟,معرفة,الجغرافيا,معلوماتي
كم كانت النسبة المئوية لسكان وارسو من البروتستانت في عام 1901؟,معرفة,التاريخ,معلوماتي
كم هي المساحة التي لم تتم تنميتها بكاليفورنيا الجنوبية علماً بأنها ذات تركز عمراني هائل؟,معرفة,الجغرافيا,معلوماتي
كم نسبة الغابات المطيرة التي يمثلها الأمازون على الكوكب؟,معرفة,البيئة والطاقة,معلوماتي
كم كيلومترا مربعا نَقُصَ من غابة الأمازون بحلول سنة 1991؟,معرفة,البيئة والطاقة,معلوماتي
كم كيلومتراً مربّعاً نقص من غابة الأمازون بحلول سنة 2000؟,معرفة,البيئة والطاقة,معلوماتي
كم ارتفعت نسبة إزالة الغابات بين سنتي 2000 و2005 مقارنةً بما كانت عليه مابين سنتي 1995 و2000؟,معرفة,البيئة والطاقة,معلوماتي
كم طنّا متريّاً يرجح أنه مختزن بغابة الأمازون؟,معرفة,البيئة والطاقة,معلوماتي
كم كيلومتراً مربعاً من المنطقة تأثر بجفاف 2010؟,معرفة,البيئة والطاقة,معلوماتي
كم منطقةً تأثرت بموت النباتات إثر جفاف 2010؟,معرفة,البيئة والطاقة,معلوماتي
كم طنا من غاز الكربون يمتصها الأمازون في السنة العادية؟,معرفة,البيئة والطاقة,معلوماتي
كم تبعد جاكسونفيل عن ميامي؟,معرفة,الجغرافيا,معلوماتي
كم من الوقت يحتاج الشخص العادي لتعلم أساسيات البرمجة؟,تحليل,التكنولوجيا,معلوماتي
كم عدد المراحل التي تمر بها عملية تطوير البرمجيات؟,معرفة,التكنولوجيا,معلوماتي
كم من الوقت تستغرق عملية تطوير تطبيقات الهاتف المحمول؟,تحليل,التكنولوجيا,معلوماتي
اذكر بعض المنتجات الزراعية التي حقق الأردن الاكتفاء الذاتي فيها.,فهم,السياسة والقانون,معلوماتي
اذكر أسماء الفرق الضالة التي تم تشويهها.,معرفة,التاريخ,معلوماتي
اذكر بعض الفتوحات الإسلامية في عهد أبي بكر.,معرفة,التاريخ,معلوماتي
اذكر بعض الفتوحات الإسلامية في عهد أبي بكر.,معرفة,التاريخ,معلوماتي
اذكر بعض المعارك التي خاضها المسلمون في عهد أبي بكر.,معرفة,التاريخ,معلوماتي
اذكر بعض الفتوحات الإسلامية في عهد أبي بكر.,معرفة,التاريخ,معلوماتي
اذكر بعض الأمثلة على الدول الإسلامية التي ليست عضوا في منظمة المؤتمر الإسلامي.,معرفة,السياسة والقانون,معلوماتي
اذكر دواءين من الأدوية القاتلة للخلايا أو المثبطة للمناعة.,معرفة,الصحة,معلوماتي
اذكر مثالين عن الأدوية القاتلة للخلايا أو المثبطة للمناعة.,معرفة,الصحة,معلوماتي
اذكر أسماء أربعة أنهار في العالم,معرفة,التعليم,معلوماتي
اذكر أنواع الطاقة المتجددة,معرفة,التكنولوجيا,معلوماتي
اذكر أحد المؤلفات التي وردت فيها لفظة الإعجاز في عنوانها.,معرفة,الدين,معلوماتي
اذكر أحد الكتب التي كتبها سيد قطب عن إعجاز القرآن.,معرفة,الدين,معلوماتي
اذكر مثالين على المواد المسرطنة.,معرفة,الصحة,معلوماتي
اذكر مثالا على المواد المسرطنة في الأطعمة المطهوة.,فهم,الصحة,معلوماتي
اذكر مثالًا على المواد المسرطنة في دخان السجائر.,معرفة,الصحة,معلوماتي
اذكر اسم السيارة الأكبر التي جاءت بها شركة تويوتا حيث تحسر المشترون على السيارات الصغيرة الحجم.,معرفة,التكنولوجيا,معلوماتي
اذكر مرضًا من أمراض المناعة الذاتية المشتركة.,معرفة,الصحة,معلوماتي
اذكر المصطلح الذي يطلق على جهاز المناعة المفرط الذي يهاجم الأنسجة الطبيعية.,معرفة,الصحة,معلوماتي
‏اعط مثالين عن الأدوية القاتلة للخلايا أو المثبطة للمناعة.,معرفة,الصحة,معلوماتي
‏اعطِ مثالين عن الفقاريات الفكية البدائية.,معرفة,التعليم,معلوماتي
أي المنتجات الغذائية الأساسية يستوردها الأردن من الخارج؟,فهم,السياسة والقانون,معلوماتي
أي من المنتجات الزراعية تصدرها الأردن بشكل رئيسي؟,معرفة,السياسة والقانون,معلوماتي
أي المنتجات الزراعية يحقق الأردن الاكتفاء الذاتي فيها؟,معرفة,السياسة والقانون,معلوماتي
أي المنظمات الدولية ذات العلاقة بالزراعة يعزز الأردن دوره فيها؟,معرفة,السياسة والقانون,معلوماتي
أي التجمعات الإقليمية يشارك فيها الأردن في مجال الزراعة؟,معرفة,السياسة والقانون,معلوماتي
أي الدول أقام الأردن علاقات متميزة معها في مجال الزراعة؟,معرفة,التاريخ,معلوماتي
أي الصحابة قادوا الجيوش الإسلامية في حروب الردة؟,معرفة,التاريخ,معلوماتي
أي نوع من النباتات يُنتج الزيتون؟,معرفة,التعليم,معلوماتي
أي مادة تُستخدم في صناعة الزجاج؟,معرفة,التعليم,معلوماتي
أي مادة تُعتبر موصل جيد للكهرباء؟,معرفة,التعليم,معلوماتي
أي جزء من العين يتحكم في كمية الضوء الداخلة؟,معرفة,التعليم,معلوماتي
أي نوع من الفاكهة يُعتبر الأكثر استهلاكاً في العالم؟,معرفة,التعليم,معلوماتي
أي جهاز يُستخدم لقياس ضغط الدم؟,معرفة,الصحة,معلوماتي
أي مادة في الخلية تُعتبر مركز السيطرة؟,معرفة,التعليم,معلوماتي
أي غاز يشكل أكبر نسبة من الغلاف الجوي؟,معرفة,التعليم,معلوماتي
أي جزء من الجسم يحتوي على أكبر عدد من العظام؟,معرفة,التعليم,معلوماتي
أي نوع من المعادن يستخدم في صناعة الأسلاك الكهربائية؟,معرفة,التكنولوجيا,معلوماتي
أي نوع من الأشجار يُنتج ثمار المانجو؟,معرفة,التعليم,معلوماتي
أي جهاز في الحاسوب يُعتبر العقل المدبر؟,معرفة,التكنولوجيا,معلوماتي
أي البلاد التي تتحدث اللغة الفرنسية؟,معرفة,الثقافة,معلوماتي
أي نوع من الشركات هي مايكروسوفت؟,معرفة,التكنولوجيا,معلوماتي
أي دولة هي الأكبر من حيث المساحة؟,معرفة,التعليم,معلوماتي
أي كتاب من كتب نجيب محفوظ حصل على جائزة نوبل؟,معرفة,الثقافة,معلوماتي
أي عضو في جسم الإنسان يفرز الأنسولين؟,معرفة,التعليم,معلوماتي
أي قارة هي الأكثر سكاناً؟,معرفة,التعليم,معلوماتي
أي نهر هو الأطول في العالم؟,معرفة,التعليم,معلوماتي
أي لغة تُعتبر الأكثر تحدثاً في العالم؟,معرفة,الثقافة,معلوماتي
أي كوكب في النظام الشمسي يُعرف بالكوكب الأحمر؟,معرفة,التعليم,معلوماتي
أي حيوان يُعتبر الأسرع في العالم؟,معرفة,التعليم,معلوماتي
"أي عنصر كيميائي يُرمز له بـ""O""؟",معرفة,التعليم,معلوماتي
أي دولة استضافت أول دورة ألعاب أولمبية حديثة؟,معرفة,التعليم,معلوماتي
أي مدينة تُعرف بالمدينة التي لا تنام؟,معرفة,الثقافة,معلوماتي
"أي فيلم من أفلام ديزني يحتوي على شخصية ""سيمبا""؟",معرفة,الثقافة,معلوماتي
أي كوكب في النظام الشمسي يُعرف بالكوكب العملاق؟,معرفة,التعليم,معلوماتي
أي حيوان يُعتبر أكبر الثدييات البحرية؟,معرفة,التعليم,معلوماتي
أي دولة تتحدث اللغة الإسبانية كلغة رسمية؟,معرفة,الثقافة,معلوماتي
أي علم يستخدم لدراسة العلاقات بين الكائنات الحية وبيئاتها؟,معرفة,التعليم,معلوماتي
أي دولة تشتهر بزهور الساكورا؟,معرفة,الثقافة,معلوماتي
أي نوع من الرياضات يُلعب بكرة ومضرب؟,معرفة,الرياضة,معلوماتي
أي كوكب يُعرف بالكوكب الجليدي؟,معرفة,التعليم,معلوماتي
أي مملكة قديمة كانت تقع في منطقة النوبة؟,معرفة,التعليم,معلوماتي
أي دولة تُعتبر الموطن الأصلي للبندقية؟,معرفة,الثقافة,معلوماتي
أي نوع من الموسيقى يتميز بالإيقاعات السريعة والغناء المرتجل؟,معرفة,الثقافة,معلوماتي
أي دولة كانت تعرف سابقاً باسم بورما؟,معرفة,التعليم,معلوماتي
أي علم يدرس الأرض وتكوينها؟,معرفة,التعليم,معلوماتي
أي نوع من الطيور لا يستطيع الطيران؟,معرفة,التعليم,معلوماتي
أي دولة تُعتبر أكبر منتج للبن في العالم؟,معرفة,الاقتصاد والعمل,معلوماتي
أي مخلوق بحري يمتلك أذرع طويلة ومتشعبة؟,معرفة,التعليم,معلوماتي
أي نظام سياسي يتميز بحكم الشعب؟,معرفة,السياسة والقانون,معلوماتي
أي حيوان يعتبر رمزاً للوفاء؟,معرفة,الثقافة,معلوماتي
أي علم يدرس السلوك البشري؟,معرفة,التعليم,معلوماتي
أي كائن حي يعيش في الماء وعلى اليابسة؟,معرفة,التعليم,معلوماتي
أي علم يدرس الأعداد والعمليات الحسابية؟,معرفة,التعليم,معلوماتي
أي حيوان يُعتبر رمزاً للحكمة؟,معرفة,الثقافة,معلوماتي
أي كائن حي يستطيع تغيير لون جلده؟,معرفة,التعليم,معلوماتي
أي علم يدرس الفضاء والكواكب؟,معرفة,التعليم,معلوماتي
رتِّبْ العناصر الكيميائية حسب العدد الذري.,تحليل,العلوم,معلوماتي
رتب الكائنات في النظام البيئي حسب موقعها في السلسلة الغذائية.,تحليل,التعليم,معلوماتي
عدِّدْ أنواعَ الرياضة.,معرفة,الرياضة,معلوماتي
عدِّدْ أشهرَ الروايات.,معرفة,الثقافة,معلوماتي
عدِّدْ أدواتَ الكتابة.,معرفة,الثقافة,معلوماتي
عدِّدْ مجالاتَ العمل.,معرفة,الاقتصاد والعمل,معلوماتي
عدِّدْ عناصرَ البيئة.,معرفة,الثقافة,معلوماتي
عدِّدْ أنواعَ الفنون.,معرفة,الثقافة,معلوماتي
عدِّدْ لغاتِ العالم.,معرفة,الثقافة,معلوماتي
عدِّدْ أنواعَ الموسيقى.,معرفة,الثقافة,معلوماتي
عدِّدْ أشهرَ الكتب.,معرفة,الثقافة,معلوماتي
عدِّدْ عناصرَ النجاح.,معرفة,الثقافة,معلوماتي
عدِّدْ مجالاتَ العلم.,معرفة,التعليم,معلوماتي
عدِّدْ أنواعَ الأدب.,معرفة,الثقافة,معلوماتي
عدِّدْ أنواعَ الفنونِ الجميلة.,معرفة,الثقافة,معلوماتي
عدِّدْ أدواتَ الرسم.,معرفة,الثقافة,معلوماتي
عدِّدْ أنواعَ الأكلِ الصحي.,معرفة,الصحة,معلوماتي
عدِّدْ أشهرَ الأماكنِ السياحية.,معرفة,السفر والسياحة,معلوماتي
عدِّدْ عناصرَ البيئةِ الصحية.,معرفة,الصحة,معلوماتي
عدِّدْ مجالاتَ التعليم.,معرفة,التعليم,معلوماتي
عدِّدْ أنواعَ الأدبِ العربي.,معرفة,الثقافة,معلوماتي
عدِّدْ أشهرَ الرواياتِ العالمية.,معرفة,الثقافة,معلوماتي
عدِّدْ أدواتَ الكتابةِ الإبداعية.,معرفة,الثقافة,معلوماتي
عدِّدْ أنواعَ الفنونِ التقليدية.,معرفة,الثقافة,معلوماتي
عدِّدْ لغاتِ البرمجة.,معرفة,التكنولوجيا,معلوماتي
عدِّدْ أنواعَ الموسيقىِ الكلاسيكية.,معرفة,الثقافة,معلوماتي
عدِّدْ أشهرَ الكتبِ التاريخية.,معرفة,الثقافة,معلوماتي
عدِّدْ عناصرَ النجاحِ المهني.,معرفة,الاقتصاد والعمل,معلوماتي
عدِّدْ مجالاتَ العلمِ الحديث.,معرفة,التعليم,معلوماتي
عدِّدْ أنواعَ الأدبِ العالمي.,معرفة,الثقافة,معلوماتي
عدِّدْ أنواع الأزهار المختلفة.,معرفة,العلوم,معلوماتي
عدِّدْ الفصول الأربعة.,معرفة,العلوم,معلوماتي
عدِّدْ مكونات الذرة.,معرفة,العلوم,معلوماتي
عدِّدْ الكواكب في المجموعة الشمسية.,معرفة,العلوم,معلوماتي
عدِّدْ مصادر الطاقة المتجددة.,معرفة,العلوم,معلوماتي
عدد بعضًا من شركات إدارة الصيدليات الكبيرة.,معرفة,الصحة,معلوماتي
عدِّدْ الفصول الأربعة.,معرفة,العلوم,معلوماتي
عدِّدْ أنواع النباتات.,معرفة,العلوم,معلوماتي
عدِّدْ كواكب المجموعة الشمسية.,معرفة,العلوم,معلوماتي
عدِّدْ أنواع الطاقة المتجددة.,معرفة,العلوم,معلوماتي
عدِّدْ قارات العالم.,معرفة,العلوم,معلوماتي
عدِّدْ أنواع الحيوانات.,معرفة,العلوم,معلوماتي
عدِّدْ لغات البرمجة.,معرفة,التكنولوجيا,معلوماتي
عدِّدْ أنواع الفنون التشكيلية.,معرفة,الثقافة,معلوماتي
عدِّدْ دول الاتحاد الأوروبي.,معرفة,السياسة والقانون,معلوماتي
عدِّدْ دول الشرق الأوسط.,معرفة,السياسة والقانون,معلوماتي
عدِّدْ أنواع الطيور.,معرفة,العلوم,معلوماتي
عدِّدْ دول أفريقيا.,معرفة,السياسة والقانون,معلوماتي
ما هي الدول الإسلامية التي حكمت بلاد الشام؟,معرفة,التاريخ,معلوماتي
ما هي المجموعات الثلاث التي يعتمد عليها عابد الجابري في تصنيفه للتاريخ الإسلامي؟,معرفة,التاريخ,معلوماتي
ما هي الأراضي التي فتحت في عهد عمر بن الخطاب؟,معرفة,التاريخ,معلوماتي
ما هي الأراضي التي فتحت في عهد عمر بن الخطاب؟,معرفة,التاريخ,معلوماتي
ما هي المناطق التي فتحت في عهد عمر بن الخطاب؟,معرفة,التاريخ,معلوماتي
ما هي الأراضي التي فتحت في عهد عمر بن الخطاب؟,معرفة,التاريخ,معلوماتي
ما هي الدول الإسلامية التي ليست عضوا في منظمة المؤتمر الإسلامي؟,معرفة,السياسة والقانون,معلوماتي
ما هي أكبر التجمعات الإسلامية في العالم خارج الدول الأعضاء في منظمة المؤتمر الإسلامي؟,معرفة,الجغرافيا,معلوماتي
ما هي الأقسام الرئيسية لمناسك الحج؟,فهم,الدين,معلوماتي
ما هي أركان الحج؟,معرفة,الدين,معلوماتي
ما هي واجبات الحج؟,معرفة,الدين,معلوماتي
ما هي سُنن الحج؟,معرفة,الدين,معلوماتي
ما هو الترتيب الصحيح لمناسك الحج؟,معرفة,الدين,معلوماتي
ما هي المواد المسرطنة الموجودة في دخان التبغ؟,معرفة,الصحة,معلوماتي
ما هي الأطعمة التي تتولد فيها مادة الأكريلاميد؟,معرفة,الصحة,معلوماتي
ما هي المواد المسرطنة التي تنتج عن الانحلال الحراري للتبغ؟,فهم,الصحة,معلوماتي
ما هي المواد المسرطنة المحتملة الناتجة عن شوي اللحوم؟,فهم,الصحة,معلوماتي
ما هي بعض العوامل الكيميائية المسببة للسرطان؟,فهم,الصحة,معلوماتي
ما هي العوامل غير الكيميائية التي قد تسبب أضرارًا جينية؟,فهم,الصحة,معلوماتي
ما هي أنهار العالم العربي والإسلامي؟,معرفة,الجغرافيا,معلوماتي
ما هي العناصر الثلاثة اللازمة لعملية البناء؟,معرفة,العلوم,معلوماتي
ما هي البلدان تحت دين البوذية؟,معرفة,الدين,معلوماتي
ما هي المدن في جزر البهاما؟,معرفة,الجغرافيا,معلوماتي
ما الذي يمكن تشغيله بالرياح؟,فهم,التكنولوجيا,معلوماتي
ما هي الدول التي تقوم بتشريع الماريجوانا؟,معرفة,السياسة والقانون,معلوماتي
ما هي بيوت هوجورتس؟,معرفة,الثقافة,معلوماتي
ما هي الألوان الأساسية الثلاثة في نموذج الألوان المطروح؟,معرفة,الثقافة,معلوماتي
ما هي طبقات الغلاف الجوي؟,معرفة,العلوم,معلوماتي
ما هي أجزاء جذوع النبات؟,معرفة,العلوم,معلوماتي
ما هي الامبراطوريتان اللتان قاتلا للسيطرة على أفغانستان؟,معرفة,التاريخ,معلوماتي
ما هي المصادر الطبيعية لليود؟,معرفة,العلوم,معلوماتي
ما هي الدول التي تنفذ عقوبة الكرسي الكهربائي؟,معرفة,السياسة والقانون,معلوماتي
ما هي القارات السبعة؟,معرفة,الجغرافيا,معلوماتي
ما هي البلاد التي تتحدث اللغة الألمانية؟,معرفة,الثقافة,معلوماتي
ما هي المواد الغذائية التي يتغذى عليها الدجاج؟,معرفة,الصحة,معلوماتي
ما هي الالوان في قوس قزح؟,معرفة,العلوم,معلوماتي
ما هي مصارف الزكاة؟,فهم,الدين,معلوماتي
ما المعاهدتين التين ساهمتا في إحداث المؤسسات الرسمية للاتحاد الأوروبي؟,معرفة,السياسة والقانون,معلوماتي
ما هو الكتاب الذي ألفه القاضي عبد الجبار؟,معرفة,الدين,معلوماتي
ما هو الكتاب الذي ألفه أبو سليمان الخطابي عن إعجاز القرآن؟,معرفة,الدين,معلوماتي
ما هي الفيروسات التي يمكن أن تسبب السرطان؟,معرفة,الصحة,معلوماتي
ما هي منظمة المؤتمر الإسلامي؟,معرفة,السياسة والقانون,معلوماتي
ماذا تشمل حقوق الإنسان الأساسية؟,معرفة,الثقافة,معلوماتي
ماذا تشمل الدورة الدموية في الجسم؟,معرفة,الصحة,معلوماتي
ماذا يشمل النظام الشمسي؟,معرفة,العلوم,معلوماتي
ماذا تشمل عناصر الأدب الكلاسيكي؟,معرفة,الثقافة,معلوماتي
ماذا يشمل النظام الاقتصادي؟,معرفة,الاقتصاد والعمل,معلوماتي
ماذا يشمل النظام الغذائي الصحي؟,معرفة,الصحة,معلوماتي
ماذا يشمل النظام البيئي؟,معرفة,البيئة والطاقة,معلوماتي
ماذا يشمل النظام السياسي؟,معرفة,السياسة والقانون,معلوماتي
ماذا يشمل النظام الصحي؟,تحليل,الصحة,معلوماتي
ماذا يشمل النظام التعليمي؟,تحليل,التعليم,معلوماتي
ماذا يشمل النظام السياسي الديمقراطي؟,تحليل,السياسة والقانون,معلوماتي
ممَ يتكون الهواء؟,معرفة,العلوم,معلوماتي
ممَ يُصنع الزجاج؟,معرفة,التكنولوجيا,معلوماتي
ممَ تستخلص البروتينات؟,فهم,العلوم,معلوماتي
ممَ تُصنع العملات المعدنية؟,تحليل,الاقتصاد والعمل,معلوماتي
من أهم الدول المستوردة للمنتجات الزراعية الأردنية؟,معرفة,السياسة والقانون,معلوماتي
من هي المنظمات التي يعزز الأردن دوره فيها دوليّا في مجال الزراعة؟,معرفة,السياسة والقانون,معلوماتي
من تشكل الصادرات الزراعية النسبة الأكبر من صادراتها؟,معرفة,السياسة والقانون,معلوماتي
من قام الأردن بإبرام اتفاقيات معه في مجال الزراعة؟,معرفة,السياسة والقانون,معلوماتي
من الذي خضع للاحتلال الأوروبي في القرن الماضي؟,معرفة,التاريخ,معلوماتي
مم تستمد النباتات طاقتها اللازمة للنمو؟,معرفة,العلوم,معلوماتي
في أي ولاية كان (جون ماكسين) عضو في مجلس الشيوخ خلال الانتخابات 2008؟,معرفة,السياسة والقانون,معلوماتي
أي جزء من هيكل الأرض يعتقد أنه يتكون من الصفائح التكتونية؟,معرفة,التعليم,معلوماتي
أي بلد في الشرق الأوسط كانت تحت سيطرة فرنسا بعد الحرب العالمية الأولى؟,معرفة,التاريخ,معلوماتي
في أي الدوائر تكون أرقام تسجيل للسيارات من نفس النمط؟,معرفة,التكنولوجيا,معلوماتي
في أي بلد يوجد معظم غابة الأمازون المطيرة ؟,معرفة,الجغرافيا,معلوماتي
في أي جهة من الطريق الحرة 99 يقع الجانب الغربي للمدينة؟,فهم,الجغرافيا,معلوماتي
في أي مكان بين الشارعين على طول جادة كيرني كان يقيم الأفرو-أمريكيين الأغنياء؟,فهم,التاريخ,معلوماتي
"اجتاح الطاعون الأسود أوروبا لمدة ثلاث سنوات، فأي بلد تلتها؟",معرفة,التاريخ,معلوماتي
أي نهر بُني عبره جسرٌ سابقاً في العصر الروماني؟,معرفة,التاريخ,معلوماتي
أي المدن الكبرى في أوروبا الشرقية لم يتم تدميرها بسبب الغزو المغولي؟,معرفة,التاريخ,معلوماتي
في أي مقاطعة تقع جاكسونفيل؟,معرفة,الجغرافيا,معلوماتي
أي بحر يقع بين أوروبا وأفريقيا؟,معرفة,التعليم,معلوماتي
أين بدات اعصار كاترينا؟,معرفة,التاريخ,معلوماتي
أين وقعت الحرب الفارسية؟,معرفة,التاريخ,معلوماتي
أين يعيش البرغوث؟,معرفة,البيئة والطاقة,معلوماتي
أين يقع الفخذ البشري؟,معرفة,التعليم,معلوماتي
أين هو باكرز خليج الخضراء؟,معرفة,الجغرافيا,معلوماتي
أين وقعت تسونامي في عام 2005؟,معرفة,التاريخ,معلوماتي
أين يتواجد أعلى تركيز للحياة اليهودية؟,معرفة,الثقافة,معلوماتي
أين يتم إنتاج هرمون التستوستيرون في الجسم؟,معرفة,الصحة,معلوماتي
أين تقع جامستون في شمال كارولينا؟,معرفة,الجغرافيا,معلوماتي
أين الخطبة على الجبل في الكتاب المقدس؟,معرفة,الدين,معلوماتي
أين تقع شروبشاير في المملكة المتحدة؟,معرفة,الجغرافيا,معلوماتي
أين أقيمت الألعاب الأولمبية الشتوية في عام 2006؟,معرفة,الرياضة,معلوماتي
أين أقيم كأس العالم في عام 2010؟,معرفة,الرياضة,معلوماتي
أين ولد بول ريفير؟,معرفة,التاريخ,معلوماتي
أين تقع مملكة ديزني السحرية؟,معرفة,الترفيه,معلوماتي
أين تقع الكلى في جسم الإنسان؟,معرفة,الصحة,معلوماتي
أين يُتحدث اللغة الألمانية؟,معرفة,الثقافة,معلوماتي
أين تقع أوساكا في اليابان؟,معرفة,الجغرافيا,معلوماتي
أين يقع ملعب الاستقبال الخاص ببولونيا؟,معرفة,الرياضة,معلوماتي
أين عاش تسلا أغلب حياته؟,معرفة,التاريخ,معلوماتي
أين تم التخلي عن ممارسة العقاب البدني؟,معرفة,التاريخ,معلوماتي
أين موقع القمر الصناعي الذي مكن سكاي من بث القنوات بصفة خاصة إلى المملكة المتّحدة؟,معرفة,التكنولوجيا,معلوماتي
أين تم عرض مؤشر تشارلز بورتر للمحرك البخاري؟,معرفة,التكنولوجيا,معلوماتي
أين قام طاقم أبولو 1 بإجراء الاختبارات في مركز كينيدي للفضاء؟,معرفة,التكنولوجيا,معلوماتي
إلى أين يعتقد فيلدينج هـ. جاريسون أنه يمكن تتبع علم الجيولوجيا؟,معرفة,التعليم,معلوماتي
أين يميل معظم الصيادلة الاستشاريين إلى العمل؟,معرفة,الصحة,معلوماتي
أين يقع ملعب هارفارد؟,معرفة,الرياضة,معلوماتي
أين تعيش التماسيح؟,معرفة,البيئة والطاقة,معلوماتي
أين يعيش البشر الأوائل؟,معرفة,التاريخ,معلوماتي
أين تعيش الفيلة؟,معرفة,البيئة والطاقة,معلوماتي
أين تذهب النسبة الأكبر من الصادرات الزراعية الأردنية؟,معرفة,السياسة والقانون,معلوماتي
أين توجد المياه الجوفية المتجددة في الأردن؟,معرفة,السياسة والقانون,معلوماتي
أين امتدت الدولة الأموية؟,معرفة,التاريخ,معلوماتي
أين تميز الإسلام بأنه أكثر من دين؟,معرفة,التاريخ,معلوماتي
أين وصل المسلمون شرقا وغربا؟,معرفة,التاريخ,معلوماتي
أين قامت الدولة العباسية؟,معرفة,التاريخ,معلوماتي
أين كانت مراكز العبادة قبل الإسلام؟,معرفة,التاريخ,معلوماتي
أين تمت بيعة أبي بكر؟,معرفة,التاريخ,معلوماتي
أين ألقى أبو بكر خطبته بعد البيعة؟,معرفة,التاريخ,معلوماتي
أين وقعت معركة اليمامة؟,معرفة,التاريخ,معلوماتي
أين دُفن أبو بكر؟,معرفة,التاريخ,معلوماتي
أين كانت أول معركة للمسلمين في الشام؟,معرفة,التاريخ,معلوماتي
أين وقعت معركة اليمامة؟,معرفة,التاريخ,معلوماتي
أين دُفن أبو بكر؟,معرفة,التاريخ,معلوماتي
أين كانت أول معركة للمسلمين في الشام؟,معرفة,التاريخ,معلوماتي
أين نقل معاوية عاصمة الدولة؟,معرفة,التاريخ,معلوماتي
أين أسس عبد الرحمن الداخل الدولة الأموية الجديدة؟,معرفة,التاريخ,معلوماتي
أين تمت محاصرة عبد الله بن الزبير من قبل الحجاج بن يوسف الثقفي؟,معرفة,التاريخ,معلوماتي
أين يوجد مسجد قرطبة؟,معرفة,التاريخ,معلوماتي
أين أسس عبيد الله المهدي الدولة الفاطمية؟,معرفة,التاريخ,معلوماتي
أين نقل المعز عاصمة الدولة الفاطمية؟,معرفة,التاريخ,معلوماتي
أين تأسست الدولة الأيوبية؟,معرفة,التاريخ,معلوماتي
أين أسس عثمان بن أرطغرل الدولة العثمانية؟,معرفة,التاريخ,معلوماتي
أين توجد تجمعات إسلامية كبيرة خارج الدول الأعضاء في منظمة المؤتمر الإسلامي؟,معرفة,الجغرافيا,معلوماتي
أين توجد أكبر تجمعات إسلامية خارج العالم الإسلامي؟,معرفة,الجغرافيا,معلوماتي
أين يقف الحاج في اليوم التاسع من ذي الحجة؟,معرفة,الدين,معلوماتي
أين يبيت الحاج في ليالي التشريق؟,فهم,الدين,معلوماتي
أين تجد المصادر الأساسية لدراسة الفلسفة الإغريقية؟,معرفة,الثقافة,معلوماتي
أين تجد أفضل الأسواق لبيع المنتجات التجارية الجديدة؟,معرفة,الاقتصاد والعمل,معلوماتي
أين يمكن العثور على أفضل برامج التدريب التقني المتاحة عبر الإنترنت؟,معرفة,التكنولوجيا,معلوماتي
أين تجد أفضل الموارد لدراسة الفلسفة اليونانية الكلاسيكية؟,معرفة,الثقافة,معلوماتي
أين يمكن للطلاب الحصول على منح دراسية لدراسة العلوم التكنولوجية؟,معرفة,التكنولوجيا,معلوماتي
أين يمكن العثور على المصادر الموثوقة لدراسة تاريخ الإنترنت؟,معرفة,التكنولوجيا,معلوماتي
أين يمكن للطلاب الحصول على تدريب عملي في مجال التكنولوجيا؟,معرفة,التكنولوجيا,معلوماتي
أين تقع أهرامات الجيزة؟,معرفة,التاريخ,معلوماتي
أين تقع مكتبة الإسكندرية الجديدة؟,معرفة,الثقافة,معلوماتي
أين يقع نهر النيل؟,معرفة,الجغرافيا,معلوماتي
أين توجد أكبر صحراء في العالم؟,معرفة,الجغرافيا,معلوماتي
أين يقع أعلى جبل في العالم؟,معرفة,الجغرافيا,معلوماتي
أين تقع أطول سلسلة جبال في العالم؟,معرفة,الجغرافيا,معلوماتي
أين تقع الأهرامات المصرية؟,معرفة,التاريخ,معلوماتي
أين توجد أطول سلسلة جبال تحت الماء؟,معرفة,الجغرافيا,معلوماتي
أين تقع أكبر غابة مطيرة في العالم؟,معرفة,الجغرافيا,معلوماتي
أين توجد أعمق نقطة في محيطات العالم؟,معرفة,الجغرافيا,معلوماتي
أين تقع مدينة القدس؟,معرفة,الجغرافيا,معلوماتي
أين تقع جبال الألب؟,معرفة,الجغرافيا,معلوماتي
أين يقع مقر الاتحاد الأفريقي؟,معرفة,السياسة والقانون,معلوماتي
أين تقع مدينة إسطنبول؟,معرفة,الجغرافيا,معلوماتي
أين تقع جبال الروكي؟,معرفة,الجغرافيا,معلوماتي
أين يقع البحر الميت؟,معرفة,الجغرافيا,معلوماتي
أين يقع مضيق جبل طارق؟,معرفة,الجغرافيا,معلوماتي
أين يقع جبل إيفرست؟,معرفة,الجغرافيا,معلوماتي
أين يقع مقر البنك الدولي؟,معرفة,الاقتصاد والعمل,معلوماتي
أين تقع بحيرة بايكال؟,معرفة,الجغرافيا,معلوماتي
أين تقع الصحراء الكبرى؟,معرفة,الجغرافيا,معلوماتي
أين تقع جبال الأنديز؟,معرفة,الجغرافيا,معلوماتي
أين تقع جبال أطلس؟,معرفة,الجغرافيا,معلوماتي
أين تقع بحيرة فيكتوريا؟,معرفة,الجغرافيا,معلوماتي
أين تقع بحيرة تيتيكاكا؟,معرفة,الجغرافيا,معلوماتي
أين تقع جبال الروكي؟,معرفة,الجغرافيا,معلوماتي
أين تقع مدينة طوكيو؟,معرفة,الجغرافيا,معلوماتي
أين يقع نهر الأمازون؟,معرفة,الجغرافيا,معلوماتي
أين تقع مدينة مراكش؟,معرفة,الجغرافيا,معلوماتي
أين تقع جزر المالديف؟,معرفة,الجغرافيا,معلوماتي
أين تقع جبال الهيمالايا؟,معرفة,الجغرافيا,معلوماتي
أين يقع بركان فوجي؟,معرفة,الجغرافيا,معلوماتي
أين تقع شلالات نياجارا؟,معرفة,الجغرافيا,معلوماتي
أين تقع جامعة هارفارد؟,معرفة,التعليم,معلوماتي
أين تقع جبال الألب؟,معرفة,الجغرافيا,معلوماتي
أين تقع جزيرة سيشل؟,معرفة,الجغرافيا,معلوماتي
أين يقع برج خليفة؟,معرفة,الجغرافيا,معلوماتي
أين تقع بحيرة بايكال؟,معرفة,الجغرافيا,معلوماتي
أين يقع جبل كليمنجارو؟,معرفة,الجغرافيا,معلوماتي
أين يقع البحر الأسود؟,معرفة,الجغرافيا,معلوماتي
أين تقع الأهرامات؟,معرفة,التاريخ,معلوماتي
أين تقع صحراء نيفادا؟,معرفة,الجغرافيا,معلوماتي
أين تقع قمة إيفرست؟,معرفة,الجغرافيا,معلوماتي
أين تقع مدينة ريو دي جانيرو؟,معرفة,الجغرافيا,معلوماتي
أين يقع البحر الميت؟,معرفة,الجغرافيا,معلوماتي
أين تقع جبال الألب؟,معرفة,الجغرافيا,معلوماتي
أين تقع صحراء الربع الخالي؟,معرفة,الجغرافيا,معلوماتي
أين تقع بحيرة فيكتوريا؟,معرفة,الجغرافيا,معلوماتي
أين يقع مضيق جبل طارق؟,معرفة,الجغرافيا,معلوماتي
أين يقع مضيق هرمز؟,معرفة,الجغرافيا,معلوماتي
أين يقع نهر النيل؟,معرفة,الجغرافيا,معلوماتي
أين تقع جبال الروكي؟,معرفة,الجغرافيا,معلوماتي
أين يقع مقر منظمة الأمم المتحدة؟,معرفة,السياسة والقانون,معلوماتي
أين يقع المحيط الهندي؟,معرفة,الجغرافيا,معلوماتي
أين تقع جبال الهيمالايا؟,معرفة,الجغرافيا,معلوماتي
أين تقع جبال الأنديز؟,معرفة,الجغرافيا,معلوماتي
أين تقع صحراء الربع الخالي؟,معرفة,الجغرافيا,معلوماتي
أين يقع البحر الأحمر؟,معرفة,الجغرافيا,معلوماتي
أين يقع برج إيفل؟,معرفة,الجغرافيا,معلوماتي
أين يقع أكبر حقل نفطي في العالم؟,معرفة,الاقتصاد والعمل,معلوماتي
أين يقع مركز بحوث الفضاء في الولايات المتحدة؟,معرفة,العلوم,معلوماتي
أين تتواجد أكبر محميات الحياة البرية في العالم؟,معرفة,البيئة والطاقة,معلوماتي
أين تقع أكبر صحراء في العالم؟,معرفة,الجغرافيا,معلوماتي
أين يمكن العثور على أكبر المحيطات في العالم؟,معرفة,الجغرافيا,معلوماتي
أين تقع أكبر غابة استوائية في العالم؟,معرفة,الجغرافيا,معلوماتي
أين توجد أعلى قمة جبلية في العالم؟,معرفة,الجغرافيا,معلوماتي
أين تقع الأهرامات المصرية؟,معرفة,الجغرافيا,معلوماتي
أين تقع أكبر بحيرة للمياه العذبة في العالم؟,معرفة,الجغرافيا,معلوماتي
أين يمكن العثور على أقدم مكتبة في العالم؟,معرفة,التاريخ,معلوماتي
أين توجد أكبر غابة استوائية في العالم؟,معرفة,الجغرافيا,معلوماتي
أين توجد أطول سلسلة جبلية في العالم؟,معرفة,الجغرافيا,معلوماتي
أين تقع مدينة القدس؟,معرفة,الجغرافيا,معلوماتي
أين تقع أكبر بحيرة في أفريقيا؟,معرفة,الجغرافيا,معلوماتي
أين تقع جبال الألب؟,معرفة,الجغرافيا,معلوماتي
أين توجد أكبر صحراء في العالم؟,معرفة,الجغرافيا,معلوماتي
أين تقع جزر المالديف؟,معرفة,الجغرافيا,معلوماتي
أين تقع أعلى قمة جبلية في العالم؟,معرفة,الجغرافيا,معلوماتي
أين يقع نهر الأمازون؟,معرفة,الجغرافيا,معلوماتي
أين تقع بحيرة بايكال؟,معرفة,الجغرافيا,معلوماتي
أين تقع مدينة باريس؟,معرفة,الجغرافيا,معلوماتي
أين تم اكتشاف البترول لأول مرة؟,معرفة,البيئة والطاقة,معلوماتي
أين يقع جدار برلين؟,معرفة,التاريخ,معلوماتي
أين تقع جزر هاواي؟,معرفة,الجغرافيا,معلوماتي
أين تقع جبال الأنديز؟,معرفة,الجغرافيا,معلوماتي
أين تقع مدينة نيويورك؟,معرفة,الجغرافيا,معلوماتي
أين يقع البحر الميت؟,معرفة,الجغرافيا,معلوماتي
أين تقع سلسلة جبال الأطلس؟,معرفة,الجغرافيا,معلوماتي
أين تقع مدينة إسطنبول؟,معرفة,الجغرافيا,معلوماتي
أين تقع جبال الهيمالايا؟,معرفة,الجغرافيا,معلوماتي
أين توجد بحيرة فيكتوريا؟,معرفة,الجغرافيا,معلوماتي
أين تقع جزيرة مدغشقر؟,معرفة,الجغرافيا,معلوماتي
أين تم توقيع معاهدة فرساي؟,معرفة,التاريخ,معلوماتي
أين توجد سلسلة جبال الألب؟,معرفة,الجغرافيا,معلوماتي
أين توجد غابات الأمازون؟,معرفة,الجغرافيا,معلوماتي
أين تقع بحيرة بايكال؟,معرفة,الجغرافيا,معلوماتي
أين تقع مدينة باريس؟,معرفة,الجغرافيا,معلوماتي
اذكر بعض العوامل التي تفسر التاريخ الإسلامي حسب عبد العزيز الدوري.,فهم,التاريخ,معلوماتي
اذكر بعض الأعمال التي قام بها عبد الملك بن مروان.,معرفة,التاريخ,معلوماتي
اذكر بعض إنجازات سليمان القانوني.,فهم,التاريخ,معلوماتي
اذكر ثلاثة فروقات بين الطاقة الحرارية والطاقة الكهربائية,فهم,التكنولوجيا,معلوماتي
اذكر مفهوم الإعجاز لغةً.,معرفة,الدين,معلوماتي
‏اعطِ مثالًا عن عقار مثبط للمناعة يمنع نشاط الخلايا التائية من خلال تغيير مسارات نقل الإشارة.,معرفة,الصحة,معلوماتي
‏اعطِ مثالًا عن فيروسي يستخدم تباين المستضدات.,معرفة,الصحة,معلوماتي
‏اعطِ مثالًا عن الطفيلي الذي استخدم استراتيجية تباين المستضدات للتهرب من التدمير.,معرفة,الصحة,معلوماتي
أي طعام يتغذى عليه الدجاج؟,معرفة,البيئة والطاقة,معلوماتي
خلال أي نوع من المناخ يكون الأكسجين 18 في مياه البحر في مستويات أعلى؟,معرفة,البيئة والطاقة,معلوماتي
مع أي فئات من الأدوية تستخدم جرعات منخفضة من مضادات الالتهاب في بعض الأحيان؟,تطبيق,الصحة,معلوماتي
أي جزء من الجهاز المناعي تطور لدى الجد التطوري للفقاريات الفكية؟,معرفة,التعليم,معلوماتي
على أي مقياس سيُظهر العلماء قياسات الغطاء النباتي؟,معرفة,البيئة والطاقة,معلوماتي
على أي نحوٍ بدأت عليه المعاهدات الأساسية التي تكون الاتحاد الأوروبي؟,معرفة,التاريخ,معلوماتي
أي من موارد المياه يستغل بدرجة متزايدة لأغراض الري في وادي الأردن؟,معرفة,السياسة والقانون,معلوماتي
بمَ يرتبط النمو الاقتصادي في الدول النامية؟,تحليل,الاقتصاد والعمل,معلوماتي
بمَ تؤثر وسائل الإعلام على الرأي العام؟,تطبيق,الثقافة,معلوماتي
بمَ تُعتبر الطاقة الشمسية مفيدة؟,تطبيق,العلوم,معلوماتي
بمَ تُستخدم الأدوية في الطب؟,تطبيق,الصحة,معلوماتي
بمَ يُحدد مسار الطائرة؟,تطبيق,التكنولوجيا,معلوماتي
بمَ يعتمد التحليل الكيميائي؟,تحليل,العلوم,معلوماتي
بمَ تُستخدم الحواسيب في التعليم؟,معرفة,التكنولوجيا,معلوماتي
بمَ يُعالج الأمراض؟,فهم,الصحة,معلوماتي
بمَ تُعتبر الرياضة مفيدة؟,تطبيق,الصحة,معلوماتي
بمَ يُستخدم الليزر في الطب؟,معرفة,التكنولوجيا,معلوماتي
بمَ يعتمد نظام النقل العام؟,معرفة,التكنولوجيا,معلوماتي
بمَ تُستخدم الأقمار الصناعية؟,معرفة,التكنولوجيا,معلوماتي
بمَ تُعتبر القراءة مفيدة؟,معرفة,التعليم,معلوماتي
بمَ يعتمد التوازن البيئي؟,فهم,البيئة والطاقة,معلوماتي
بمَ يُستخدم الذهب في الصناعة؟,معرفة,التكنولوجيا,معلوماتي
بمَ يُحدد الموقع الجغرافي؟,تطبيق,التكنولوجيا,معلوماتي
بمَ تُعتبر الديمقراطية مفيدة؟,معرفة,السياسة والقانون,معلوماتي
بمَ يُستخدم الذكاء الاصطناعي؟,فهم,التكنولوجيا,معلوماتي
بمَ يُحدد الطقس؟,تطبيق,العلوم,معلوماتي
بمَ تُستخدم البكتيريا النافعة؟,معرفة,العلوم,معلوماتي
بمَ يُعتبر التعليم مفيداً؟,معرفة,التعليم,معلوماتي
بمَ تُستخدم الطاقة المتجددة؟,فهم,التكنولوجيا,معلوماتي
بمَ تُعتبر الفنون مفيدة؟,معرفة,الثقافة,معلوماتي
بمَ يُستخدم البترول؟,فهم,التكنولوجيا,معلوماتي
بمَ تُعتبر الثقافة مهمة؟,معرفة,الثقافة,معلوماتي
بمَ يُستخدم الماء في الصناعة؟,فهم,الاقتصاد والعمل,معلوماتي
بمَ يُعتبر الابتكار مهماً؟,معرفة,التكنولوجيا,معلوماتي
بمَ تُستخدم النباتات في العلاج؟,فهم,الصحة,معلوماتي
بمَ تُعتبر النظافة الشخصية مهمة؟,معرفة,الصحة,معلوماتي
بمَ يُستخدم الهواء في الصناعة؟,فهم,العلوم,معلوماتي
بمَ يُعتبر العمل الجماعي مفيداً؟,معرفة,التعليم,معلوماتي
بمَ تُستخدم المعادن في الصناعة؟,فهم,التكنولوجيا,معلوماتي
بمَ تُعتبر الصحة النفسية مهمة؟,معرفة,الصحة,معلوماتي
بمَ يُستخدم الضوء في الطب؟,فهم,الصحة,معلوماتي
بمَ يُعتبر العمل التطوعي مهماً؟,معرفة,التطوع,معلوماتي
بمَ تُستخدم الفلزات؟,فهم,التكنولوجيا,معلوماتي
بمَ يتميز الأدب الحديث عن الأدب الكلاسيكي؟,تحليل,الثقافة,معلوماتي
رتِّبْ الخطوات اللازمة لحل مشكلة رياضية.,تطبيق,التعليم,معلوماتي
رتِّبْ الأحداث التاريخية التي أدت إلى الحرب العالمية الثانية.,تحليل,التاريخ,معلوماتي
"رتِّبْ الأحداث في قصة ""ليلة سقوط بغداد.""",تحليل,التاريخ,معلوماتي
رتِّبْ مراحل تطور الحاسوب.,تحليل,التكنولوجيا,معلوماتي
رتِّبْ خطوات كتابة المقال العلمي.,تحليل,التعليم,معلوماتي
رتِّبْ الفترات الزمنية للحضارات القديمة.,تحليل,التاريخ,معلوماتي
رتِّبْ الخطوات الأساسية لإجراء تجربة علمية.,تحليل,العلوم,معلوماتي
"رتِّبْ الأحداث في رواية ""الحرب والسلام.""",تحليل,الثقافة,معلوماتي
رتِّبْ المراحل الدراسية حسب التسلسل الزمني.,تحليل,التعليم,معلوماتي
رتِّبْ الأحداث في تاريخ الدولة الأموية.,تحليل,التاريخ,معلوماتي
رتِّبْ خطوات إعداد وجبة الإفطار.,تحليل,الثقافة,معلوماتي
رتِّبْ الفصول الأربعة حسب الترتيب الزمني.,تحليل,العلوم,معلوماتي
"رتِّبْ الأحداث في قصة ""علي بابا والأربعين حرامي.""",تحليل,الثقافة,معلوماتي
رتِّبْ الخطوات اللازمة لتشغيل الحاسوب.,تحليل,التكنولوجيا,معلوماتي
رتِّبْ الأحداث في تاريخ الدولة العباسية.,معرفة,التاريخ,معلوماتي
رتِّبْ خطوات إعداد القهوة.,معرفة,الثقافة,معلوماتي
"رتِّبْ الأحداث في قصة ""روبنسون كروزو.""",معرفة,الثقافة,معلوماتي
رتِّبْ مراحل تطور الصناعة.,معرفة,الاقتصاد والعمل,معلوماتي
رتِّبْ الأفعال في الجملة حسب زمن حدوثها.,معرفة,الثقافة,معلوماتي
رتِّبْ الخطوات اللازمة لكتابة تقرير علمي.,معرفة,التعليم,معلوماتي
رتِّبْ الأحداث في تاريخ الدولة العثمانية.,معرفة,التاريخ,معلوماتي
رتِّبْ خطوات إعداد الشاي.,معرفة,الثقافة,معلوماتي
"رتِّبْ الأحداث في قصة ""الأميرة النائمة.""",معرفة,الثقافة,معلوماتي
رتِّبْ مراحل تطور الزراعة.,معرفة,الاقتصاد والعمل,معلوماتي
رتِّبْ الأفعال في الجملة حسب ترتيب حدوثها.,معرفة,الثقافة,معلوماتي
رتِّبْ الخطوات الأساسية لإعداد تجربة علمية.,معرفة,العلوم,معلوماتي
رتِّبْ الأحداث في تاريخ الدولة الفاطمية.,معرفة,التاريخ,معلوماتي
رتِّبْ خطوات إعداد الكيك.,معرفة,الثقافة,معلوماتي
"رتِّبْ الأحداث في قصة ""سندريلا.""",معرفة,الثقافة,معلوماتي
رتِّبْ مراحل تطور النقل.,معرفة,التكنولوجيا,معلوماتي
رتِّبْ الأفعال في الجملة حسب ترتيب حدوثها.,معرفة,الثقافة,معلوماتي
رتِّبْ الخطوات الأساسية لكتابة رسالة رسمية.,معرفة,التعليم,معلوماتي
رتِّبْ الأحداث في تاريخ الدولة الأيوبية.,معرفة,التاريخ,معلوماتي
رتِّبْ خطوات إعداد البيتزا.,معرفة,الثقافة,معلوماتي
"رتِّبْ الأحداث في قصة ""الأمير الضفدع.""",معرفة,الثقافة,معلوماتي
رتِّبْ مراحل تطور التكنولوجيا.,معرفة,التكنولوجيا,معلوماتي
رتِّبْ الأفعال في الجملة حسب ترتيب حدوثها.,معرفة,الثقافة,معلوماتي
رتِّبْ الخطوات الأساسية لإجراء بحث علمي.,معرفة,العلوم,معلوماتي
رتِّبْ الأحداث في تاريخ الدولة الزنكية.,معرفة,التاريخ,معلوماتي
رتِّبْ خطوات إعداد العشاء.,معرفة,الثقافة,معلوماتي
"رتِّبْ الأحداث في قصة ""بياض الثلج والأقزام السبعة.""",معرفة,الثقافة,معلوماتي
عدِّدْ فوائدَ القراءة.,معرفة,الثقافة,معلوماتي
عدِّدْ فوائدَ السفر.,معرفة,السفر والسياحة,معلوماتي
عدِّدْ فوائدَ الصحة.,معرفة,الصحة,معلوماتي
عدِّدْ فوائدَ النوم.,معرفة,الصحة,معلوماتي
عدِّدْ فوائدَ الرياضة.,معرفة,الرياضة,معلوماتي
عدِّدْ فوائدَ العملِ الجماعي.,معرفة,الاقتصاد والعمل,معلوماتي
عدِّدْ فوائدَ التطوع.,معرفة,التطوع,معلوماتي
عدِّدْ فوائدَ النومِ الجيد.,معرفة,الصحة,معلوماتي
عدِّدْ فوائدَ القراءةِ اليومية.,معرفة,الثقافة,معلوماتي
عدِّدْ فوائدَ التأمل.,معرفة,الصحة,معلوماتي
عدِّدْ فوائدَ السفرِ للخارج.,معرفة,السفر والسياحة,معلوماتي
عدِّدْ فوائدَ العلم.,معرفة,التعليم,معلوماتي
عدِّدْ فوائدَ الرياضةِ الجماعية.,معرفة,الرياضة,معلوماتي
عدِّدْ فوائدَ العملِ التطوعي.,معرفة,التطوع,معلوماتي
عدِّدْ فوائدَ الصحةِ النفسية.,معرفة,الصحة,معلوماتي
عدِّدْ فوائدَ النومِ الكافي.,معرفة,الصحة,معلوماتي
عدِّدْ فوائدَ العملِ الجماعي.,تطبيق,الاقتصاد والعمل,معلوماتي
عدِّدْ فوائدَ التطوعِ في المجتمع.,معرفة,التطوع,معلوماتي
عدِّدْ فوائدَ القراءةِ للأطفال.,معرفة,الثقافة,معلوماتي
عدِّدْ عناصر الجدول الدوري.,معرفة,العلوم,معلوماتي
عدِّدْ فوائد ممارسة الرياضة.,معرفة,الصحة,معلوماتي
عدِّدْ عناصر الهواء.,معرفة,العلوم,معلوماتي
عدِّدْ أنواع الأدب.,معرفة,الثقافة,معلوماتي
عدِّدْ مكونات الخلية النباتية.,معرفة,العلوم,معلوماتي
عدِّدْ فوائد التغذية السليمة.,معرفة,الصحة,معلوماتي
عدِّدْ أشكال الجبال.,معرفة,العلوم,معلوماتي
عدِّدْ فوائد القراءة.,معرفة,التعليم,معلوماتي
عدِّدْ عناصر البيئة.,معرفة,البيئة والطاقة,معلوماتي
عدِّدْ فوائد السفر.,معرفة,التعليم,معلوماتي
عدِّدْ مكونات الجهاز التنفسي.,معرفة,العلوم,معلوماتي
عدِّدْ أنواع الصخور.,معرفة,العلوم,معلوماتي
عدِّدْ فوائد العمل التطوعي.,معرفة,التطوع,معلوماتي
عدِّدْ مكونات الكمبيوتر.,معرفة,التكنولوجيا,معلوماتي
عدِّدْ عناصر القصة.,معرفة,الثقافة,معلوماتي
عدِّدْ فوائد النوم الصحي.,معرفة,الصحة,معلوماتي
عدِّدْ أنواع المناخ.,معرفة,العلوم,معلوماتي
عدِّدْ فوائد الموسيقى.,معرفة,الثقافة,معلوماتي
عدِّدْ مكونات الجهاز الهضمي.,معرفة,العلوم,معلوماتي
عدِّدْ أنواع المعادن.,معرفة,العلوم,معلوماتي
عدِّدْ فوائد الابتكار في العمل.,معرفة,الاقتصاد والعمل,معلوماتي
عدِّدْ مكونات الذرة.,معرفة,العلوم,معلوماتي
ما هي أسباب التغيرات المناخية.,معرفة,البيئة والطاقة,معلوماتي
عمَّ تكتبُ في مدونتِك؟,فهم,الثقافة,معلوماتي
عمَّ تتحدثُ مع أصدقائك؟,فهم,الثقافة,معلوماتي
عمَّ تقرأُ في الجريدة؟,معرفة,الثقافة,معلوماتي
عمَّ تفكرُ حاليًا؟,معرفة,الثقافة,معلوماتي
عمَّ تدورُ محادثاتُك؟,معرفة,الثقافة,معلوماتي
عمَّ تكتبُ في وقتِ فراغِك؟,معرفة,الثقافة,معلوماتي
عمَّ تتحدثُ في الاجتماعات؟,معرفة,الاقتصاد والعمل,معلوماتي
عمَّ تهتمُّ في دراستِك؟,معرفة,التعليم,معلوماتي
عمَّ تدورُ أبحاثُك؟,معرفة,التعليم,معلوماتي
عمَّ تقرأُ في كتبِك؟,معرفة,الثقافة,معلوماتي
عمَّ تُحبُّ التحدث؟,فهم,الثقافة,معلوماتي
عمَّ تعتمدُ في قراراتِك؟,فهم,الثقافة,معلوماتي
عمَّ تدورُ اهتماماتُك؟,فهم,الثقافة,معلوماتي
عمَّ تتحدثُ مع أسرتِك؟,معرفة,الثقافة,معلوماتي
عمَّ تفكرُ عندَ السفر؟,فهم,الترفيه,معلوماتي
عمَّ تدورُ مواضيعُك؟,فهم,الثقافة,معلوماتي
عمَّ تعتمدُ في تطويرِ نفسِك؟,فهم,التعليم,معلوماتي
عمَّ تقرأُ في الأدبِ؟,معرفة,الثقافة,معلوماتي
عمَّ تتحدثُ مع زملائِك؟,معرفة,الاقتصاد والعمل,معلوماتي
عمَّ تفكرُ عندَ الكتابة؟,فهم,الثقافة,معلوماتي
عمَّ تعتمدُ في حفظِ المعلومات؟,فهم,التعليم,معلوماتي
عمَّ تدورُ محادثاتُك مع أصدقائك؟,فهم,الثقافة,معلوماتي
عمَّ تهتمُّ في العطلات؟,معرفة,الترفيه,معلوماتي
عمَّ تعتمدُ في العملِ؟,فهم,الاقتصاد والعمل,معلوماتي
عمَّ تتحدثُ في الاجتماعاتِ؟,معرفة,الاقتصاد والعمل,معلوماتي
عمَّ تقرأُ في الصحفِ؟,معرفة,الثقافة,معلوماتي
عمَّ تدورُ أفكارُك؟,فهم,الثقافة,معلوماتي
عمَّ تعتمدُ في دراستِك؟,فهم,التعليم,معلوماتي
عمَّ تهتمُّ في أوقاتِ الفراغ؟,فهم,الثقافة,معلوماتي
عمَّ تقرأُ في المجلاتِ؟,معرفة,الثقافة,معلوماتي
عمَّ تتحدثُ مع جيرانِك؟,معرفة,الثقافة,معلوماتي
عمَّ تفكرُ عندَ القراءة؟,فهم,التعليم,معلوماتي
عمَّ تعتمدُ في تحسينِ نفسِك؟,فهم,التعليم,معلوماتي
عمَّ تدورُ أحاديثُك؟,فهم,الثقافة,معلوماتي
عمَّ تقرأُ في أوقاتِ الفراغ؟,معرفة,الثقافة,معلوماتي
عمَّ تتحدثُ مع زملاءِ العمل؟,معرفة,الاقتصاد والعمل,معلوماتي
عمَّ تفكرُ عندَ الدراسة؟,معرفة,التعليم,معلوماتي
عمَّ تعتمدُ في تطويرِ نفسِك؟,فهم,التعليم,معلوماتي
عمَّ تدورُ اهتماماتُك؟,فهم,الثقافة,معلوماتي
عمَّ تقرأُ في الكتبِ العلمية؟,فهم,التعليم,معلوماتي
عمَّ تتحدثُ في المناسبات؟,معرفة,الثقافة,معلوماتي
عمَّ تفكرُ عندَ الكتابة؟,معرفة,الثقافة,معلوماتي
عمَّ تعتمدُ في حفظِ المعلومات؟,فهم,التعليم,معلوماتي
عمَّ تدورُ أفكارُك؟,فهم,الثقافة,معلوماتي
عمَّ تقرأُ في الأدبِ العربي؟,فهم,الثقافة,معلوماتي
عمَّ تتحدثُ مع والديك؟,فهم,الثقافة,معلوماتي
عمَّ تفكرُ عندَ الرسم؟,معرفة,الثقافة,معلوماتي
عمَّ تعتمدُ في تحسينِ علاقاتِك؟,معرفة,الثقافة,معلوماتي
عمَّ تدورُ أحاديثُك في الاجتماعات؟,فهم,الاقتصاد والعمل,معلوماتي
عمَّ تقرأُ في العلومِ الطبيعية؟,فهم,التعليم,معلوماتي
"عمَ يتحدث كتاب ""الأمير"" لميكافيلي؟",فهم,الثقافة,معلوماتي
عمَ تُعقد المؤتمرات العلمية السنوية؟,فهم,التعليم,معلوماتي
عمَ تتحدث الأساطير الإغريقية؟,فهم,الثقافة,معلوماتي
"عمَ يدور الفيلم الوثائقي ""الأرض""؟",معرفة,العلوم,معلوماتي
عمَ يتناول بحثك الأكاديمي؟,معرفة,التعليم,معلوماتي
عمَ يتحدث الكتاب المقدس؟,تطبيق,الدين,معلوماتي
"عمَ تتناول قصة ""الأمير الصغير""؟",معرفة,الثقافة,معلوماتي
عمَ يدور النقاش في الاجتماع؟,معرفة,السياسة والقانون,معلوماتي
عمَ يتحدث الفيلم الوثائقي؟,فهم,الثقافة,معلوماتي
عمَ تُعقد الندوة العلمية؟,فهم,التعليم,معلوماتي
عمَ يدور البحث الأكاديمي؟,فهم,التعليم,معلوماتي
عمَ يتناول المقال الصحفي؟,فهم,الثقافة,معلوماتي
عمَ يتحدث المؤتمر؟,فهم,السياسة والقانون,معلوماتي
عمَ يدور الحوار في الرواية؟,فهم,الثقافة,معلوماتي
عمَ يتحدث البرنامج التلفزيوني؟,فهم,الثقافة,معلوماتي
عمَ تتناول الدراسة الاجتماعية؟,فهم,علم الاجتماع,معلوماتي
عمَ يدور النقاش في البرلمان؟,فهم,السياسة والقانون,معلوماتي
عمَ يتحدث الكتاب المدرسي؟,فهم,التعليم,معلوماتي
عمَ يتناول التحقيق الصحفي؟,فهم,الثقافة,معلوماتي
عمَ يدور البحث العلمي؟,فهم,التعليم,معلوماتي
عمَ يتحدث الفيلم السينمائي؟,فهم,الثقافة,معلوماتي
عمَ تتناول المحاضرة الجامعية؟,فهم,التعليم,معلوماتي
عمَ يدور النقاش في القاعة الدراسية؟,فهم,التعليم,معلوماتي
عمَ يتحدث الكتاب الأدبي؟,فهم,الثقافة,معلوماتي
عمَ يتناول المقال الأكاديمي؟,فهم,التعليم,معلوماتي
عمَ يدور الحوار في المسرحية؟,فهم,الثقافة,معلوماتي
عمَ يتحدث الكتاب التاريخي؟,فهم,التاريخ,معلوماتي
عمَ يتناول التقرير الإخباري؟,فهم,الثقافة,معلوماتي
عمَ يدور النقاش في الندوة؟,فهم,التعليم,معلوماتي
عمَ يتحدث الفيلم الوثائقي؟,فهم,الثقافة,معلوماتي
عمَ تتناول الرسالة الجامعية؟,فهم,التعليم,معلوماتي
عمَ يدور النقاش في المجلس؟,فهم,السياسة والقانون,معلوماتي
عمَ يتحدث الكتاب العلمي؟,فهم,العلوم,معلوماتي
عمَ يتناول المقال النقدي؟,فهم,الثقافة,معلوماتي
عمَ يدور البحث الميداني؟,فهم,التعليم,معلوماتي
عمَ يتحدث الفيلم التعليمي؟,فهم,التعليم,معلوماتي
عمَ تتناول الورقة البحثية؟,فهم,التعليم,معلوماتي
عمَ يدور النقاش في الفصل الدراسي؟,فهم,التعليم,معلوماتي
عمَ يتحدث الكتاب الفلسفي؟,فهم,الثقافة,معلوماتي
عمَ يتناول التحقيق العلمي؟,فهم,العلوم,معلوماتي
عمَ يدور البحث الأكاديمي؟,فهم,التعليم,معلوماتي
عمَ يتحدث الفيلم الثقافي؟,فهم,الثقافة,معلوماتي
عمَ تتناول المحاضرة الأكاديمية؟,فهم,التعليم,معلوماتي
عمَ يدور النقاش في المؤتمر العلمي؟,فهم,التعليم,معلوماتي
عمَ يتحدث الكتاب البيولوجي؟,فهم,العلوم,معلوماتي
عمَ يتناول التقرير الصحفي؟,فهم,الثقافة,معلوماتي
عمَ يدور البحث البيئي؟,فهم,البيئة والطاقة,معلوماتي
عمَ يتحدث الفيلم الفني؟,فهم,الثقافة,معلوماتي
عمَ تتناول الرسالة البحثية؟,فهم,التعليم,معلوماتي
عمَ يدور النقاش في المنتدى؟,فهم,الثقافة,معلوماتي
عمَ يتحدث الكتاب الاجتماعي؟,فهم,علم الاجتماع,معلوماتي
عمَ يتناول المقال الفلسفي؟,فهم,الثقافة,معلوماتي
عمَ يدور البحث التاريخي؟,فهم,التاريخ,معلوماتي
عمَ يتحدث الفيلم التربوي؟,فهم,التعليم,معلوماتي
عمَ تتناول المحاضرة التثقيفية؟,فهم,التعليم,معلوماتي
فيمَ تُفضلُ الإنفاقَ؟,فهم,الثقافة,معلوماتي
فيمَ تُفضلُ العملَ؟,فهم,التكنولوجيا,معلوماتي
فيمَ تُحبُّ القراءةَ؟,فهم,الثقافة,معلوماتي
فيمَ تُفضلُ السفرَ؟,معرفة,الترفيه,معلوماتي
فيمَ تُفضلُ التعلمَ؟,فهم,التعليم,معلوماتي
فيمَ تُفضلُ العملَ الجماعي؟,فهم,التعليم,معلوماتي
فيمَ تُفضلُ القراءةَ؟,فهم,الثقافة,معلوماتي
فيمَ تُفضلُ الدراسةَ؟,فهم,التعليم,معلوماتي
فيمَ تُفضلُ القراءةَ في الهواءِ الطلق؟,فهم,الثقافة,معلوماتي
فيمَ تُفضلُ السفرَ بالقطار؟,فهم,الترفيه,معلوماتي
فيمَ تُفضلُ العملَ على الحاسوب؟,فهم,التكنولوجيا,معلوماتي
فيمَ تُحبُّ الكتابةَ؟,فهم,الثقافة,معلوماتي
فيمَ تُفضلُ القراءةَ في الليل؟,فهم,الثقافة,معلوماتي
فيمَ تُحبُّ مشاهدةَ الأفلام؟,فهم,الترفيه,معلوماتي
فيمَ تُفضلُ التعلمَ عن بُعد؟,فهم,التعليم,معلوماتي
فيمَ تُفضلُ القراءةَ في الصباح؟,فهم,الثقافة,معلوماتي
فيمَ تُحبُّ الاستماعَ إلى الموسيقى؟,فهم,الثقافة,معلوماتي
فيمَ تُفضلُ القراءةَ في المكتبة؟,فهم,الثقافة,معلوماتي
فيم نستخدم علم المنطق؟,تحليل,التعليم,معلوماتي
"فيم يستخدم أداة الاستفهام ""علام""؟",تطبيق,التعليم,معلوماتي
فيمَ تجدُ سعادتَك؟,فهم,الثقافة,معلوماتي
فيمَ تجدُ راحتَك؟,فهم,الثقافة,معلوماتي
فيمَ تهتمُّ بوقتك؟,فهم,الثقافة,معلوماتي
فيمَ تجدُ نفسَك؟,فهم,الثقافة,معلوماتي
فيمَ تُحبُّ المساعدةَ؟,فهم,الثقافة,معلوماتي
فيمَ تجدُ الراحةَ النفسية؟,فهم,الثقافة,معلوماتي
فيمَ تجدُ الإبداعَ؟,فهم,الثقافة,معلوماتي
فيمَ تُحبُّ التفكيرَ؟,فهم,الثقافة,معلوماتي
فيمَ تُحبُّ المشاركةَ؟,فهم,الثقافة,معلوماتي
فيمَ تجدُ الوقتَ الكافي؟,فهم,الثقافة,معلوماتي
فيمَ تجدُ نفسَك متفوقًا؟,فهم,الثقافة,معلوماتي
فيمَ تُحبُّ العملَ اليدوي؟,فهم,الثقافة,معلوماتي
فيمَ تجدُ الإلهامَ؟,فهم,الثقافة,معلوماتي
فيمَ تجدُ السعادةَ الحقيقية؟,فهم,الثقافة,معلوماتي
فيمَ تجدُ نفسَك مبدعًا؟,فهم,الثقافة,معلوماتي
فيمَ تجدُ الراحةَ في السفر؟,فهم,الترفيه,معلوماتي
فيمَ تجدُ المتعةَ في العملِ التطوعي؟,فهم,التطوع,معلوماتي
فيمَ تُحبُّ تعلمَ لغاتٍ جديدة؟,فهم,التعليم,معلوماتي
فيمَ تجدُ الاسترخاءَ في الموسيقى؟,فهم,الثقافة,معلوماتي
فيمَ تجدُ الإلهامَ في الطبيعة؟,فهم,الثقافة,معلوماتي
فيمَ تجدُ الراحةَ في الرسم؟,فهم,الثقافة,معلوماتي
فيمَ تجدُ السعادةَ في الرياضة؟,فهم,الرياضة,معلوماتي
فيمَ تظنُّ أنَ التعليمَ مفيد؟,فهم,التعليم,معلوماتي
فيمَ تظنُّ أنَ الصداقةَ مهمةٌ؟,فهم,الثقافة,معلوماتي
فيمَ تظنُّ أنَ الرياضةَ مفيدة؟,فهم,الرياضة,معلوماتي
فيمَ تستخدم الحواسيب العملاقة؟,تطبيق,التكنولوجيا,معلوماتي
فيمَ تكمن أهمية التعليم العالي؟,تحليل,التعليم,معلوماتي
فيمَ تسهم الرياضة في تحسين الصحة العامة؟,تحليل,الصحة,معلوماتي
فيمَ تُستخدم تقنيات الواقع الافتراضي في الطب؟,تطبيق,التكنولوجيا,معلوماتي
فيمَ يستخدم الماء في الصناعة؟,فهم,الاقتصاد والعمل,معلوماتي
فيمَ تكمن أهمية التعليم العالي؟,فهم,التعليم,معلوماتي
فيمَ تستخدم الحواسيب العملاقة؟,فهم,التكنولوجيا,معلوماتي
فيمَ تكمن فوائد الرياضة للجسم؟,فهم,الصحة,معلوماتي
فيمَ تعتمد النباتات على الضوء؟,فهم,العلوم,معلوماتي
فيمَ تكمن أهمية الابتكار؟,تحليل,التكنولوجيا,معلوماتي
فيمَ تستخدم الطاقة الشمسية؟,فهم,التكنولوجيا,معلوماتي
فيمَ تعتمد الحياة في البحار؟,فهم,العلوم,معلوماتي
فيمَ تكمن أهمية القراءة؟,تحليل,التعليم,معلوماتي
فيمَ تُستخدم البكتيريا النافعة؟,تطبيق,العلوم,معلوماتي
فيمَ تعتمد دورة الماء في الطبيعة؟,فهم,العلوم,معلوماتي
فيمَ تكمن أهمية العمل الجماعي؟,تحليل,التعليم,معلوماتي
فيمَ تُستخدم النظائر المشعة؟,تطبيق,العلوم,معلوماتي
فيمَ تعتمد البيئة المستدامة؟,تحليل,البيئة والطاقة,معلوماتي
فيمَ تكمن أهمية الصحة النفسية؟,تحليل,الصحة,معلوماتي
فيمَ تُستخدم الرموز في اللغة؟,تطبيق,الثقافة,معلوماتي
فيمَ تكمن فوائد التعلم الإلكتروني؟,تحليل,التعليم,معلوماتي
فيمَ تُستخدم التلسكوبات؟,تطبيق,العلوم,معلوماتي
فيمَ تعتمد الحياة على الأرض؟,فهم,العلوم,معلوماتي
فيمَ تكمن أهمية الديمقراطية؟,تحليل,السياسة والقانون,معلوماتي
فيمَ تُستخدم الموارد الطبيعية؟,تطبيق,البيئة والطاقة,معلوماتي
فيمَ تعتمد الأبحاث العلمية؟,فهم,التعليم,معلوماتي
فيمَ تكمن فوائد التكنولوجيا؟,تحليل,التكنولوجيا,معلوماتي
فيمَ تُستخدم الألياف البصرية؟,تطبيق,التكنولوجيا,معلوماتي
فيمَ تعتمد دورة الكربون؟,فهم,العلوم,معلوماتي
فيمَ تكمن أهمية الثقافة؟,تحليل,الثقافة,معلوماتي
فيمَ تُستخدم الروبوتات؟,تطبيق,التكنولوجيا,معلوماتي
فيمَ تعتمد النظم البيئية؟,فهم,البيئة والطاقة,معلوماتي
فيمَ تكمن فوائد التطوع؟,تحليل,التطوع,معلوماتي
فيمَ تُستخدم الأقمار الصناعية؟,تطبيق,التكنولوجيا,معلوماتي
فيمَ تعتمد الصحة العامة؟,فهم,الصحة,معلوماتي
فيمَ تكمن فوائد القراءة؟,تحليل,التعليم,معلوماتي
فيمَ تُستخدم الخلايا الجذعية؟,تطبيق,الصحة,معلوماتي
فيمَ تعتمد الحياة البرية؟,فهم,البيئة والطاقة,معلوماتي
فيمَ تكمن أهمية العدالة الاجتماعية؟,تحليل,الثقافة,معلوماتي
فيمَ تُستخدم تقنيات النانو؟,تطبيق,التكنولوجيا,معلوماتي
فيمَ تعتمد الأنهار؟,فهم,البيئة والطاقة,معلوماتي
فيمَ تكمن فوائد الموسيقى؟,تحليل,الثقافة,معلوماتي
فيمَ تُستخدم قواعد البيانات؟,تطبيق,التكنولوجيا,معلوماتي
فيمَ تعتمد الفصول الأربعة؟,فهم,العلوم,معلوماتي
فيمَ تكمن أهمية الابتكار في الصناعة؟,تحليل,التكنولوجيا,معلوماتي
فيمَ تُستخدم الحواسيب في الطب؟,تطبيق,الصحة,معلوماتي
فيمَ تعتمد الأنظمة السياسية؟,فهم,السياسة والقانون,معلوماتي
فيمَ تكمن فوائد السفر؟,تحليل,الثقافة,معلوماتي
فيمَ تُستخدم الذكاء الاصطناعي؟,تطبيق,التكنولوجيا,معلوماتي
فيمَ تستخدمُ الحاسوب؟,معرفة,التكنولوجيا,معلوماتي
فيمَ تقضي أوقاتَ فراغِك؟,معرفة,الثقافة,معلوماتي
فيمَ تتحدثُ مع أصدقائك؟,فهم,الثقافة,معلوماتي
فيمَ تتفوقُ؟,فهم,الثقافة,معلوماتي
فيمَ تستمتعُ؟,فهم,الثقافة,معلوماتي
فيمَ تفكرُ كثيرًا؟,فهم,الثقافة,معلوماتي
فيمَ تقضي عطلاتِك؟,معرفة,الترفيه,معلوماتي
ما هو التأثير الذي أحدثه الجاحظ في فهم إعجاز القرآن؟,فهم,الدين,معلوماتي
ما هي الوسائل الغربية لتشويه التاريخ الإسلامي؟,معرفة,التاريخ,معلوماتي
ما هي العوامل التي تلعب دورا رئيسيا في تفسير التاريخ الإسلامي حسب عبد العزيز الدوري؟,فهم,التاريخ,معلوماتي
ما هي أبرز الفتن في عهد يزيد بن معاوية؟,معرفة,التاريخ,معلوماتي
ما هي الأعمال التي يؤديها الحاج بعد غروب شمس اليوم التاسع من ذي الحجة؟,معرفة,الدين,معلوماتي
ما هي محظورات الإحرام؟,فهم,الدين,معلوماتي
ما هي الفائدة المحتملة لطهي اللحوم في الميكروويف قبل الشي؟,فهم,الصحة,معلوماتي
ما هي الأداة التي استخدمها إبراهيم النظام لشرح إعجاز القرآن؟,معرفة,الدين,معلوماتي
ما هي الفكرة التي اقترحها إبراهيم النظام عن إعجاز القرآن؟,معرفة,الدين,معلوماتي
ما هو الأسلوب البلاغي الذي أكده عبد القاهر الجرجاني في إعجاز القرآن؟,معرفة,الدين,معلوماتي
ما هي الآلية التي تجعل البنزوبيرين والأفلاتوكسين مواد مسرطنة؟,فهم,الصحة,معلوماتي
ما هو تأثير الامتيازات التي منحها سليمان القانوني للفرنسيين؟,معرفة,التاريخ,معلوماتي
ما هي الفتنة التي واجهها أبو بكر بعد وفاة الرسول؟,معرفة,التاريخ,معلوماتي
ما هي أسباب حروب الردة؟,معرفة,التاريخ,معلوماتي
ما هي الفتنة التي واجهها أبو بكر بعد وفاة الرسول؟,معرفة,التاريخ,معلوماتي
ما هي العوامل التي دفعت أبو بكر إلى محاربة المرتدين؟,فهم,التاريخ,معلوماتي
ما هي الفتنة التي واجهها أبو بكر بعد وفاة الرسول؟,معرفة,التاريخ,معلوماتي
ما هي نهايات الدولة الفاطمية؟,معرفة,التاريخ,معلوماتي
ما هي أبرز الأحداث التي قادت إلى سقوط الدولة العثمانية؟,معرفة,التاريخ,معلوماتي
ما هي نتيجة الحملة الفرنسية على مصر؟,معرفة,التاريخ,معلوماتي
ما هو تأثير سقوط الدولة العثمانية على الأقاليم والدول الإسلامية؟,معرفة,التاريخ,معلوماتي
ما هي المواد المسرطنة التي تنتج عند طهي الطعام على النار؟,فهم,الصحة,معلوماتي
ما هي المواد المسرطنة المحتملة في الأطعمة المقلية؟,فهم,الصحة,معلوماتي
ما هي المواد المسرطنة الحيوانية المعروفة التي تتولد في الأطعمة المقلية؟,معرفة,الصحة,معلوماتي
ما هي مميزات الدراسة في الخارج؟,معرفة,التعليم,معلوماتي
ما اسم أطول أنهار أوروبا وأغزرها؟,معرفة,الجغرافيا,معلوماتي
"إلى جانب حرارة المحرك الناتجة من الاحتراق النووي والطاقة الحرارية الأرضية والاحتراق الداخلي، ما هو نوع الطاقة التي يمكن أن توفر الحرارة للمحرك البخاري؟",فهم,العلوم,معلوماتي
"في تشفير العناصر الرياضية، ما هي الطريقة التي يتم بها التعبير عن الأعداد الصحيحة بشكل شائع؟",فهم,العلوم,معلوماتي
ما هو المصطلح الذي يطلق على جهاز المناعة المفرط الذي يهاجم الأنسجة الطبيعية؟,معرفة,الصحة,معلوماتي
ما هو العلم المتخصص في دراسة الجهاز المناعي؟,معرفة,العلوم,معلوماتي
ما هي أقوى فئة من الأدوية المضادة للالتهابات؟,معرفة,الصحة,معلوماتي
"تمتلك الفقاريات الفكية البدائية مجموعة من المستقبلات يشار إليها باسم معين، ما هو هذا الاسم؟",معرفة,العلوم,معلوماتي
ما المركبات التي يمكن حجبها بجزيئات الخلية المضيفة من أجل تفادي الفيروس لاكتشافه؟,فهم,العلوم,معلوماتي
ما هو النوع من العصيان المدني الذي يتم على نطاق واسع؟,فهم,السياسة والقانون,معلوماتي
ما هي العملية التي تشمل عادة على الإنتاج الضخم للسلع المتماثلة دون وجود مشتر معين؟,فهم,الاقتصاد والعمل,معلوماتي
ما هي أكبر مدينة في فلوريدا من حيث عدد السكان؟,معرفة,الجغرافيا,معلوماتي
ما النهر الذي يوازي جاكسونفيل؟,معرفة,الجغرافيا,معلوماتي
ما هي استخدامات آشعة الليزر؟,فهم,العلوم,معلوماتي
ما هي عائلة طيور البومة؟,معرفة,العلوم,معلوماتي
ما هي مقاطعة غالفستون في تكساس؟,معرفة,الجغرافيا,معلوماتي
ما هي آلية التغذية المرتدة في النباتات أثناء التنفس؟,معرفة,العلوم,معلوماتي
ما الجبن المصنوع من حليب الماعز؟,فهم,الصحة,معلوماتي
ما الذي يتكون منه الحيوانات المنوية؟,معرفة,العلوم,معلوماتي
ما هو شكل القمر؟,معرفة,العلوم,معلوماتي
ما نوع الأدب الذي كتبه جون ستاينبك؟,معرفة,الثقافة,معلوماتي
ما هو شكل الصخور الرسوبية؟,معرفة,العلوم,معلوماتي
ما هي جامعة جورج واشنطن؟,معرفة,التعليم,معلوماتي
ما هي السحابة؟,معرفة,العلوم,معلوماتي
ما هي البلد الذي لديه معظم المسلمين في العالم؟,معرفة,الدين,معلوماتي
ما هي تركيا؟,معرفة,الجغرافيا,معلوماتي
ما هي بعض الاستخدامات القانونية للالميثولوجيا؟,معرفة,السياسة والقانون,معلوماتي
ما هي خصائص البريوفيت؟,معرفة,العلوم,معلوماتي
ما هي وحدة الطاقة الكهربائية؟,معرفة,العلوم,معلوماتي
ما هي استراتيجيات التعلم النشط؟,معرفة,التعليم,معلوماتي
ما هو تصنيف الكلاب؟,معرفة,العلوم,معلوماتي
ما هي اكثر رياضة معروفة في امريكا؟,معرفة,الرياضة,معلوماتي
ما هي جنسية كريس جينر؟,معرفة,الثقافة,معلوماتي
ما هو الجهاز العصبي في الجسم البشري؟,معرفة,العلوم,معلوماتي
ما هو أكبر الحيتان؟,معرفة,العلوم,معلوماتي
ما هو المكون الأساسي في صنع الخردل؟,معرفة,الصحة,معلوماتي
ما هو الاسم البديل للأمعاء الغليظة؟,معرفة,العلوم,معلوماتي
ما هي وظيفة شيرلوك هولمز؟,معرفة,الثقافة,معلوماتي
ما هو الاسم البديل لوحدة المعالجة المركزية؟,معرفة,التكنولوجيا,معلوماتي
ما هي وحدة قياس الضغط؟,معرفة,العلوم,معلوماتي
ما هي وظيفة العظام في الجسم؟,معرفة,العلوم,معلوماتي
ما هي وظيفة الكبد في الجسم؟,معرفة,الصحة,معلوماتي
ما هي الصيغة الكيميائية لنترات الكالسيوم؟,معرفة,العلوم,معلوماتي
ما هي صيغة نترات الكالسيوم؟,معرفة,العلوم,معلوماتي
ما هي النهضة الإنجليزية؟,معرفة,التاريخ,معلوماتي
ما هو الاسم الأول الحقيقي لكوكو شانيل؟,معرفة,الثقافة,معلوماتي
ما هي وصفة البقلاوة؟,معرفة,الصحة,معلوماتي
ما هي اللغة الرسمية في الولايات المتحدة؟,معرفة,الثقافة,معلوماتي
ما هي تلك النقطة على جبين المرأة الهندية؟,معرفة,الثقافة,معلوماتي
ما هو استخدام موقع لينكد إن؟,معرفة,التكنولوجيا,معلوماتي
ما هي اتفاقية التجارة الحرة الامريكية الشمالية؟,معرفة,الاقتصاد والعمل,معلوماتي
ما هي عملة سنغافورة؟,معرفة,الاقتصاد والعمل,معلوماتي
ما هو الهيدروجين في الكيمياء؟,معرفة,العلوم,معلوماتي
ما هو اسم العائلة للأمير ويليام؟,معرفة,الثقافة,معلوماتي
ما هو اسم العملة الكورية؟,معرفة,الاقتصاد والعمل,معلوماتي
ما هو آخر موسم لمسلسل الطب النفسي؟,معرفة,الثقافة,معلوماتي
ما الذي يتغذى عليه الدجاج؟,معرفة,الصحة,معلوماتي
ما هو الغذاء الذي يتناوله الدجاج؟,معرفة,الصحة,معلوماتي
ما البلد الذي يحمل علمًا بلون واحد؟,معرفة,الجغرافيا,معلوماتي
ما هو لون برج إيفل؟,معرفة,الثقافة,معلوماتي
ما الأجسام المضادة التي ينتجها الجسم بكميات كبيرة؟,معرفة,الصحة,معلوماتي
ما هو تاريخ عيد الفطر؟,معرفة,الدين,معلوماتي
ما هو جزاء من يقول إن لله ولد؟,فهم,الدين,معلوماتي
ما معنى الحطمة؟,معرفة,الدين,معلوماتي
ما هو الفريق الذي لعب له جون إلواي في السوبر بول 33؟,معرفة,الرياضة,معلوماتي
ما الفريق الذي فاز في السوبر بول 33؟,معرفة,الرياضة,معلوماتي
"ما هو المسرح الذي كان أفضل مثال على ""المسرح البولوني الأثري""؟",معرفة,الثقافة,معلوماتي
ما هي القارة التي تقع جزر الكناري قبالة ساحلها؟,معرفة,الجغرافيا,معلوماتي
بخلاف انجازاته العلمية ما الذي اشتهر به تسلا؟,فهم,التاريخ,معلوماتي
ما الذي تم إنتاجه في شركة تسلا؟,معرفة,التكنولوجيا,معلوماتي
ما هو المصطلح الخاص بالمهمة التي تقبل الحل عن طريق الحاسوب؟,معرفة,التكنولوجيا,معلوماتي
"في مسألة حاسوبية، ما الذي يمكن وصفه بسلسلة فوق أبجدية؟",معرفة,التكنولوجيا,معلوماتي
ما هو اسم الأبجدية الأكثر استخداماً في حالة مسألة؟,معرفة,التكنولوجيا,معلوماتي
ما هي إحدى الطرق التي يمكن بها تشفير الرسوم البيانية؟,معرفة,التكنولوجيا,معلوماتي
ما هو التعبير المستخدم لتحديد أي سلسلة معينة من المسائل التي يمكن حلها خلال الزمن على آلة تورينغ الحتمية؟,معرفة,التكنولوجيا,معلوماتي
ما هو الافتراض غير المثبت الذي يُعزى عموماً إلى قيمة أصناف التعقيد؟,معرفة,التكنولوجيا,معلوماتي
ما هو التعبير الذي يمكن استخدامه لتوضيح عدم التساوي المشتبه به لأصناف التعقيد؟,معرفة,التكنولوجيا,معلوماتي
ما الدولة الغربية التي لا يزال يُسمَح فيها بممارسة العقاب البدني؟,معرفة,السياسة والقانون,معلوماتي
ما هي المجموعة التي يمكن للمدرّسين في ويلز أن يسجلوا فيها؟,معرفة,التعليم,معلوماتي
ما الجمعية الوطنية للمعلمين واتحاد المدرّسات؟,معرفة,التعليم,معلوماتي
ما الدرجة الأدنى التي على مدرّس بمدرسة عمومية أن يكون حاملا لها؟,معرفة,التعليم,معلوماتي
ما هو اسم المعلم الروحي في الهندوسية؟,معرفة,الدين,معلوماتي
ما المستوى الذي بلغته مدينة كاليفورنيا الكبرى من حيث تعداد السكان على المستوى على الوطني؟,معرفة,الجغرافيا,معلوماتي
ما الخاصية التي تُعرَف بها التجمعات السكنية بكاليفورنيا على غرار كونها واسعة ومترامية الأطراف؟,معرفة,الجغرافيا,معلوماتي
ما الاسم الذي تسمى به المناطق الثمانية التي تشكل جزءً من كاليفورنيا الجنوبية؟,معرفة,الجغرافيا,معلوماتي
ما اسم ثاني أكثر المطارات نشاطاً بالولايات المتحدة؟,معرفة,الجغرافيا,معلوماتي
ما المقياس الذي يُستعمل في تحديد نشاط المطارات؟,معرفة,التكنولوجيا,معلوماتي
ما اسم أكثر المطارات أحادية المدارج نشاطاً في العالم؟,معرفة,الجغرافيا,معلوماتي
ما اسم أكثر مطارات الطيران العمومي نشاطاً في العالم؟,معرفة,الجغرافيا,معلوماتي
ما الرياضة التي ينتمي إليها فريق لوس أنجلس آنجيلز أف أناهيم؟,معرفة,الرياضة,معلوماتي
"ما اسم فريق الرابطة الوطنية لكرة اليد بخلاف أناهيم داكس، والكائن بكاليفورنيا الجنوبية؟",معرفة,الرياضة,معلوماتي
ما اسم الفريق الوحيد الذي ينتمي لدوري النخبة لكرة القدم في كاليفورنيا الجنوبية؟,معرفة,الرياضة,معلوماتي
ما الموسيقى التصويرية الاختيارية التي تتضمنها سكاي موفيز وسكاي بوكس أوفيس؟,معرفة,الترفيه,معلوماتي
ما هي مادّة البث الذي تستعمله سكاي بلس إتس دي؟,معرفة,التكنولوجيا,معلوماتي
ما المستوى الذي تكون عليه جل المواد ذات الدقة العالية؟,معرفة,التكنولوجيا,معلوماتي
ما هو القمر الصناعي الذي استُعمِل عند انطلاق سكاي ديجيتال؟,معرفة,التكنولوجيا,معلوماتي
ما هو القمر الصناعي الذي مكن سكاي ديجيتال من إطلاقة خدمتها الرقمية كليّاً؟,معرفة,التكنولوجيا,معلوماتي
ما هو موقع القمر الصناعي الذي مكن سكاي من بث القنوات بصفة خاصة إلى المملكة المتّحدة؟,معرفة,التكنولوجيا,معلوماتي
ما المنصة التي كانت قناة سنتانا الرياضية تنوي البث من خلالها؟,معرفة,الترفيه,معلوماتي
ما هي الوظيفة التي شغلها توماس دي مايزيير في مجلس الوزراء الألماني؟,معرفة,السياسة والقانون,معلوماتي
ما هو مصدر الحرارة الاعتيادي لغلي الماء في المحرك البخاري؟,معرفة,العلوم,معلوماتي
"بصرف النظرعن الموقد، ما هو الاسم الآخر للمكان الذي يتم فيه حرق المواد القابلة للاحتراق في المحرك؟",معرفة,العلوم,معلوماتي
ما هو نوع عنصر التسخين الذي يستخدم في الغالب في المحركات البخارية للألعاب؟,معرفة,التكنولوجيا,معلوماتي
ما هي الأداة التي تُستخدم لفحص أداء المحرك البخاري؟,معرفة,التكنولوجيا,معلوماتي
ما هي الشركة التي طورت مؤشر المحرك البخاري الأكثر نجاحاً؟,معرفة,التكنولوجيا,معلوماتي
ما هو شكل الأكسجين الذي تحصل عليه الحيوانات البحرية بكميات أكبر خلال الظروف المناخية الباردة؟,معرفة,العلوم,معلوماتي
ما هو نمط الاستشعار الذي يستخدمه العالم لقياس الإشعاع العالمي؟,معرفة,العلوم,معلوماتي
ما هو الجهاز المستخدم لعلاج الحالات المختلفة مثل التسمم بأول أكسيد الكربون؟,معرفة,الصحة,معلوماتي
ما هو الكائن الممرض الذي يسبب الغرغرينا الغازية بالتسمم بالأكسجين؟,معرفة,الصحة,معلوماتي
ما هي ثاني أكبر الدول المنتجة للنفط في العالم؟,معرفة,الاقتصاد والعمل,معلوماتي
"ما الذي كان في الأصل على البدلات الفضائية قبل خوذة ""حوض السمك"" الشفافة؟",معرفة,التكنولوجيا,معلوماتي
ما هو الموقع الآخر الذي قامت أبولو 1 باختباره إلى جانب مركز كينيدي للفضاء؟,معرفة,العلوم,معلوماتي
ما هي أنواع التسجيلات في مركز جونسون الفضائي التي تم استخدامها للمساعدة في استعادة الأشرطة الأصلية؟,معرفة,العلوم,معلوماتي
ما هي الشركة التي تم تكليفها بمحاولة استعادة الأشرطة الأصلية؟,معرفة,التكنولوجيا,معلوماتي
ما هي الدولة التي وقَّعت معاهدةً في سنة 1985 تمنحها ميزةً قانونيةً خاصةً؟,معرفة,السياسة والقانون,معلوماتي
ما الذي تم تأسيسه تزامنا مع المعاهدة الأوروبية لحقوق الإنسان؟,معرفة,السياسة والقانون,معلوماتي
ما هي الكلمة الألمانية المرادفة لغابة الأمازون؟,معرفة,الثقافة,معلوماتي
ما الغابة المطيرة التي تغطي جل حوض الأمازون بأمريكا الجنوبية؟,معرفة,الجغرافيا,معلوماتي
ما نوع من أنواع الغابات المطيرة هي غابة الأمازون؟,معرفة,الجغرافيا,معلوماتي
ما هي الدولة التي تحوي معظم غابة الأمازون؟,معرفة,الجغرافيا,معلوماتي
ما الاسم الآخر للجانب الغربي لمدينة فريسنو؟,معرفة,الجغرافيا,معلوماتي
ما الجماعة العرقية التي يعتبر جانب فريسنو الغربي مركزاً لها؟,معرفة,الثقافة,معلوماتي
ما هو الحي الكائن غربي الطريق الحرة 41؟,معرفة,الجغرافيا,معلوماتي
ما نوع الأشجار المصَفّفة على جانبي جادة كيرني؟,معرفة,الجغرافيا,معلوماتي
ما الاسم الذي مُنح لأحد أقسام جادة كيرني في محاولة لتغيير صورته؟,معرفة,الجغرافيا,معلوماتي
ما هي المنطقة الكائنة في بروكهيفن والتي عرفت بجرائمها المتزايدة؟,معرفة,الجغرافيا,معلوماتي
ما نوع المسوحات التي تبين مواقع الوحدات الطبقية في الطبقات السفلية؟,معرفة,العلوم,معلوماتي
ما الذي يستخدمه علماء طبقات الأرض لعرض بياناتهم في ثلاثة أبعاد؟,معرفة,التكنولوجيا,معلوماتي
ما الأطروحة التي قدمها جيمس هوتون لجمعية إدنبرة الملكية في عام 1785؟,معرفة,التاريخ,معلوماتي
ما هو المسطح المائي الذي حد الإمبراطورية المغولية من الغرب عندما توفي جنكيز خان؟,معرفة,التاريخ,معلوماتي
ما هي الهيئة التي يجب تسجيل فني الصيدلة فيها؟,معرفة,الصحة,معلوماتي
ما هو الواجب الرئيسي للهيئة الصيدلية العامة؟,معرفة,الصحة,معلوماتي
ما نوع الأخصائي الذي يعتبر أنه فني الصيدلة؟,معرفة,الصحة,معلوماتي
ما هي الأمور التي تفرضها التشريعات الصيدلية؟,معرفة,الصحة,معلوماتي
ما الهيئة التي ذكرت أنه يمكن للأطباء أيضًا الاستغناء عن الأدوية في ظل ظروف محددة؟,معرفة,الصحة,معلوماتي
ما هو اسم المنطقة التي يتركز الحرم الجامعي الرئيسي في كامبريدج؟,معرفة,التعليم,معلوماتي
ما هو الموضوع الذي تناوله مصطفى صادق الرافعي في كتابه؟,معرفة,الدين,معلوماتي
ما هو المفهوم الذي أضافه القاضي عبد الجبار إلى النقاش حول إعجاز القرآن؟,معرفة,الدين,معلوماتي
"ما هو المعنى اللغوي لكلمة ""عجز""؟",فهم,الدين,معلوماتي
ما هي الفكرة التي اقترحها الجاحظ عن إعجاز القرآن؟,فهم,الدين,معلوماتي
ما هو المظهر الذي اعتبره أبو سليمان الخطابي من مظاهر إعجاز القرآن؟,معرفة,الدين,معلوماتي
ما هو رأي مصطفى صادق الرافعي في إعجاز القرآن؟,معرفة,الدين,معلوماتي
ما هي المواد المسرطنة الموجودة في دخان التبغ؟,معرفة,الصحة,معلوماتي
ما هو رأي الدكتور ت. كولين كامبل في البروتين الموجود بالحليب؟,معرفة,الصحة,معلوماتي
ما هي العوامل التي تسبب سمية الجينات؟,معرفة,الصحة,معلوماتي
ما هي آليات التسرطن؟,معرفة,الصحة,معلوماتي
ما هي المواد الكيميائية التي تعزز نشاط المواد المسرطنة الأخرى؟,فهم,الصحة,معلوماتي
ما هو الأثر الذي يحدثه تلف الحمض النووي في الحالات الحادة؟,فهم,الصحة,معلوماتي
ما هي تأثيرات طهي الطعام في درجات حرارة عالية؟,معرفة,الصحة,معلوماتي
ما هي علاقة العمل بنظام المناوبة وزيادة معدل الإصابة بسرطان الثدي؟,فهم,الصحة,معلوماتي
ما هو تأثير الكازين على السرطان وفقًا لبعض الدراسات؟,معرفة,الصحة,معلوماتي
ما هو تأثير التعرض للضوء الليلي على الجسم؟,معرفة,الصحة,معلوماتي
ما هو تأثير العمل في نوبات الليل على الصحة؟,فهم,الصحة,معلوماتي
ما هي العلاقة بين الكازين والسرطان؟,معرفة,الصحة,معلوماتي
ما هو دور وكالة معايير الأغذية في دراسة المواد المسرطنة؟,معرفة,الصحة,معلوماتي
ما هو تأثير اضطراب الساعة البيولوجية على إنتاج هرمون الميلاتونين؟,معرفة,الصحة,معلوماتي
ما هي العلاقة بين الميلاتونين والسرطان؟,معرفة,الصحة,معلوماتي
ما هو تأثير الكازين على السرطان؟,فهم,الصحة,معلوماتي
ما هو تأثير الضوء الليلي على خلايا المناعية؟,معرفة,الصحة,معلوماتي
ما هو تأثير اضطراب الساعة البيولوجية على الإيقاع اليومي؟,فهم,الصحة,معلوماتي
ما هي العلاقة بين العمل بنظام المناوبة والسرطان؟,فهم,الصحة,معلوماتي
ما هو الرد القرآني على من وصف النبي محمد ﷺ بالشاعر؟,معرفة,الدين,معلوماتي
ما هو رد الله على من اتهم النبي محمد ﷺ بأنه ساحر؟,فهم,الدين,معلوماتي
ما هو أجمل أنهار العالم؟,معرفة,الجغرافيا,معلوماتي
ما الدور الذي يلعبه أمين المظالم في الحكومة السويدية؟,معرفة,السياسة والقانون,معلوماتي
ما هو سبب فيروس نقص المناعة البشرية (HIV)؟,معرفة,الصحة,معلوماتي
ما هو دور الوراثة في التطور البشري؟,معرفة,العلوم,معلوماتي
ما هي قاعدة الضرب في التسعة؟,معرفة,العلوم,معلوماتي
ما هو تشخيص سرطان المعدة؟,معرفة,الصحة,معلوماتي
ما الدور الذي تلعبه الاقتباسات في البحث؟,معرفة,التعليم,معلوماتي
ما تأثير نموذج هنري فورد على عملية التصنيع؟,معرفة,التاريخ,معلوماتي
ما هو العامل المساهم في ارتفاع ضغط الدم؟,معرفة,الصحة,معلوماتي
ما هي أهمية الرياضة وفوائدها للإنسان؟,معرفة,الصحة,معلوماتي
ما هي فوائد الإنترنت؟,معرفة,التكنولوجيا,معلوماتي
ما هي الطريقة التي يعالج بها التواء الأسنان؟,معرفة,الصحة,معلوماتي
ما هي إنجازات جمال عبدالناصر؟,معرفة,التاريخ,معلوماتي
ما أهمية اللغة العربية؟,معرفة,الثقافة,معلوماتي
ما هي مضاعفات فقر الدم؟,معرفة,الصحة,معلوماتي
ما هي مميزات اوت لوك out look؟,فهم,التكنولوجيا,معلوماتي
ما طرق علاج الوسواس القهري المختلفة؟,فهم,الصحة,معلوماتي
ما هي أسباب تقصف الشعر؟,فهم,الصحة,معلوماتي
ما آثار إعصار هارفي؟,فهم,التاريخ,معلوماتي
ما هي أسباب تأخر الحمل لدى بعض النساء؟,فهم,الصحة,معلوماتي
ما هي فوائد شرب الشاي؟,فهم,الصحة,معلوماتي
ما الذي يميز التعلم الذاتي عن غيره؟,فهم,التعليم,معلوماتي
ما الذي قامت به تسلا للإنارة الكهربائية والتصنيع؟,فهم,التكنولوجيا,معلوماتي
ما الذي قامت به تسلا للإنارة الكهربائية والتصنيع؟,فهم,التكنولوجيا,معلوماتي
ما نسبة شيوع أسلوب العقاب البدني في الماضي؟,معرفة,التاريخ,معلوماتي
ما الذي قد تتطلبه مدرسةٌ خاصَّةٌ حتى يطابقَ مدرّسوها معايير التأهيل؟,معرفة,التعليم,معلوماتي
ما الذي يؤدي إلى زيادة تركيزات الأكسجين في رئة المريض؟,معرفة,الصحة,معلوماتي
ما هي أول مشكلة واجهها رواد الفضاء أثناء اختبار المقابس؟,معرفة,العلوم,معلوماتي
ما الذي حدث للطاقم على متن الطائرة خلال اختبار المقابس؟,معرفة,العلوم,معلوماتي
ما نوع الغلاف الجوي الذي ساعد في إشعال الحريق في جميع أنحاء المقصورة؟,معرفة,العلوم,معلوماتي
ما الذي استوجب القيام بالمعاهدات الأساسية التي انتهت بتشكيل الاتحاد الأوروبي؟,معرفة,السياسة والقانون,معلوماتي
ما هو أكثر ما تستَعمَل فيه الأراضي التي أزيلت الغابات منها في منطقة الأمازون؟,معرفة,الجغرافيا,معلوماتي
ما الذي أدى إليه تمهيد تلك الطرقات في الغابة المطرية الأمازونية؟,معرفة,الجغرافيا,معلوماتي
ما الذي يخشى أخصائيو البيئة من فقدانه في غابة الأمازون؟,معرفة,الجغرافيا,معلوماتي
ما الذي يمكن جمعه مع البيانات الجيوفيزيائية لتحقيق رؤية أفضل للطبقات السفلية؟,معرفة,العلوم,معلوماتي
ما هي الفكرة الرئيسية لأطروحة جيمس هوتون؟,معرفة,التاريخ,معلوماتي
ما أنواع المسؤوليات التي قد يتحملها فني الصيدلة؟,معرفة,الصحة,معلوماتي
ما التطورات التي أثر فيها العلماء على إنشاء علم الصيدلة في الإسلام في العصور الوسطى؟,معرفة,التاريخ,معلوماتي
ما هي المسؤوليات الجديدة التي يتعامل معها فنيو الصيدلة الآن؟,معرفة,الصحة,معلوماتي
ما هي الممارسات التي تقوم بها بعض الصيدليات المجتمعية؟,معرفة,الصحة,معلوماتي
ما هو الشيء الذي يُمنع الصيادلة من فعله؟,معرفة,الصحة,معلوماتي
ما الذي يمكن أن ينجم عن اضطرابات الجهاز المناعي؟,معرفة,الصحة,معلوماتي
ما الذي يميز الدراسة في الخارج؟,معرفة,التعليم,معلوماتي
ما هو هدف العصيان المدني الفردي؟,معرفة,السياسة والقانون,معلوماتي
ما هي فوائد ممارسة الرياضة بانتظام؟,فهم,الصحة,معلوماتي
ما هو تأثير التكنولوجيا على الحياة اليومية؟,فهم,التكنولوجيا,معلوماتي
ما هي أهمية القراءة للأطفال؟,فهم,التعليم,معلوماتي
ما هي أساليب التدريس الفعالة؟,فهم,التعليم,معلوماتي
ما هي أضرار التدخين على الصحة؟,فهم,الصحة,معلوماتي
ما هي فوائد تناول الأطعمة الصحية؟,فهم,الصحة,معلوماتي
ما هو دور الإعلام في تشكيل الرأي العام؟,فهم,الثقافة,معلوماتي
ما هي أسباب البطالة؟,فهم,الاقتصاد والعمل,معلوماتي
ما هي أهمية التعليم العالي؟,فهم,التعليم,معلوماتي
ما هو تأثير الفنون على المجتمع؟,فهم,الثقافة,معلوماتي
ما هي العوامل المؤثرة في النمو الاقتصادي؟,فهم,الاقتصاد والعمل,معلوماتي
ما هو دور الأسرة في تنشئة الأطفال؟,فهم,الثقافة,معلوماتي
ما هي أهمية المشاركة السياسية؟,فهم,السياسة والقانون,معلوماتي
ما هي فوائد ممارسة الرياضة بانتظام؟,معرفة,الصحة,معلوماتي
ما هو تأثير التكنولوجيا على الحياة اليومية؟,فهم,التكنولوجيا,معلوماتي
ما هي أهمية القراءة للأطفال؟,فهم,التعليم,معلوماتي
ما هي أساليب التدريس الفعالة؟,فهم,التعليم,معلوماتي
ما هي أضرار التدخين على الصحة؟,فهم,الصحة,معلوماتي
ما هي فوائد تناول الأطعمة الصحية؟,فهم,الصحة,معلوماتي
ما هو دور الإعلام في تشكيل الرأي العام؟,فهم,الثقافة,معلوماتي
ما هي أسباب البطالة؟,فهم,الاقتصاد والعمل,معلوماتي
ما هي أهمية التعليم العالي؟,فهم,التعليم,معلوماتي
ما هو تأثير الفنون على المجتمع؟,فهم,الثقافة,معلوماتي
ما هي العوامل المؤثرة في النمو الاقتصادي؟,فهم,الاقتصاد والعمل,معلوماتي
ما هو دور الأسرة في تنشئة الأطفال؟,فهم,الثقافة,معلوماتي
ما هي أهمية المشاركة السياسية؟,فهم,السياسة والقانون,معلوماتي
ما هي فوائد استخدام الطاقة المتجددة؟,فهم,البيئة والطاقة,معلوماتي
ما هي العوامل الثقافية التي أثرت في التاريخ الإسلامي؟,معرفة,التاريخ,معلوماتي
ما هي العوامل الاقتصادية التي أثرت في التاريخ الإسلامي؟,فهم,التاريخ,معلوماتي
ما الذي قاله أبو بكر للناس بعد وفاة الرسول؟,معرفة,التاريخ,معلوماتي
ما هي وصية الرسول ﷺ التي نفذها أبو بكر؟,معرفة,التاريخ,معلوماتي
ما هو نصيب المسلمين من الأراضي المفتوحة في عهد عمر؟,معرفة,التاريخ,معلوماتي
ما هو نصيب المسلمين من الأراضي المفتوحة في عهد عمر؟,معرفة,التاريخ,معلوماتي
ما هو الإنجاز المعماري الذي أنشأه عبد الملك بن مروان في القدس؟,معرفة,التاريخ,معلوماتي
ما هي الحضارة التي أسسها الأمويون في الأندلس؟,معرفة,التاريخ,معلوماتي
ما هي الأثر الثقافي للفاطميين في مصر؟,معرفة,التاريخ,معلوماتي
ما هو لقب محمد الثاني بعد فتح القسطنطينية؟,معرفة,التاريخ,معلوماتي
ما هو مصير الأقاليم والدول الإسلامية بعد سقوط الدولة العثمانية؟,معرفة,التاريخ,معلوماتي
ما هو الوضع الحالي للقب الخلافة الإسلامية؟,فهم,التاريخ,معلوماتي
ما هو مصير الدول الإسلامية بعد الاستقلال من الاحتلال الأوروبي؟,معرفة,السياسة والقانون,معلوماتي
ما هو أول عمل يقوم به الحاج عند بدء مناسك الحج؟,معرفة,الدين,معلوماتي
ما هي المناسك التي يؤديها الحاج يوم التروية؟,معرفة,الدين,معلوماتي
ما هي واجبات الحج المتعلقة بمزدلفة؟,فهم,الدين,معلوماتي
"إذا تم ضرب عددين صحيحين وإخراج قيمة، فماذا تسمى مجموعة التعبير هذه؟",معرفة,العلوم,معلوماتي
بماذا يتم التعبير عن الزمن اللازم لإخراج إجابة على آلة تورينغ الحتمية؟,معرفة,التكنولوجيا,معلوماتي
ماذا تسمى العملية التي يتم من خلالها تجنب نظام المناعة التكيفي من خلال تغيير الحلقات غير الضرورية؟,معرفة,العلوم,معلوماتي
ماذا تسمى المحاولة النشطة للإطاحة بنظام حكومي أو ديني؟,معرفة,السياسة والقانون,معلوماتي
ماذا تسمى عملية بناء المباني أو البنى التحتية؟,معرفة,التكنولوجيا,معلوماتي
ماذا تسمى المدارس الثانوية الخاصة في ألمانيا؟,معرفة,التعليم,معلوماتي
ماذا يحتوي شراب التكيلا؟,معرفة,الثقافة,معلوماتي
ماذا سمى المؤتمر العام للأوزان والمقاييس على شرف تسلا عام 1960؟,معرفة,التكنولوجيا,معلوماتي
"عاش في 973–1048 م وكان من أوائل علماء الجيولوجيا الفارسيين، فماذا كان اسمه؟",معرفة,التاريخ,معلوماتي
"استنتج شخص في الصين أن الأرض تشكلت بسبب تآكل الجبال وترسب الطمي، فماذا كان اسمه؟",معرفة,التاريخ,معلوماتي
"اقترح هذا الشخص تفسيراتٍ لأصول الزلازل وتكوّن الجبال، فماذا كان اسمه؟",معرفة,التاريخ,معلوماتي
بماذا تشتهر كاليفورنيا أيضاً على خلاف استعمالها للسيارات؟,معرفة,الثقافة,معلوماتي
من ماذا تصنع الشوكولاتة البيضاء؟,معرفة,العلوم,معلوماتي
ماذا يحتوي الحليب؟,معرفة,العلوم,معلوماتي
ماذا يشمل الإحسان؟,معرفة,الثقافة,معلوماتي
بماذا تعنى الصيدلة الاستشارية أساسًا؟,معرفة,الصحة,معلوماتي
ماذا يشكل القطاع الزراعي في المنظومة الاقتصادية للمجتمعات الريفية؟,فهم,السياسة والقانون,معلوماتي
ماذا يشمل التاريخ الإسلامي من إمارات وسلطنات ودول؟,معرفة,التاريخ,معلوماتي
ماذا تدرسُ في الجامعة؟,معرفة,التعليم,معلوماتي
ماذا تفعلُ في وقتِ فراغِك؟,معرفة,الثقافة,معلوماتي
ماذا تقرأُ حاليًا؟,معرفة,الثقافة,معلوماتي
ماذا تشاهدُ على التلفاز؟,معرفة,الترفيه,معلوماتي
ماذا تحبُّ في مدينتِك؟,فهم,الثقافة,معلوماتي
ماذا تعرفُ عن تاريخِ بلدِك؟,معرفة,الثقافة,معلوماتي
ماذا تفعلُ لتُحافظَ على صحتِك؟,فهم,الصحة,معلوماتي
ماذا تدرسُ في الأدبِ العربي؟,معرفة,التعليم,معلوماتي
ماذا تفعلُ في العطلات؟,فهم,الثقافة,معلوماتي
ماذا تُحبُّ في الموسيقى؟,فهم,الثقافة,معلوماتي
ماذا تفعلُ للحفاظِ على البيئة؟,معرفة,الثقافة,معلوماتي
ماذا تفعلُ في نهايةِ الأسبوع؟,فهم,الثقافة,معلوماتي
ماذا تقرأُ في الصحف؟,فهم,الثقافة,معلوماتي
ماذا تفعلُ عندما تشعرُ بالحزن؟,فهم,الثقافة,معلوماتي
ماذا تفعلُ لتحسينِ نفسِك؟,فهم,الثقافة,معلوماتي
ماذا تقرأُ من كتب؟,فهم,الثقافة,معلوماتي
ماذا تفعلُ لتسترخي؟,معرفة,الثقافة,معلوماتي
ماذا تفعلُ لتحافظَ على اللياقةِ البدنية؟,معرفة,الرياضة,معلوماتي
ماذا تفعلُ في أوقاتِ الفراغ؟,فهم,الثقافة,معلوماتي
ماذا تُحبُّ في الطبيعة؟,فهم,الثقافة,معلوماتي
ماذا تفعلُ عند مواجهةِ مشكلة؟,فهم,الثقافة,معلوماتي
ماذا تفعلُ للحفاظِ على البيئة؟,فهم,الثقافة,معلوماتي
ماذا تُحبُّ في الأدب؟,فهم,الثقافة,معلوماتي
ماذا تفعلُ لتحسينِ صحتِك؟,فهم,الصحة,معلوماتي
متى يحدث كسوف الشمس؟,معرفة,العلوم,معلوماتي
متى بدأ تصنيف الأعراق؟,معرفة,التاريخ,معلوماتي
متى يبدأ توقيت الصيف؟,معرفة,الجغرافيا,معلوماتي
متى بدأ الإنترنت؟,معرفة,التكنولوجيا,معلوماتي
متى ظهر المسرح؟,معرفة,الثقافة,معلوماتي
متى تستخدم الفاصلة المنقوطة؟,معرفة,الثقافة,معلوماتي
متى بدأ الناس من جديد في إظهار الاهتمام بتسلا؟,معرفة,التاريخ,معلوماتي
ممَّ تستمدُّ الإلهامَ؟,فهم,الثقافة,معلوماتي
ممَّ تعتمدُ في قراراتِك؟,معرفة,الثقافة,معلوماتي
ممَّ تشتري احتياجاتِك؟,فهم,الثقافة,معلوماتي
ممَّ تقرأُ كتبَك؟,فهم,الثقافة,معلوماتي
ممَّ تستمتعُ في وقتِ فراغِك؟,معرفة,الثقافة,معلوماتي
ممَّ تستمدُّ القوةَ؟,فهم,الصحة,معلوماتي
ممَّ تعتمدُ في دراستِك؟,معرفة,التعليم,معلوماتي
ممَّ تتعلمُ الأشياءَ الجديدة؟,معرفة,التعليم,معلوماتي
ممَّ تكتسبُ المعرفة؟,فهم,التعليم,معلوماتي
ممَّ تستمدُّ الراحةَ النفسية؟,فهم,الصحة,معلوماتي
ممَّ تعتمدُ في تنظيمِ وقتِك؟,فهم,الثقافة,معلوماتي
ممَّ تقتني ملابسَك؟,فهم,الثقافة,معلوماتي
ممَّ تستمتعُ بالقراءة؟,فهم,الثقافة,معلوماتي
ممَّ تشتري الطعام؟,فهم,الثقافة,معلوماتي
ممَّ تستمدُّ الراحةَ؟,فهم,الصحة,معلوماتي
ممَّ تعتمدُ في تحسينِ نفسِك؟,فهم,التعليم,معلوماتي
ممَّ تكتسبُ الخبرة؟,فهم,التعليم,معلوماتي
ممَّ تستمدُّ السعادة؟,فهم,الثقافة,معلوماتي
ممَّ تشتري الهدايا؟,فهم,الثقافة,معلوماتي
ممَّ تعتمدُ في تطويرِ نفسِك؟,فهم,التعليم,معلوماتي
ممَّ تستمتعُ بالموسيقى؟,فهم,الثقافة,معلوماتي
ممَّ تشتري الكتب؟,فهم,الثقافة,معلوماتي
ممَّ تعتمدُ في حفظِ المعلومات؟,فهم,التعليم,معلوماتي
ممَّ تستمدُّ الفرحَ؟,فهم,الثقافة,معلوماتي
ممَّ تكتسبُ الثقةَ؟,فهم,الثقافة,معلوماتي
ممَّ تعتمدُ في تحسينِ علاقاتِك؟,فهم,الثقافة,معلوماتي
ممَّ تستمتعُ بالسفر؟,فهم,الترفيه,معلوماتي
ممَّ تشتري الأدوات؟,فهم,الثقافة,معلوماتي
ممَّ تستمدُّ الإبداعَ؟,فهم,الثقافة,معلوماتي
ممَّ تعتمدُ في تحسينِ صحتِك؟,فهم,الصحة,معلوماتي
ممَّ تكتسبُ الطاقةَ؟,فهم,الصحة,معلوماتي
ممَّ تستمتعُ بالطبيعة؟,فهم,الترفيه,معلوماتي
ممَّ تشتري الملابس؟,فهم,الثقافة,معلوماتي
ممَّ تعتمدُ في تنظيمِ حياتِك؟,فهم,الثقافة,معلوماتي
ممَّ تستمدُّ القوةَ النفسية؟,فهم,الصحة,معلوماتي
ممَّ تكتسبُ المهاراتَ؟,فهم,التعليم,معلوماتي
ممَّ تستمتعُ بالقراءة؟,فهم,الثقافة,معلوماتي
ممَّ تشتري الأجهزةَ؟,فهم,الثقافة,معلوماتي
ممَّ تستمدُّ الحماسَ؟,فهم,الثقافة,معلوماتي
ممَّ تعتمدُ في تحسينِ نفسِك؟,فهم,التعليم,معلوماتي
ممَّ تكتسبُ الحكمة؟,فهم,الثقافة,معلوماتي
ممَّ تستمتعُ بالأفلام؟,فهم,الترفيه,معلوماتي
ممَّ تشتري الأدواتَ المكتبية؟,فهم,الثقافة,معلوماتي
ممَّ تستمدُّ الراحةَ النفسية؟,فهم,الصحة,معلوماتي
ممَّ تعتمدُ في تنظيمِ وقتِك؟,فهم,الثقافة,معلوماتي
ممَّ تكتسبُ الخبرة؟,فهم,التعليم,معلوماتي
ممَّ تستمتعُ بالموسيقى؟,فهم,الثقافة,معلوماتي
ممَّ تشتري الطعام؟,فهم,الثقافة,معلوماتي
ممَّ تستمدُّ السعادةَ؟,فهم,الثقافة,معلوماتي
ممَّ تعتمدُ في تحسينِ نفسِك؟,فهم,التعليم,معلوماتي
ممَ تُستمد الطاقة في الخلايا؟,معرفة,العلوم,معلوماتي
ممَ يتكون الماء؟,معرفة,العلوم,معلوماتي
ممَ يُصنع الزجاج؟,معرفة,التكنولوجيا,معلوماتي
ممَ تُستخرج الطاقة الشمسية؟,معرفة,التكنولوجيا,معلوماتي
ممَ تتكون الخلايا؟,معرفة,العلوم,معلوماتي
ممَ تُصنع النقود؟,معرفة,الاقتصاد والعمل,معلوماتي
ممَ يُستخرج البترول؟,معرفة,العلوم,معلوماتي
ممَ تتكون النباتات؟,معرفة,العلوم,معلوماتي
ممَ تُصنع الملابس؟,معرفة,التكنولوجيا,معلوماتي
ممَ يُستخرج الفحم؟,معرفة,العلوم,معلوماتي
ممَ تتكون البروتينات؟,معرفة,العلوم,معلوماتي
ممَ يُصنع الورق؟,معرفة,التكنولوجيا,معلوماتي
ممَ تُستخرج المعادن؟,معرفة,العلوم,معلوماتي
ممَ تتكون الصخور؟,معرفة,العلوم,معلوماتي
ممَ يُصنع الصابون؟,معرفة,التكنولوجيا,معلوماتي
ممَ تُستخرج الأدوية؟,معرفة,الصحة,معلوماتي
ممَ تتكون الذرات؟,معرفة,العلوم,معلوماتي
ممَ يُصنع البلاستيك؟,معرفة,التكنولوجيا,معلوماتي
ممَ تُستخرج الفيتامينات؟,معرفة,الصحة,معلوماتي
ممَ تتكون الأنهار؟,معرفة,العلوم,معلوماتي
ممَ يُصنع الزجاج؟,معرفة,التكنولوجيا,معلوماتي
ممَ تُستخرج الغازات النبيلة؟,معرفة,العلوم,معلوماتي
ممَ تتكون الجبال؟,معرفة,العلوم,معلوماتي
ممَ يُصنع القماش؟,معرفة,التكنولوجيا,معلوماتي
ممَ تُستخرج المعادن الثقيلة؟,معرفة,العلوم,معلوماتي
ممَ تتكون البحيرات؟,معرفة,العلوم,معلوماتي
ممَ يُصنع الحديد؟,معرفة,التكنولوجيا,معلوماتي
ممَ تُستخرج الزيوت النباتية؟,معرفة,العلوم,معلوماتي
ممَ تتكون الشلالات؟,معرفة,العلوم,معلوماتي
ممَ يُصنع الطوب؟,معرفة,التكنولوجيا,معلوماتي
ممَ تُستخرج الألياف الطبيعية؟,معرفة,التكنولوجيا,معلوماتي
ممَ تتكون السحب؟,معرفة,العلوم,معلوماتي
ممَ يُصنع الذهب؟,معرفة,التكنولوجيا,معلوماتي
ممَ تُستخرج الأملاح المعدنية؟,معرفة,العلوم,معلوماتي
ممَ تتكون البحار؟,معرفة,العلوم,معلوماتي
ممَ يُصنع الفولاذ؟,معرفة,التكنولوجيا,معلوماتي
ممَ تُستخرج المواد الكيميائية؟,معرفة,العلوم,معلوماتي
ممَ تتكون التربة؟,معرفة,العلوم,معلوماتي
ممَ يُصنع النحاس؟,معرفة,التكنولوجيا,معلوماتي
ممَ تُستخرج الأصباغ؟,معرفة,التكنولوجيا,معلوماتي
ممَ تتكون الأودية؟,معرفة,العلوم,معلوماتي
ممَ يُصنع الفخار؟,معرفة,التكنولوجيا,معلوماتي
ممَ تُستخرج الأحجار الكريمة؟,معرفة,العلوم,معلوماتي
ممَ تتكون الصحارى؟,معرفة,العلوم,معلوماتي
ممَ يُصنع الألمنيوم؟,معرفة,التكنولوجيا,معلوماتي
ممَ تُستخرج الأحماض الأمينية؟,معرفة,العلوم,معلوماتي
ممَ تتكون الجزر؟,معرفة,العلوم,معلوماتي
ممَ يُصنع الفضة؟,معرفة,التكنولوجيا,معلوماتي
ممَ تُستخرج الزيوت العطرية؟,معرفة,الصحة,معلوماتي
ممَ تتكون السهول؟,معرفة,العلوم,معلوماتي
ممَ يُصنع السيراميك؟,معرفة,التكنولوجيا,معلوماتي
ضد من فُرض الجهاد؟,معرفة,الدين,معلوماتي
من هو إسحاق نيوتن؟,معرفة,العلوم,معلوماتي
من هو المؤسس الرئيسي لتطبيق فيسبوك؟,معرفة,التكنولوجيا,معلوماتي
من اكتشف نبتون الكوكب؟,معرفة,العلوم,معلوماتي
من الذي كتب إيقاع مارينر القديم؟,معرفة,الثقافة,معلوماتي
من الذي رافق الملك لويس السابع من فرنسا في الحملة الصليبية الثانية؟,معرفة,التاريخ,معلوماتي
من اخترع الانترنت؟,معرفة,التكنولوجيا,معلوماتي
من الممثل الذي لعب دمبلدور في هاري بوتر؟,معرفة,الثقافة,معلوماتي
من الذي قام بتاليف النشيد الوطني سنغافورة؟,معرفة,الثقافة,معلوماتي
من فاز بكاس العالم 2010؟,معرفة,الرياضة,معلوماتي
من الذي فاز فيفا كأس العالم 2010؟,معرفة,الرياضة,معلوماتي
من هو المهندس المصمم لتمثال الحرية؟,معرفة,الثقافة,معلوماتي
من اخترع الهيروين الأول؟,معرفة,العلوم,معلوماتي
من سجل الرقم القياسي العالمي للنساء في رياضة الوثب العالي؟,معرفة,الرياضة,معلوماتي
من فاز بكاس العالم 1998؟,معرفة,الرياضة,معلوماتي
من اخترع التلفاز؟,معرفة,التكنولوجيا,معلوماتي
من أين تأتي بذور السمسم؟,معرفة,العلوم,معلوماتي
من هو الرئيس التنفيذي للفيسبوك؟,معرفة,التكنولوجيا,معلوماتي
من كان المستشار الأمني الوطني للرئيس بوش؟,معرفة,السياسة والقانون,معلوماتي
من هو كاتب قصيدة بيوولف؟,معرفة,الثقافة,معلوماتي
من هو الممثل الذي يلعب دور هاري بوتر؟,معرفة,الثقافة,معلوماتي
من أسس النهوض بالتعليم؟,معرفة,التعليم,معلوماتي
من عند وصوله أعطى المستوطنين الفايكينغ الأصليين هوية مشتركة؟,معرفة,التاريخ,معلوماتي
من كان العدو الرئيسي للنورمان في إيطاليا والإمبراطورية البيزنطية وأرمينيا؟,معرفة,التاريخ,معلوماتي
من كان القائد عندما دخل الفرنجة وادي الفرات؟,معرفة,التاريخ,معلوماتي
من الذي انضم إليه النورمان في الأناضول؟,معرفة,التاريخ,معلوماتي
مع من أقام تسلا شراكة في 1886؟,معرفة,التكنولوجيا,معلوماتي
من صمم أنظمة الإضاءة التي ركبتها تسلا للإنارة الكهربائية والتصنيع؟,معرفة,التكنولوجيا,معلوماتي
من الذي أرسل موجات الراديو لأول مرة عبر المحيط الأطلسي؟,معرفة,التكنولوجيا,معلوماتي
من الذي يضبط شروط المدرّسين بالولايات المتحدة؟,معرفة,التعليم,معلوماتي
من هو الحاكم الألماني الذي دعا الهوغونتيين للهجرة؟,معرفة,التاريخ,معلوماتي
من هو الشاعر الألماني الذي كان من سلالة الهوغونوت؟,معرفة,الثقافة,معلوماتي
من هو الجنرال الألماني والمقاتل الطيار الذي كان من أصل الهوغونوت؟,معرفة,التاريخ,معلوماتي
من كان آخر رئيس وزراء لألمانيا الشرقية؟,معرفة,التاريخ,معلوماتي
من الذي قام بتطوير مؤشر المحرك البخاري الناجح لتشارلز بورتر؟,معرفة,التكنولوجيا,معلوماتي
من هو الباحث الذي استخدم لأول مرة كلمة الأكسجين؟,معرفة,العلوم,معلوماتي
من هو الكيميائي الذي تمكن من صنع ما يكفي من الأوكسجين السائل لاستخدامه في الدراسة؟,معرفة,العلوم,معلوماتي
من أين يرغب العلماء قياس إشعاع الغطاء النباتي؟,معرفة,العلوم,معلوماتي
"من كانوا الطاقم الرئيسي لأبولو 1، الذين أطلقوا عليها الاسم بأنفسهم؟",معرفة,العلوم,معلوماتي
من قام بتجميع بيانات هبوط أبولو 11 الأصلية المتبقية؟,معرفة,العلوم,معلوماتي
من هم الفلاحين الذين تم من أجلهم تمهيد الطرقات وسط الغابة المطرية الأمازونية؟,معرفة,العلوم,معلوماتي
من هما المجموعتان الرئيسيتان الآسيويتان أمريكيتان اللتان تعيشان بالحي الجنوبي الغربي لمدينة فريسنو؟,معرفة,الثقافة,معلوماتي
من الشخص الذي سُميت جادة كيرني تيمنا باسمه؟,معرفة,التاريخ,معلوماتي
من الذي يعتبر أول عالم جيولوجي حديث؟,معرفة,العلوم,معلوماتي
من الذي قاد التوسع الأسرع في تاريخ الإمبراطورية المغولية؟,معرفة,التاريخ,معلوماتي
من الذي أوقف تقدم هولاكو خان عبر الشرق الأوسط؟,معرفة,التاريخ,معلوماتي
من الذي كان له الفضل في الترويج لاستخدام المركبات الكيميائية كأدوية؟,معرفة,العلوم,معلوماتي
من هو مؤلف كتاب لايبر سيرفيتوريس؟,معرفة,الثقافة,معلوماتي
من الذي كتب عن تقطير مياه الشرب من ماء البحر؟,معرفة,العلوم,معلوماتي
من الذي تحدد معظم السلطات القضائية أنه بإمكانه إعطاء الأدوية المجدولة للناس؟,معرفة,الصحة,معلوماتي
لصالح من يكون البناء في موقع محدد؟,معرفة,التعليم,معلوماتي
من هو الأمين العام للأمم المتحدة الذي ارتاد هارفارد؟,معرفة,السياسة والقانون,معلوماتي
من هو الرئيس الكولومبي الذي ارتاد هارفارد؟,معرفة,السياسة والقانون,معلوماتي
من هو الرئيس الكوستاريكي الذي ارتاد هارفارد؟,معرفة,السياسة والقانون,معلوماتي
من هو رئيس الوزراء الفلسطيني الذي تخرج من جامعة هارفارد؟,معرفة,السياسة والقانون,معلوماتي
ما هي المصادر الأساسية لدراسة الفلسفة الرواقية؟,معرفة,الثقافة,معلوماتي
ما هي الفوائد الأساسية لدمج التكنولوجيا الحديثة في التعليم؟,تطبيق,التكنولوجيا,معلوماتي
ما هو تأثير التحول الرقمي على الاقتصاد العالمي؟,تحليل,التكنولوجيا,معلوماتي
ما هي الأدوات التي تساعد في تعزيز الأمن السيبراني للشركات الصغيرة؟,معرفة,التكنولوجيا,معلوماتي
ما هي الخطوات الأساسية لبدء مشروع تقني صغير؟,تطبيق,التكنولوجيا,معلوماتي
ما هي الأدوات التي يستخدمها علماء البيانات لتحليل البيانات الكبيرة؟,معرفة,التكنولوجيا,معلوماتي
ما هي التحديات التي تواجه الشركات عند تطبيق الذكاء الاصطناعي؟,تحليل,التكنولوجيا,معلوماتي
ما هو دور إنترنت الأشياء في تحسين العمليات الصناعية؟,تحليل,التكنولوجيا,معلوماتي
ما هي التقنيات الناشئة التي ستغير مستقبل الرعاية الصحية؟,تحليل,الصحة,معلوماتي
ما هي الأسباب الرئيسية لتغير المناخ؟,معرفة,البيئة والطاقة,معلوماتي
ماذا يجب أن تضع في الاعتبار عند اختيار برامج التدريب؟,تطبيق,التعليم,معلوماتي
فيم يستخدم تحليل البيانات الكبيرة في الطب الحديث؟,تطبيق,الصحة,معلوماتي
"عم يتحدث كتاب ""أصل الأنواع"" لداروين؟",معرفة,العلوم,معلوماتي
عدد الفوائد الصحية لتناول الخضروات بانتظام.,معرفة,الصحة,معلوماتي
رتب الخطوات الأساسية لتطوير تطبيق برمجي ناجح.,تطبيق,التكنولوجيا,معلوماتي
اذكر أسباب تدهور الحياة البحرية.,معرفة,البيئة والطاقة,معلوماتي
اعط أمثلة على التأثيرات الإيجابية للتعليم عن بُعد.,معرفة,التعليم,معلوماتي
عدد الفوائد الصحية لممارسة الرياضة اليومية.,معرفة,الصحة,معلوماتي
رتب الخطوات الأساسية لتطوير استراتيجية تسويقية ناجحة.,تطبيق,الاقتصاد والعمل,معلوماتي
ما هي أهم التحديات التي تواجهها الشركات في التحول الرقمي؟,تحليل,التكنولوجيا,معلوماتي
فيم يستخدم الحاسوب الكمومي؟,معرفة,التكنولوجيا,معلوماتي
اذكر ثلاثة من الفوائد الرئيسية لممارسة الرياضة بانتظام.,معرفة,الصحة,معلوماتي
ما هي العوامل التي تؤثر على سعادة الموظفين في العمل؟,تحليل,الاقتصاد والعمل,معلوماتي
رتب المراحل المختلفة لدورة حياة الفراشة.,معرفة,العلوم,معلوماتي
اذكر ثلاث فوائد لاستخدام الطاقة الشمسية.,معرفة,البيئة والطاقة,معلوماتي
اذكر فوائد إعادة التدوير للمجتمع والبيئة.,معرفة,البيئة والطاقة,معلوماتي
رتب الدول حسب مساحتها من الأكبر إلى الأصغر.,معرفة,الجغرافيا,معلوماتي
اذكر ثلاثة من أهم العوامل التي تؤثر على الاقتصاد العالمي.,معرفة,الاقتصاد والعمل,معلوماتي
ما هي التحديات الرئيسية التي تواجه الرعاية الصحية في المستقبل؟,تحليل,الصحة,معلوماتي
اذكر الفوائد الاقتصادية للتجارة الحرة بين الدول.,معرفة,الاقتصاد والعمل,معلوماتي
ما هي أهمية التعليم المبكر للأطفال؟,تحليل,التعليم,معلوماتي
"عم تدور أحداث رواية ""مئة عام من العزلة""؟",معرفة,الثقافة,معلوماتي
فيم يستخدم البترول بشكل رئيسي؟,معرفة,البيئة والطاقة,معلوماتي
ما هي العناصر الأساسية التي تتكون منها الذرة؟,معرفة,العلوم,معلوماتي
اذكر أهم الأسباب التي تؤدي إلى تآكل التربة.,معرفة,البيئة والطاقة,معلوماتي
رتب مراحل تطور الحاسوب من الأقدم إلى الأحدث.,معرفة,التكنولوجيا,معلوماتي
ما هي العوامل التي تؤثر على النمو الاقتصادي؟,تحليل,الاقتصاد والعمل,معلوماتي
فيم تُستخدم تقنية النانو في الطب؟,تحليل,التكنولوجيا,معلوماتي
"عم تتحدث رواية ""الأبله"" لدستويفسكي؟",معرفة,الثقافة,معلوماتي
ما هي العناصر الغذائية الأساسية التي يحتاجها الجسم؟,معرفة,الصحة,معلوماتي
اذكر ثلاثة من أهم المعالم السياحية في باريس.,معرفة,السفر والسياحة,معلوماتي
"رتب الأحداث التاريخية التالية وفقًا لتسلسلها الزمني: الثورة الفرنسية، الحرب العالمية الأولى، سقوط جدار برلين.",معرفة,التاريخ,معلوماتي
ما هي أسباب التغير المناخي؟,تحليل,البيئة والطاقة,معلوماتي
اذكر فوائد ممارسة التأمل يوميًا.,معرفة,الصحة,معلوماتي
ما هي الخصائص الرئيسية للشبكات الاجتماعية؟,معرفة,التكنولوجيا,معلوماتي
فيم يُستخدم الليزر في الطب الحديث؟,معرفة,الصحة,معلوماتي
ما هي الخطوات الأساسية لتطوير منتج جديد؟,تطبيق,التكنولوجيا,معلوماتي
اذكر أهم أهداف التنمية المستدامة.,معرفة,البيئة والطاقة,معلوماتي
ما هي المكونات الأساسية لجهاز الحاسوب؟,معرفة,التكنولوجيا,معلوماتي
ما هي الخطوات الأساسية لتطوير خطة عمل ناجحة؟,تطبيق,الاقتصاد والعمل,معلوماتي
اذكر الفوائد الرئيسية للطاقة الشمسية.,معرفة,البيئة والطاقة,معلوماتي
رتب مراحل التطور التكنولوجي في الاتصالات من الأقدم إلى الأحدث.,معرفة,التكنولوجيا,معلوماتي
ما هي العوامل المؤثرة في تغير المناخ؟,تحليل,البيئة والطاقة,معلوماتي
بم يُستخدم النيتروجين السائل في الصناعة؟,معرفة,التكنولوجيا,معلوماتي
ما هي المكونات الأساسية لخلية شمسية؟,معرفة,التكنولوجيا,معلوماتي
اذكر الفوائد الصحية لممارسة الرياضة بانتظام.,معرفة,الصحة,معلوماتي
ما هي مكونات الغلاف الجوي للأرض؟,معرفة,العلوم,معلوماتي
فيم تُستخدم تقنية الطباعة ثلاثية الأبعاد؟,معرفة,التكنولوجيا,معلوماتي
ما هي العناصر الأساسية للثورة الصناعية؟,معرفة,التاريخ,معلوماتي
بم يتميز المناخ الاستوائي؟,معرفة,الجغرافيا,معلوماتي
ما هي أنواع الطاقة المتجددة المتاحة حاليًا؟,معرفة,البيئة والطاقة,معلوماتي
اذكر الآثار البيئية للتلوث البلاستيكي.,تحليل,البيئة والطاقة,معلوماتي
ما هي التحديات الرئيسية التي تواجه التعليم العالي؟,تحليل,التعليم,معلوماتي
ما هي مكونات النظام البيئي؟,معرفة,البيئة والطاقة,معلوماتي
ما هي العوامل التي تؤثر في التغير المناخي؟,تحليل,البيئة والطاقة,معلوماتي
ما هي العوامل المؤثرة في توازن السوق؟,تحليل,الاقتصاد والعمل,معلوماتي
ما هي العوامل التي تؤثر في أسعار الأسهم؟,تحليل,الاقتصاد والعمل,معلوماتي
ما هي التحديات التي تواجه التنمية المستدامة في المناطق الحضرية؟,تحليل,البيئة والطاقة,معلوماتي
ما هي العوامل المؤثرة في نمو الاقتصاد؟,تحليل,الاقتصاد والعمل,معلوماتي
ما هي التحديات التي تواجه الزراعة المستدامة؟,تحليل,البيئة والطاقة,معلوماتي
ما هي الخصائص الرئيسية للديمقراطية؟,تحليل,السياسة والقانون,معلوماتي
ما هي الأهداف الرئيسية للتنمية المستدامة؟,تحليل,البيئة والطاقة,معلوماتي
ما هي العوامل التي تؤدي إلى الاحتباس الحراري؟,تحليل,البيئة والطاقة,معلوماتي
ما هي المكونات الأساسية للكمبيوتر؟,تحليل,التكنولوجيا,معلوماتي
ما هي المكونات الأساسية للنظام السياسي الديمقراطي؟,تحليل,السياسة والقانون,معلوماتي
ما هي العناصر الأساسية للنظام البيئي؟,تحليل,البيئة والطاقة,معلوماتي
ما هي العوامل التي تؤدي إلى النجاح في ريادة الأعمال؟,تحليل,الاقتصاد والعمل,معلوماتي
ما هي التحديات التي تواجه التحول الرقمي في الشركات؟,تحليل,التكنولوجيا,معلوماتي
ما هي العوامل التي تؤدي إلى التغير المناخي؟,تحليل,البيئة والطاقة,معلوماتي
ما هي التحديات التي تواجه الأمن السيبراني؟,تحليل,التكنولوجيا,معلوماتي
ما هي العوامل المؤثرة في النمو الاقتصادي؟,تحليل,الاقتصاد والعمل,معلوماتي
ما هي الخصائص الأساسية للدولة الديمقراطية؟,تحليل,السياسة والقانون,معلوماتي
ما هي العوامل التي تؤدي إلى التغيرات المناخية؟,تحليل,البيئة والطاقة,معلوماتي
ما هي العناصر الأساسية في الأدب الكلاسيكي؟,تحليل,الثقافة,معلوماتي
ما هي التحديات التي تواجه التنمية المستدامة؟,تحليل,البيئة والطاقة,معلوماتي
ما هي العناصر الأساسية في الهندسة المعمارية الحديثة؟,تحليل,التكنولوجيا,معلوماتي
ما هي التحديات التي تواجه الاقتصاد العالمي؟,تحليل,الاقتصاد والعمل,معلوماتي
ما هي العوامل التي تؤثر على النمو السكاني؟,تحليل,علم الاجتماع,معلوماتي
ما هي العوامل التي تؤدي إلى زيادة الإنتاجية؟,تحليل,الاقتصاد والعمل,معلوماتي
ما هي العوامل التي تؤدي إلى النجاح في الأعمال التجارية؟,تحليل,الاقتصاد والعمل,معلوماتي
ما هي العوامل التي تؤثر على جودة التعليم؟,تحليل,التعليم,معلوماتي
ما هي العوامل التي تؤدي إلى تحسن الاقتصاد؟,تحليل,الاقتصاد والعمل,معلوماتي
ما هي العناصر الأساسية للنظام البيئي؟,تحليل,البيئة والطاقة,معلوماتي
ما هي الأسباب الرئيسية للتغير المناخي؟,تحليل,البيئة والطاقة,معلوماتي
ما هي العوامل التي تؤدي إلى زيادة نسبة التوظيف؟,تحليل,الاقتصاد والعمل,معلوماتي
ما هي العوامل التي تؤثر على الصحة العقلية؟,تحليل,الصحة,معلوماتي
ما هي العوامل التي تؤثر على النمو الاقتصادي في الدول النامية؟,تحليل,الاقتصاد والعمل,معلوماتي
ما هي التحديات التي تواجه التعليم في المناطق الريفية؟,تحليل,التعليم,معلوماتي
ما هي التحديات التي تواجه الزراعة العضوية؟,تحليل,البيئة والطاقة,معلوماتي
ما هي العوامل التي تؤثر على جودة المياه؟,تحليل,البيئة والطاقة,معلوماتي
ما هي العوامل التي تؤدي إلى التغير المناخي؟,تحليل,البيئة والطاقة,معلوماتي
ما هي التحديات التي تواجه التنمية المستدامة في المناطق الحضرية؟,تحليل,البيئة والطاقة,معلوماتي
ما هي العناصر الأساسية لنظام الرعاية الصحية الناجح؟,تحليل,الصحة,معلوماتي
ما هي العوامل التي تؤثر على استقرار الاقتصاد العالمي؟,تحليل,الاقتصاد والعمل,معلوماتي
ما هي العوامل التي تؤثر على التعليم العالي في الدول النامية؟,تحليل,التعليم,معلوماتي
ما هي العوامل التي تؤثر على التغير المناخي؟,تحليل,البيئة والطاقة,معلوماتي
ما هي العوامل التي تؤثر على النمو الاقتصادي؟,تحليل,الاقتصاد والعمل,معلوماتي
ما هي العوامل التي تؤثر على الصحة العامة؟,تحليل,الصحة,معلوماتي
ما هي العوامل التي تؤثر على التنمية المستدامة؟,تحليل,البيئة والطاقة,معلوماتي
ما هي العوامل التي تؤثر على الاستقرار السياسي؟,تحليل,السياسة والقانون,معلوماتي
ما هي العوامل التي تؤثر على جودة المياه؟,تحليل,البيئة والطاقة,معلوماتي
ما هي طرق الوقاية من الأمراض المعدية؟,تقييم,الصحة,معلوماتي
"ماذا يعني مصطلح ""الاقتصاد الأخضر""؟",تحليل,الاقتصاد والعمل,معلوماتي
"ماذا يعني مصطلح ""الذكاء الاصطناعي""؟",تحليل,التكنولوجيا,معلوماتي
ماذا تعرف عن عملية التمثيل الضوئي؟,تحليل,البيئة والطاقة,معلوماتي
"ماذا يعني مصطلح ""الاقتصاد الرقمي""؟",تحليل,التكنولوجيا,معلوماتي
"ماذا يعني مصطلح ""التنوع البيولوجي""؟",تحليل,البيئة والطاقة,معلوماتي
ماذا تشمل عملية التطوير المستدام؟,تحليل,البيئة والطاقة,معلوماتي
فيم يستخدم الغاز الطبيعي بشكل رئيسي؟,فهم,الاقتصاد والعمل,معلوماتي
عم يساهم إعادة التدوير في حماية البيئة؟,تحليل,البيئة والطاقة,معلوماتي
اذكر أهم مكونات النظام الشمسي.,معرفة,العلوم,معلوماتي
اذكر بعض التطبيقات العملية للذكاء الاصطناعي.,معرفة,التكنولوجيا,معلوماتي
حدد أبرز مزايا وعيوب الطاقة النووية.,معرفة,البيئة والطاقة,معلوماتي
استعرض التطورات الأخيرة في علم الوراثة.,فهم,العلوم,معلوماتي
ما هي العوامل التي تؤثر على سرعة الضوء؟,تحليل,العلوم,معلوماتي
استكشف تطبيقات الذكاء الاصطناعي في الرعاية الصحية.,معرفة,التكنولوجيا,معلوماتي
فيم تُستخدم تقنية البلوك تشين؟,تحليل,التكنولوجيا,معلوماتي
استعرض تطور تكنولوجيا الهواتف الذكية من الجيل الأول إلى الجيل الخامس.,فهم,التكنولوجيا,معلوماتي
أعط أمثلة على استخدامات الذكاء الاصطناعي في مجال التعليم.,معرفة,التكنولوجيا,معلوماتي
قِس مدى تأثير وسائل التواصل الاجتماعي على المجتمع.,تقييم,الثقافة,معلوماتي
راجع أحدث الاتجاهات في تكنولوجيا المعلومات.,معرفة,التكنولوجيا,معلوماتي
أين يمكن تطبيق مفاهيم إدارة المشاريع بنجاح؟,فهم,الاقتصاد والعمل,معلوماتي
حدد العوامل الرئيسية التي تؤثر على نمو الاقتصاد العالمي.,فهم,الاقتصاد والعمل,معلوماتي
قيم تأثير تغييرات المناخ على النظم البيئية البحرية.,تقييم,البيئة والطاقة,معلوماتي
حدد أهم أسباب التصحر في مناطق شبه صحراوية.,معرفة,البيئة والطاقة,معلوماتي
استعرض الأساليب الحديثة في معالجة المياه العادمة.,معرفة,البيئة والطاقة,معلوماتي
ما هي فوائد استخدام الطاقة الشمسية؟,تحليل,البيئة والطاقة,معلوماتي
متى يجب القيام بالصيانة الدورية للآلات الثقيلة؟,معرفة,التكنولوجيا,معلوماتي
استعرض تقنيات الشبكات العصبية في التعلم العميق.,معرفة,التكنولوجيا,معلوماتي
فيم تُستخدم أجهزة الاستشعار في الزراعة الحديثة؟,تحليل,البيئة والطاقة,معلوماتي
استعرض أحدث الابتكارات في مجال السيارات الكهربائية.,معرفة,التكنولوجيا,معلوماتي
حدد العوامل التي تؤثر على جودة الهواء في المدن الكبيرة.,معرفة,البيئة والطاقة,معلوماتي
ما هي فوائد التعليم عن بُعد؟,تحليل,التعليم,معلوماتي
فيم تُستخدم الألياف الضوئية في الاتصالات؟,تحليل,التكنولوجيا,معلوماتي
استعرض التحديات التي تواجه الذكاء الاصطناعي في الطب.,معرفة,التكنولوجيا,معلوماتي
استعرض أحدث التطورات في تكنولوجيا الطائرات بدون طيار.,معرفة,التكنولوجيا,معلوماتي
حدد العوامل التي تؤثر على سرعة الإنترنت في المناطق الريفية.,معرفة,التكنولوجيا,معلوماتي
ما هي التحديات الرئيسية في تنفيذ سياسة الطاقة المتجددة؟,تحليل,البيئة والطاقة,معلوماتي
فيم يتم استخدام تقنيات الذكاء الاصطناعي في الرعاية الصحية؟,تحليل,الصحة,معلوماتي
استعرض تأثير التكنولوجيا على أساليب التعليم في العقد الأخير.,معرفة,التعليم,معلوماتي
ما هي العوامل التي تؤثر على نمو النباتات في البيئات القاحلة؟,تحليل,البيئة والطاقة,معلوماتي
استعرض الفوائد البيئية لاستخدام وسائل النقل العام بدلاً من السيارات الخاصة.,تحليل,البيئة والطاقة,معلوماتي
ما هي المكونات الأساسية للخلية البشرية؟,معرفة,البيولوجيا,معلوماتي
ما هي العوامل التي تؤثر على نمو الاقتصاد في الدول النامية؟,تحليل,الاقتصاد والعمل,معلوماتي
فيم تُستخدم تقنيات الطباعة ثلاثية الأبعاد في الصناعة؟,تحليل,التكنولوجيا,معلوماتي
ما هي التحديات التي تواجه الزراعة في المناطق القاحلة؟,تحليل,البيئة والطاقة,معلوماتي
ما هي المزايا الاقتصادية للتحول إلى الطاقة المتجددة؟,تحليل,البيئة والطاقة,معلوماتي
ما هي الفوائد الصحية للنشاط البدني المنتظم؟,تحليل,الصحة,معلوماتي
فيم تُستخدم تقنية النانو في الطب؟,تحليل,التكنولوجيا,معلوماتي
ما هي أسباب تلوث المياه العذبة؟,تحليل,البيئة والطاقة,معلوماتي
ما هي أسباب ظاهرة الاحتباس الحراري؟,تحليل,البيئة والطاقة,معلوماتي
ما هي أهم العوامل المؤثرة في جودة الهواء؟,تحليل,البيئة والطاقة,معلوماتي
ما هي التحديات التي تواجه الطاقة المتجددة؟,تحليل,البيئة والطاقة,معلوماتي
ما هي العوامل التي تؤدي إلى التصحر؟,تحليل,البيئة والطاقة,معلوماتي
ما هي أبرز مزايا استخدام الطاقة الشمسية؟,تحليل,البيئة والطاقة,معلوماتي
ما هي أبرز التحديات التي تواجه الأمن السيبراني؟,تحليل,التكنولوجيا,معلوماتي
ما هي العوامل المؤثرة على المناخ؟,تحليل,البيئة والطاقة,معلوماتي
إلام تهدف اتفاقية باريس للمناخ؟,تحليل,السياسة والقانون,معلوماتي
بم تتأثر جودة الهواء في المدن الكبرى؟,تحليل,البيئة والطاقة,معلوماتي
عم يتكون الغلاف الجوي للأرض؟,فهم,العلوم,معلوماتي
مم يتكون قلب الإنسان؟,فهم,البيولوجيا,معلوماتي
اذكر أهم الأهداف التي تحققها الزراعة المستدامة.,معرفة,البيئة والطاقة,معلوماتي
اعط مثالاً على تأثيرات التغير المناخي على الحياة البحرية.,تحليل,البيئة والطاقة,معلوماتي
ما هي العوامل التي تؤثر على جودة التعليم؟,تحليل,التعليم,معلوماتي
فيم تستخدم تقنيات الذكاء الاصطناعي في الطب؟,تحليل,التكنولوجيا,معلوماتي
بم يتأثر معدل التحصيل الدراسي لدى الطلاب؟,تحليل,التعليم,معلوماتي
ما هي التحديات التي تواجه التعليم الإلكتروني؟,تحليل,التعليم,معلوماتي
فيم يُستخدم الذكاء الاصطناعي في تحسين الخدمات اللوجستية؟,تحليل,التكنولوجيا,معلوماتي
بم تُعالج المياه لتكون صالحة للشرب؟,تحليل,الصحة,معلوماتي
عم تعتمد أنظمة التعليم الحديثة؟,تحليل,التعليم,معلوماتي
مم تتكون خلايا الدم الحمراء؟,فهم,البيولوجيا,معلوماتي
إلام تهدف الجهود العالمية للحد من التغير المناخي؟,تحليل,البيئة والطاقة,معلوماتي
ما هي المبادئ الأساسية للديمقراطية؟,تحليل,السياسة والقانون,معلوماتي
رتب المراحل الأساسية لتطوير البرمجيات.,تطبيق,التكنولوجيا,معلوماتي
ما هي أهم خصائص النباتات الصحراوية؟,تحليل,البيولوجيا,معلوماتي
رتب خطوات معالجة المياه العادمة.,تطبيق,البيئة والطاقة,معلوماتي
ما هي الأضرار الناتجة عن تلوث الهواء؟,تحليل,البيئة والطاقة,معلوماتي
اذكر ثلاثة استخدامات لتقنية النانو.,معرفة,التكنولوجيا,معلوماتي
ما هي التحديات الرئيسية التي تواجه الزراعة المستدامة؟,تحليل,البيئة والطاقة,معلوماتي
عدد الفوائد الصحية للنشاط البدني المنتظم.,معرفة,الصحة,معلوماتي
مم تتكون الغازات الدفيئة؟,فهم,البيئة والطاقة,معلوماتي
ما هي الأسباب الرئيسية لزيادة معدلات السمنة؟,تحليل,الصحة,معلوماتي
ما هي الخصائص الفيزيائية للماء؟,معرفة,العلوم,معلوماتي
عدد العوامل التي تؤثر على المناخ العالمي.,تحليل,البيئة والطاقة,معلوماتي
ما هي فوائد ممارسة الرياضة بانتظام؟,تحليل,الصحة,معلوماتي
لم تتغير درجات الحرارة العالمية بشكل ملحوظ خلال القرن الماضي؟,تحليل,البيئة والطاقة,معلوماتي
ما هي الفوائد الصحية لممارسة الرياضة بانتظام؟,تحليل,الصحة,معلوماتي
مم يتكون الغلاف الجوي للأرض؟,فهم,العلوم,معلوماتي
بم يتم تنظيف المياه في محطات التحلية؟,تحليل,البيئة والطاقة,معلوماتي
لم تؤدي الانبعاثات الكربونية إلى تغير المناخ؟,تحليل,البيئة والطاقة,معلوماتي
عدد فوائد استخدام الطاقة الشمسية.,معرفة,البيئة والطاقة,معلوماتي
ما هي العوامل التي تؤثر على التغير المناخي؟,تحليل,البيئة والطاقة,معلوماتي
رتب خطوات إنتاج الطاقة من الرياح.,تطبيق,البيئة والطاقة,معلوماتي
عدد فوائد التعليم عن بعد.,معرفة,التعليم,معلوماتي
ما هي أهم فوائد الزراعة العضوية؟,تحليل,البيئة والطاقة,معلوماتي
رتب المراحل الأساسية لتطوير منتج جديد.,تطبيق,الاقتصاد والعمل,معلوماتي
ما هي التحديات التي تواجه المدن الذكية؟,تحليل,التكنولوجيا,معلوماتي
ما هي العوامل التي تؤثر في تآكل التربة؟,تحليل,البيئة والطاقة,معلوماتي
بم تقاس درجة حرارة جسم الإنسان؟,معرفة,الصحة,معلوماتي
لم لم يحدث انقراض الديناصورات بشكل مفاجئ؟,تحليل,العلوم,معلوماتي
ما هي الأعضاء الرئيسية في جسم الإنسان؟,معرفة,البيولوجيا,معلوماتي
بم يتم قياس ضغط الدم؟,معرفة,الصحة,معلوماتي
ما هي المكونات الرئيسية لجهاز الحاسوب؟,معرفة,التكنولوجيا,معلوماتي
بم تُقاس الكتلة في النظام الدولي للوحدات؟,معرفة,العلوم,معلوماتي
ما هي أنواع الطاقة المتجددة؟,معرفة,البيئة والطاقة,معلوماتي
بم يتم قياس شدة الزلازل؟,معرفة,العلوم,معلوماتي
بم يُقاس التيار الكهربائي؟,معرفة,العلوم,معلوماتي
ما هو تأثير التكنولوجيا على التواصل الاجتماعي؟,تحليل,التكنولوجيا,معلوماتي
رتب الخطوات الرئيسية لمعالجة البيانات الكبيرة.,تطبيق,التكنولوجيا,معلوماتي
ما هي أكبر قارة من حيث المساحة؟,معرفة,الجغرافيا,معلوماتي
بم يتم قياس سرعة الضوء؟,معرفة,العلوم,معلوماتي
ما هي الأسباب الرئيسية للتغير المناخي؟,تحليل,البيئة والطاقة,معلوماتي
ما هي الأسباب التي تؤدي إلى تلوث المياه؟,تحليل,البيئة والطاقة,معلوماتي
بم يُقاس الضغط الجوي؟,معرفة,العلوم,معلوماتي
رتب خطوات دورة الماء في الطبيعة.,تطبيق,البيئة والطاقة,معلوماتي
بم تُقاس المسافة بين النجوم؟,معرفة,العلوم,معلوماتي
ما هي الفوائد البيئية لإعادة التدوير؟,تحليل,البيئة والطاقة,معلوماتي
ما هي المبادئ الأساسية لحقوق الإنسان؟,معرفة,السياسة والقانون,معلوماتي
ما هو الدور الذي تلعبه الغابات في النظام البيئي؟,تحليل,البيئة والطاقة,معلوماتي
ما هي الأسباب الرئيسية لظاهرة الاحتباس الحراري؟,تحليل,البيئة والطاقة,معلوماتي
ما هي العوامل المؤثرة في توزيع السكان؟,تحليل,الجغرافيا,معلوماتي
بم يُقاس الصوت؟,معرفة,العلوم,معلوماتي
ما هو دور الحكومات في حماية البيئة؟,تحليل,البيئة والطاقة,معلوماتي
بم يُقاس معدل نبضات القلب؟,معرفة,الصحة,معلوماتي
ما هي المراحل الأساسية لتطور الإنسان؟,معرفة,العلوم,معلوماتي
رتب المراحل الأساسية للثورة الصناعية.,تطبيق,التاريخ,معلوماتي
ما هي الخصائص الفيزيائية للماء؟,معرفة,العلوم,معلوماتي
بم يُقاس التيار الكهربائي؟,معرفة,العلوم,معلوماتي
ما هو دور الإنزيمات في الجسم؟,تحليل,البيولوجيا,معلوماتي
ما هي الأنواع الرئيسية للطاقة المتجددة؟,معرفة,البيئة والطاقة,معلوماتي
بم يُقاس الزمن؟,معرفة,العلوم,معلوماتي
رتب المراحل الرئيسية لدورة المياه في الطبيعة.,تطبيق,البيئة والطاقة,معلوماتي
ما هو الغاز الرئيسي في الغلاف الجوي للأرض؟,معرفة,العلوم,معلوماتي
ما هي العناصر الأساسية في علم الأحياء؟,معرفة,البيولوجيا,معلوماتي
بم يُقاس الزمن الفلكي؟,معرفة,العلوم,معلوماتي
ما هو الدور الذي تلعبه البروتينات في جسم الإنسان؟,تحليل,البيولوجيا,معلوماتي
رتب الأحداث الرئيسية للثورة الفرنسية.,تطبيق,التاريخ,معلوماتي
ما هي مكونات الهواء الجوي؟,معرفة,العلوم,معلوماتي
رتب الأحداث التاريخية لنهضة أوروبا.,تطبيق,التاريخ,معلوماتي
بم يُقاس الضغط الجوي؟,معرفة,العلوم,معلوماتي
ما هي العوامل المؤثرة في مناخ المنطقة؟,معرفة,الجغرافيا,معلوماتي
ما هو دور الحكومة في تنظيم الاقتصاد؟,تحليل,الاقتصاد والعمل,معلوماتي
رتب المراحل الأساسية لتطور اللغة الإنجليزية.,تطبيق,الثقافة,معلوماتي
ما هو الدور الذي تلعبه المياه في النظام البيئي؟,تحليل,البيئة والطاقة,معلوماتي
بم يُقاس التيار الكهربائي في الدائرة الكهربائية؟,معرفة,العلوم,معلوماتي
رتب خطوات عملية الهضم في جسم الإنسان.,تطبيق,البيولوجيا,معلوماتي
ما هي العناصر الأساسية للتغذية الصحية؟,معرفة,الصحة,معلوماتي
بم يُقاس الطول في النظام المتري؟,معرفة,العلوم,معلوماتي
ما هو دور البروتينات في الجسم؟,تحليل,البيولوجيا,معلوماتي
بم يُقاس التردد في الموجات الصوتية؟,معرفة,العلوم,معلوماتي
رتب مراحل عملية البناء الضوئي في النباتات.,تطبيق,البيولوجيا,معلوماتي
ما هي فوائد الزراعة العضوية؟,تحليل,البيئة والطاقة,معلوماتي
ما هي العناصر المكونة للحمض النووي؟,معرفة,البيولوجيا,معلوماتي
بم يُقاس الضغط الجوي؟,معرفة,العلوم,معلوماتي
رتب مراحل دورة حياة النجوم.,تطبيق,العلوم,معلوماتي
ما هو تأثير استخدام الأسمدة الكيميائية على التربة؟,تحليل,البيئة والطاقة,معلوماتي
ما هو تأثير استخدام الأسمدة الكيميائية على التربة؟,تحليل,البيئة والطاقة,معلوماتي
بم يُقاس التيار الكهربائي في الدوائر الكهربائية؟,معرفة,العلوم,معلوماتي
رتب مراحل عملية الهضم في جسم الإنسان.,تطبيق,البيولوجيا,معلوماتي
ما هي العوامل المؤثرة في توزيع السكان؟,تحليل,الجغرافيا,معلوماتي
بم يُقاس معدل ضربات القلب؟,معرفة,الصحة,معلوماتي
رتب مراحل نمو الإنسان من الطفولة حتى البلوغ.,تطبيق,البيولوجيا,معلوماتي
ما هي أهمية الغلاف الجوي للأرض؟,تحليل,البيئة والطاقة,معلوماتي
بم يُقاس معدل تدفق الدم في الأوعية الدموية؟,معرفة,الصحة,معلوماتي
رتب مراحل دورة حياة الضفدع.,تطبيق,البيولوجيا,معلوماتي
ما هي المراحل الرئيسية للتطور البشري؟,معرفة,العلوم,معلوماتي
بم يُقاس ضغط الهواء؟,معرفة,العلوم,معلوماتي
رتب مراحل عملية التمثيل الضوئي.,تطبيق,البيولوجيا,معلوماتي
ما هو تأثير الاحتباس الحراري على الحياة البرية؟,تحليل,البيئة والطاقة,معلوماتي
بم يُقاس الحموضة في السوائل؟,معرفة,العلوم,معلوماتي
رتب مراحل دورة حياة الفراشة.,تطبيق,البيولوجيا,معلوماتي
ما هي مكونات الخلية الحيوانية؟,معرفة,البيولوجيا,معلوماتي
بم يُقاس التيار الكهربائي في الدائرة؟,معرفة,العلوم,معلوماتي
رتب مراحل دورة المياه في الطبيعة.,تطبيق,الجغرافيا,معلوماتي
ما هو الدور الذي تلعبه الميتوكوندريا في الخلية؟,تحليل,البيولوجيا,معلوماتي
بم يُقاس الزمن في الفيزياء؟,معرفة,العلوم,معلوماتي
رتب خطوات تحليل البيانات في البحث العلمي.,تطبيق,التعليم,معلوماتي
ما هي العوامل التي تؤثر على المناخ العالمي؟,تحليل,الجغرافيا,معلوماتي
بم يُقاس وزن الجسم؟,معرفة,العلوم,معلوماتي
رتب مراحل معالجة البيانات في الحاسوب.,تطبيق,التكنولوجيا,معلوماتي
ما هو الغرض من استخدام الأقمار الصناعية؟,تحليل,التكنولوجيا,معلوماتي
بم يُقاس الضغط في السوائل؟,معرفة,العلوم,معلوماتي
رتب مراحل الثورة الصناعية في أوروبا.,تطبيق,التاريخ,معلوماتي
ما هي الأسباب الرئيسية للاحتباس الحراري؟,تحليل,البيئة والطاقة,معلوماتي
بم يُقاس معدل تدفق الدم؟,معرفة,الصحة,معلوماتي
رتب خطوات عملية تدوير الورق.,تطبيق,البيئة والطاقة,معلوماتي
ما هو تأثير التلوث الصناعي على صحة الإنسان؟,تحليل,الصحة,معلوماتي
بم يُقاس التوتر السطحي للسائل؟,معرفة,العلوم,معلوماتي
رتب خطوات عملية معالجة المياه.,تطبيق,البيئة والطاقة,معلوماتي
ما هي العوامل التي تؤدي إلى تغير المناخ؟,تحليل,البيئة والطاقة,معلوماتي
بم يُقاس الضغط الجوي؟,معرفة,العلوم,معلوماتي
رتب خطوات عملية البناء الضوئي.,تطبيق,البيولوجيا,معلوماتي
فيمَ يختلف الدماغ البشري عن أدمغة الحيوانات الأخرى؟,تحليل,العلوم,مقارنة
فيمَ تختلف الثقافات بين الشعوب؟,فهم,الثقافة,مقارنة
فيمَ تختلف أنواع الفنون؟,فهم,الثقافة,مقارنة
فيمَ تختلف أنواع المناخات؟,فهم,العلوم,مقارنة
فيمَ تختلف أنواع النباتات؟,فهم,العلوم,مقارنة
فيمَ تختلف أنواع الطاقة؟,فهم,العلوم,مقارنة
قارن بين المناخ والطقس.,تحليل,العلوم,مقارنة
قارن بين الأدب النثري والشعري.,تحليل,الثقافة,مقارنة
ما الذي يميز نبات الخيزران عن غيره؟,فهم,العلوم,مقارنة
ما الذي يميز الكتاب الإلكتروني عن المطبوع؟,فهم,التكنولوجيا,مقارنة
ما الفرق بين الكتاب الإلكتروني والكتاب المطبوع؟,معرفة,التكنولوجيا,مقارنة
ميز بين الخريف والشتاء من حيث درجات الحرارة.,فهم,العلوم,مقارنة
ميز بين الطاقة المتجددة والطاقة اللا متجددة.,فهم,العلوم,مقارنة
ميِّز بينَ التعليمِ التقليدي والتعليمِ الإلكتروني.,تحليل,التعليم,مقارنة
ميِّز بينَ التعليمِ العالي والتعليمِ المهني.,تحليل,التعليم,مقارنة
ميِّز بينَ الأدبِ والشعر.,تحليل,الثقافة,مقارنة
ميِّز بينَ الأدبِ العربي والأدبِ الإنجليزي.,تحليل,الثقافة,مقارنة
ميِّز بينَ الأدبِ العربي والأدبِ الغربي.,تحليل,الثقافة,مقارنة
ميِّز بينَ الأدبِ العربي والأدبِ الغربي.,تحليل,الثقافة,مقارنة
ميِّز بينَ الرياضةِ الفردية والجماعية.,تحليل,الرياضة,مقارنة
ميِّز بينَ الرياضةِ الفردية والرياضةِ الجماعية.,تحليل,الرياضة,مقارنة
ميِّز بينَ الأكلِ الصحي والأكلِ السريع.,تحليل,الصحة,مقارنة
ميِّز بينَ العملِ الحر والعملِ المكتبي.,تحليل,الاقتصاد والعمل,مقارنة
ميِّز بينَ العملِ المكتبي والعملِ الميداني.,تحليل,الاقتصاد والعمل,مقارنة
ميِّز بينَ التطوعِ والعملِ المأجور.,تحليل,الاقتصاد والعمل,مقارنة
ميِّز بينَ العملِ التطوعي والعملِ المأجور.,تحليل,الاقتصاد والعمل,مقارنة
ميِّز بينَ السفرِ للترفيه والسفرِ للعمل.,تحليل,السفر والسياحة,مقارنة
ميِّز بينَ السفرِ والرحلاتِ اليومية.,تحليل,السفر والسياحة,مقارنة
ميِّز بينَ الفنونِ الجميلة والفنونِ التطبيقية.,تحليل,الثقافة,مقارنة
ميِّز بينَ الفنونِ الجميلة والفنونِ التطبيقية.,تحليل,الثقافة,مقارنة
ميِّز بينَ الفنونِ التقليدية والفنونِ الحديثة.,تحليل,الثقافة,مقارنة
ميِّز بينَ الموسيقى الكلاسيكية والموسيقى الحديثة.,تحليل,الثقافة,مقارنة
ميِّز بينَ الموسيقى الكلاسيكية والموسيقى الشعبية.,تحليل,الثقافة,مقارنة
ميِّز بينَ الصداقةِ والزمالة.,تحليل,الثقافة,مقارنة
ميِّز بينَ الأصدقاءِ والزملاء.,تحليل,الثقافة,مقارنة
ميِّز بينَ القراءةِ والكتابة.,تحليل,الثقافة,مقارنة
ميِّز بينَ القراءةِ والاستماعِ للكتب.,تحليل,الثقافة,مقارنة
ميز بينَ الرياضةِ والنشاطاتِ الثقافية.,تحليل,الثقافة,مقارنة
ميِّز بينَ الطبيعةِ والمدن.,تحليل,الثقافة,مقارنة
ميِّز بينَ الطبيعةِ والمدن.,تحليل,الثقافة,مقارنة
ميِّز بينَ الرياضياتِ والفيزياء.,تحليل,العلوم,مقارنة
ميِّز بينَ الرياضياتِ والفيزياء.,تحليل,العلوم,مقارنة
ميِّزْ بين النظرية والفرضية.,تقييم,العلوم,مقارنة
ميِّزْ بين الفعل الماضي والفعل المضارع.,تحليل,الثقافة,مقارنة
ميِّزْ بين الدولة والمدينة.,تحليل,الثقافة,مقارنة
ميِّزْ بين الطقس والمناخ.,تحليل,العلوم,مقارنة
ميِّزْ بين الفلزات واللافلزات.,تحليل,العلوم,مقارنة
ميِّزْ بين الضمير المتصل والمنفصل.,تحليل,الثقافة,مقارنة
ميِّزْ بين الثقافة والتقاليد.,تحليل,الثقافة,مقارنة
ميِّزْ بين الرواية والقصة القصيرة.,تحليل,الثقافة,مقارنة
ميِّزْ بين الدماغ والحاسوب.,تحليل,العلوم,مقارنة
ميِّزْ بين الخلية النباتية والحيوانية.,تحليل,العلوم,مقارنة
ميِّزْ بين الشعر والنثر.,تحليل,الثقافة,مقارنة
ميِّزْ بين الاقتصاد الكلي والاقتصاد الجزئي.,تحليل,الاقتصاد والعمل,مقارنة
ميِّزْ بين النظرية والتطبيق.,تحليل,العلوم,مقارنة
ميِّزْ بين التعليم الرسمي وغير الرسمي.,تحليل,التعليم,مقارنة
ميِّزْ بين الفنون الجميلة والفنون التطبيقية.,تحليل,الثقافة,مقارنة
ميِّزْ بين المادة والطاقة.,تحليل,العلوم,مقارنة
ميِّزْ بين المناهج الدراسية والتعلم الذاتي.,تحليل,التعليم,مقارنة
ميِّزْ بين النباتات الزهرية والنباتات اللازهرية.,تحليل,العلوم,مقارنة
ميِّزْ بين الديمقراطية والديكتاتورية.,تحليل,السياسة والقانون,مقارنة
ميِّزْ بين العناصر والمركبات.,تحليل,العلوم,مقارنة
ميِّزْ بين الأدب القديم والأدب الحديث.,تحليل,الثقافة,مقارنة
ميِّزْ بين النظافة الشخصية والصحية.,تحليل,الصحة,مقارنة
ميِّزْ بين الحضارة والثقافة.,تحليل,الثقافة,مقارنة
ميِّزْ بين التعليم العالي والتعليم الأساسي.,تحليل,التعليم,مقارنة
ميِّزْ بين البروتينات والكربوهيدرات.,تحليل,العلوم,مقارنة
ميِّزْ بين الشعر العمودي والشعر الحر.,تحليل,الثقافة,مقارنة
ميِّزْ بين المواد الصلبة والسائلة.,تحليل,العلوم,مقارنة
ميِّزْ بين السياسة الداخلية والسياسة الخارجية.,تحليل,السياسة والقانون,مقارنة
ميِّزْ بين الكائنات الحية وغير الحية.,تحليل,العلوم,مقارنة
ميِّزْ بين الفعل المبني للمعلوم والمبني للمجهول.,تحليل,الثقافة,مقارنة
ميِّزْ بين الحروب العالمية والحروب الأهلية.,تحليل,التاريخ,مقارنة
ميِّزْ بين النثر الأدبي والنثر العلمي.,تحليل,الثقافة,مقارنة
ميِّزْ بين الرياضيات والهندسة.,تحليل,العلوم,مقارنة
ميِّزْ بين وسائل الإعلام التقليدية والحديثة.,تحليل,الثقافة,مقارنة
ميِّزْ بين التلوث البيئي والتلوث الضوضائي.,تحليل,البيئة والطاقة,مقارنة
ميِّزْ بين الأدب العربي والأدب العالمي.,تحليل,الثقافة,مقارنة
ميِّزْ بين الطباعة التقليدية والطباعة ثلاثية الأبعاد.,تحليل,التكنولوجيا,مقارنة
ميِّزْ بين الجبال والهضاب.,تحليل,العلوم,مقارنة
ميِّزْ بين الفعل اللازم والفعل المتعدي.,تحليل,الثقافة,مقارنة
ميِّزْ بين الثورة الصناعية والثورة الزراعية.,تحليل,التاريخ,مقارنة
ميِّزْ بين النصوص الأدبية والنصوص العلمية.,تحليل,الثقافة,مقارنة
ميِّزْ بين التعليم الإلكتروني والتعليم التقليدي.,تحليل,التعليم,مقارنة
ميِّزْ بين الحقول الزراعية والمراعي.,تحليل,العلوم,مقارنة
ميِّزْ بين الشعر الجاهلي والشعر الإسلامي.,تحليل,الثقافة,مقارنة
ميِّزْ بين الأنظمة الاقتصادية الاشتراكية والرأسمالية.,تحليل,الاقتصاد والعمل,مقارنة
ميِّزْ بين الأدب الشعبي والأدب الكلاسيكي.,تحليل,الثقافة,مقارنة
ميِّزْ بين المواد العضوية وغير العضوية.,تحليل,العلوم,مقارنة
ميِّزْ بين التعليم الحكومي والتعليم الخاص.,تحليل,التعليم,مقارنة
ميِّزْ بين الفلك والتنجيم.,تحليل,العلوم,مقارنة
ميِّزْ بين الفعل الرباعي والفعل الثلاثي.,تحليل,الثقافة,مقارنة
ميِّزْ بين النظرية والفرضية.,تحليل,التعليم,مقارنة
ميِّزْ بين الدولة والمدينة.,تحليل,الجغرافيا,مقارنة
ميِّزْ بين الفعل الماضي والفعل المضارع.,تحليل,التعليم,مقارنة
ميز بين النظام البرلماني والنظام الرئاسي في الحكم.,تحليل,السياسة والقانون,مقارنة
قارن بين النظامين الصحيين في كندا والولايات المتحدة.,تحليل,الصحة,مقارنة
قارن بين النموذج الاقتصادي التقليدي والنموذج المستدام.,تحليل,الاقتصاد والعمل,مقارنة
قارن بين خصائص الموجات الصوتية والموجات الضوئية.,تحليل,العلوم,مقارنة
قارن بين التعليم التقليدي والتعليم عن بُعد من حيث الكفاءة والمرونة.,تحليل,التعليم,مقارنة
قارن بين المناخ في المناطق الاستوائية والمناطق الصحراوية.,تحليل,الجغرافيا,مقارنة
قارن بين نظام التعليم في اليابان ونظام التعليم في فنلندا.,تحليل,التعليم,مقارنة
قارن بين نظام الرعاية الصحية في كندا والولايات المتحدة من حيث التغطية الصحية والتكاليف.,تحليل,الصحة,مقارنة
قارن بين الزراعة التقليدية والزراعة العضوية من حيث الإنتاج والتأثير البيئي.,تحليل,البيئة والطاقة,مقارنة
قارن بين النمو الاقتصادي في الصين والهند خلال العقدين الماضيين.,تحليل,الاقتصاد والعمل,مقارنة
بم تتميز الزراعة العضوية عن الزراعة التقليدية؟,تحليل,البيئة والطاقة,مقارنة
قارن بين التعليم التقليدي والتعليم عن بُعد من حيث الكفاءة والمرونة.,تحليل,التعليم,مقارنة
قارن بين المناخ الصحراوي والمناخ المداري من حيث درجة الحرارة وهطول الأمطار.,تحليل,الجغرافيا,مقارنة
بم تتميز الألياف الضوئية عن الأسلاك التقليدية في نقل البيانات؟,تحليل,التكنولوجيا,مقارنة
بم يتميز التعليم الإلكتروني عن التعليم التقليدي؟,تحليل,التعليم,مقارنة
وضح الفرق بين الطاقة المتجددة والطاقة غير المتجددة.,تحليل,البيئة والطاقة,مقارنة
قارن بين النمو الاقتصادي والتنمية الاقتصادية.,تحليل,الاقتصاد والعمل,مقارنة
بين الفرق بين نظرية النسبية العامة والخاصة.,تحليل,العلوم,مقارنة
قارن بين أنواع الطاقة المتجددة والطاقة غير المتجددة.,تحليل,البيئة والطاقة,مقارنة
ما الفرق بين الكائنات الحية وحيدة الخلية ومتعددة الخلايا؟,معرفة,العلوم,مقارنة
حدد الفروقات الأساسية بين أنظمة التشغيل Windows وLinux.,تحليل,التكنولوجيا,مقارنة
قارن بين الأنظمة الديمقراطية والأنظمة الاستبدادية.,تقييم,السياسة والقانون,مقارنة
وضح الفرق بين التكرار والتحليل في البحث العلمي.,فهم,التعليم,مقارنة
قارن بين نظرية الانفجار العظيم ونظرية الحالة الثابتة.,تحليل,العلوم,مقارنة
وضح تأثير استخدام البلاستيك على البيئة البحرية.,تحليل,البيئة والطاقة,مقارنة
قارن بين الأنظمة البيئية للأراضي الرطبة والأراضي الجافة.,تحليل,البيئة والطاقة,مقارنة
وضح الفرق بين تكنولوجيا المعلومات وتكنولوجيا الحوسبة.,تحليل,التكنولوجيا,مقارنة
قارن بين تأثيرات التلوث الهوائي والتلوث المائي على البيئة.,تحليل,البيئة والطاقة,مقارنة
وضح الفرق بين التشفير الكلاسيكي والتشفير الحديث.,تحليل,التكنولوجيا,مقارنة
فيم تختلف الزراعة العضوية عن الزراعة التقليدية؟,تحليل,البيئة والطاقة,مقارنة
فيم يختلف التعليم التقليدي عن التعليم الإلكتروني؟,تحليل,التعليم,مقارنة
ميز بين التعليم الإلكتروني والتعليم التقليدي.,تحليل,التعليم,مقارنة
وضح الفرق بين التعليم التقليدي والتعليم الإلكتروني.,تحليل,التعليم,مقارنة
قارن بين تأثيرات الطاقة المتجددة وغير المتجددة على البيئة.,تحليل,البيئة والطاقة,مقارنة
قارن بين الاقتصاد التقليدي والاقتصاد الرقمي.,تحليل,الاقتصاد والعمل,مقارنة
فيم تختلف الزراعة العضوية عن الزراعة التقليدية؟,تحليل,البيئة والطاقة,مقارنة
قارن بين التعليم التقليدي والتعليم الإلكتروني من حيث التفاعل.,تحليل,التعليم,مقارنة
فيم يختلف التعليم التقليدي عن التعليم عبر الإنترنت؟,تحليل,التعليم,مقارنة
ميز بين التعليم النظامي والتعليم غير النظامي.,تحليل,التعليم,مقارنة
فيم يختلف الذكاء الاصطناعي عن التعلم الآلي؟,تحليل,التكنولوجيا,مقارنة
فيم تختلف الغابات المطيرة عن الغابات المعتدلة؟,تحليل,البيئة والطاقة,مقارنة
ميز بين الطاقة المتجددة والطاقة غير المتجددة.,تحليل,البيئة والطاقة,مقارنة
فيم يختلف التعليم عن بعد عن التعليم التقليدي؟,تحليل,التعليم,مقارنة
فيم يختلف التعليم المهني عن التعليم الأكاديمي؟,تحليل,التعليم,مقارنة
فيم يختلف الحمض النووي عن الحمض الريبي؟,تحليل,البيولوجيا,مقارنة
فيم تختلف النباتات عن الحيوانات؟,تحليل,البيولوجيا,مقارنة
فيم تختلف الزراعة العضوية عن الزراعة التقليدية؟,تحليل,البيئة والطاقة,مقارنة
ما هو الفرق بين المناخ والطقس؟,تحليل,البيئة والطاقة,مقارنة
فيم تختلف اللغات السامية عن اللغات الهندو-أوروبية؟,تحليل,الثقافة,مقارنة
فيم تختلف الديمقراطية عن الدكتاتورية؟,تحليل,السياسة والقانون,مقارنة
فيم تختلف الكائنات ذاتية التغذية عن الكائنات غير ذاتية التغذية؟,تحليل,البيولوجيا,مقارنة
فيم يختلف التعليم الإلكتروني عن التعليم التقليدي؟,تحليل,التعليم,مقارنة
فيم تختلف الغابات الاستوائية عن الغابات المعتدلة؟,تحليل,البيئة والطاقة,مقارنة
فيم تختلف النباتات المزهرة عن النباتات غير المزهرة؟,تحليل,البيولوجيا,مقارنة
فيم تختلف الثدييات عن الزواحف؟,تحليل,البيولوجيا,مقارنة
فيم تختلف السحب الركامية عن السحب الطبقية؟,تحليل,العلوم,مقارنة
فيم يختلف الاقتصاد الرأسمالي عن الاقتصاد الاشتراكي؟,تحليل,الاقتصاد والعمل,مقارنة
فيم تختلف الديانة المسيحية عن الديانة الإسلامية؟,تحليل,الدين,مقارنة
فيم تختلف البرمجة كائنية التوجه عن البرمجة الإجرائية؟,تحليل,التكنولوجيا,مقارنة
فيم تختلف الخلايا النباتية عن الخلايا الحيوانية؟,تحليل,البيولوجيا,مقارنة
فيم تختلف الكواكب الغازية عن الكواكب الصخرية؟,تحليل,العلوم,مقارنة
فيم يختلف النظام الاقتصادي الرأسمالي عن النظام الاشتراكي؟,تحليل,الاقتصاد والعمل,مقارنة
فيم تختلف الطاقة المتجددة عن الطاقة غير المتجددة؟,تحليل,البيئة والطاقة,مقارنة
فيم تختلف الحاسبات التناظرية عن الحاسبات الرقمية؟,تحليل,التكنولوجيا,مقارنة
فيم تختلف الخلايا الجذعية عن الخلايا المتخصصة؟,تحليل,البيولوجيا,مقارنة
فيم تختلف الأحماض عن القواعد في الكيمياء؟,تحليل,العلوم,مقارنة
فيم تختلف البيولوجيا الجزيئية عن علم الوراثة؟,تحليل,البيولوجيا,مقارنة
فيم تختلف الحيوانات العاشبة عن الحيوانات اللاحمة؟,تحليل,البيولوجيا,مقارنة
فيم تختلف الأنظمة الاقتصادية الرأسمالية عن الاشتراكية؟,تحليل,الاقتصاد والعمل,مقارنة
فيم تختلف الخلايا النباتية عن الخلايا الحيوانية؟,تحليل,البيولوجيا,مقارنة
فيم تختلف البروتينات عن الكربوهيدرات من حيث التركيب؟,تحليل,البيولوجيا,مقارنة
فيم تختلف الخلايا العصبية عن الخلايا العضلية؟,تحليل,البيولوجيا,مقارنة
فيم تختلف الخلايا البكتيرية عن الخلايا النباتية؟,تحليل,البيولوجيا,مقارنة
فيم تختلف الذرة عن الجزيء؟,تحليل,العلوم,مقارنة
فيم تختلف النباتات عن الفطريات من حيث التغذية؟,تحليل,البيولوجيا,مقارنة
فيم تختلف الحيوانات المائية عن البرية من حيث التنفس؟,تحليل,البيولوجيا,مقارنة
فيم تختلف الطاقة المتجددة عن الطاقة غير المتجددة؟,تحليل,البيئة والطاقة,مقارنة
فيم تختلف الكائنات الحية عن غير الحية؟,تحليل,البيولوجيا,مقارنة
فيم تختلف الحواس الخمس عند الإنسان عن الحيوانات؟,تحليل,البيولوجيا,مقارنة
فيم تختلف النباتات ذات البذور عن النباتات عديمة البذور؟,تحليل,البيولوجيا,مقارنة
ماذا حصل لمعدّل إزالة الغابات في منطقة الأمازون البرازيلية بين سنتي 2004 و2014؟,معرفة,الجغرافيا,معلوماتي
علل تفشي الأمراض المعدية في فصل الشتاء.,تحليل,الصحة,تفسير
لماذا سيصبح السفر عبر الزمن مشكلة إذا كان متاحًا للجميع؟,تحليل,العلوم,تفسير
لماذا نشعر بالغيرة في العلاقات العاطفية؟,تحليل,العلوم,تفسير
لماذا يشعر الإنسان بالخجل؟,تحليل,العلوم,تفسير
لماذا توجد الجبال وتحدث الزلازل والبراكين والتسونامي؟,تحليل,البيئة والطاقة,تفسير
لماذا تحدث الغيرة؟,تحليل,العلوم,تفسير
لماذا ظهرت الفلسفة الوجودية؟,فهم,الثقافة,تفسير
لماذا ظهر تنظيم داعش؟,تحليل,السياسة والقانون,تفسير
ماذا يحدث بعد الغوص الذي يقوم فيه الغواص بتخفيف الضغط بسرعة كبيرة؟,معرفة,العلوم,معلوماتي
ماذا حدث خلال اختبار المقابس خلال فترة التأخير لرائحة البدلة الفضائية؟,معرفة,العلوم,معلوماتي
ماذا يحدث عندما يكون الجهاز المناعي أقل نشاطًا من المعتاد؟,معرفة,الصحة,معلوماتي
ماذا يحدث عندما يتفاعل الحديد مع الأكسجين؟,تطبيق,العلوم,معلوماتي
ماذا تعرف عن تاريخ الأندلس في العصر الإسلامي؟,معرفة,التاريخ,معلوماتي
ماذا يحدث عندما يذوب الملح في الماء؟,معرفة,العلوم,معلوماتي
ماذا يحدث في عملية التمثيل الضوئي؟,معرفة,العلوم,معلوماتي
ماذا يحدث في تجربة فصل الضوء الأبيض؟,تحليل,العلوم,معلوماتي
ماذا يحدث عندما تحترق الورقة؟,تحليل,العلوم,معلوماتي
ماذا يحدث عند تجمد الماء؟,تحليل,العلوم,معلوماتي
ماذا يحدث في عملية التنفس؟,تحليل,العلوم,معلوماتي
ماذا يحدث عند تسخين الحديد؟,تحليل,العلوم,معلوماتي
ما هو الهدف من اتفاقية التجارة الحرة لأمريكا الشمالية؟,معرفة,الاقتصاد والعمل,معلوماتي
ما هو الغرض من اتفاقية التجارة الحرة لأمريكا الشمالية؟,معرفة,الاقتصاد والعمل,معلوماتي
ما هو هدف إعجاز القرآن وفقًا للمعتقد الإسلامي؟,معرفة,الدين,معلوماتي
ما هي غاية الإعجاز في القرآن وفقًا للاعتقاد الإسلامي؟,معرفة,الدين,معلوماتي
